title,genres,release_date,rating,popularity
The Mentalist,"Crime, Drama, Mystery",2008-09-23,8.4,376.412
Law & Order: Special Victims Unit,"Crime, Drama, Mystery",1999-09-20,7.959,255.6058
The Rookie,"Crime, Drama, Comedy",2018-10-16,8.537,237.566
The Gentlemen,"Comedy, Drama, Crime",2024-03-07,7.842,223.9661
House,Drama,2004-11-16,8.563,205.1912
The Good Doctor,Drama,2017-09-25,8.453,191.4998
Sesame Street,"Kids, Comedy",1969-11-10,7.132,155.1938
Shameless,"Drama, Comedy",2011-01-09,8.164,160.1405
Breaking Bad,"Drama, Crime",2008-01-20,8.95,182.4655
Teen Titans Go!,"Animation, Action & Adventure, Comedy, Family, Sci-Fi & Fantasy",2013-04-23,6.415,150.0913
The Office,Comedy,2005-03-24,8.581,156.0675
Good Mythical Morning,Comedy,2012-01-09,6.926,119.9644
Spartacus,Drama,2010-01-22,8.028,115.5388
Rick and Morty,"Animation, Comedy, Sci-Fi & Fantasy, Action & Adventure",2013-12-02,8.68,161.8961
Friends,Comedy,1994-09-22,8.409,137.3871
Raw,Reality,1993-01-11,6.8,120.1821
Dexter,"Crime, Drama, Mystery",2006-10-01,8.241,132.1422
Smallville,"Sci-Fi & Fantasy, Action & Adventure, Drama",2001-10-16,8.186,123.2382
Mushoku Tensei: Jobless Reincarnation,"Action & Adventure, Animation, Sci-Fi & Fantasy",2021-01-11,8.409,135.0974
Bleach,"Action & Adventure, Animation, Sci-Fi & Fantasy",2004-10-05,8.3,114.3984
The Early Spring,Drama,2026-08-26,8.375,130.3641
Fauda,"Drama, Action & Adventure, War & Politics",2015-02-15,7.4,134.9221
S.W.A.T.,"Crime, Action & Adventure, Drama",2017-11-02,8.032,115.8515
Hawaii Five-0,"Crime, Drama, Action & Adventure",2010-09-20,7.733,111.0292
The Blacklist,"Drama, Crime, Mystery",2013-09-23,7.632,113.6539
Yellowstone,"Western, Drama",2018-06-20,8.269,111.0623
SEAL Team,"Action & Adventure, Drama, War & Politics",2017-09-27,8.031,114.295
Miraculous: Tales of Ladybug & Cat Noir,"Action & Adventure, Animation, Kids",2015-10-19,8.1,105.7843
The Walking Dead,"Action & Adventure, Drama, Sci-Fi & Fantasy",2010-10-31,8.081,105.2143
Vikings,"Action & Adventure, Drama, War & Politics",2013-03-03,8.101,120.4487
Trust Me: The False Prophet,"Documentary, Crime",2026-04-08,7.485,115.3788
Chicago P.D.,"Crime, Drama",2014-01-08,8.422,107.211
The Vampire Diaries,"Drama, Sci-Fi & Fantasy",2009-09-10,8.299,98.9363
Outer Banks,"Action & Adventure, Mystery",2020-04-15,8.237,93.0076
PAW Patrol,"Animation, Kids",2013-08-12,6.969,100.1757
Stranger Things,"Action & Adventure, Mystery, Sci-Fi & Fantasy",2016-07-15,8.552,104.0015
Suits,Drama,2011-06-23,8.222,94.8161
Outlander,"Drama, Sci-Fi & Fantasy",2014-08-09,8.201,92.7778
Detective Conan,"Animation, Crime, Mystery, Comedy",1996-01-08,8.008,104.1587
WWE NXT,"Action & Adventure, Drama, Reality",2010-02-23,6.7,89.9308
Young Sheldon,"Comedy, Family, Drama",2017-09-25,8.024,86.4127
Beauty in Black,Drama,2024-10-24,8.363,87.0667
Gilmore Girls,"Comedy, Drama",2000-10-05,7.883,86.657
One Tree Hill,Drama,2003-09-23,7.808,85.2252
Re:ZERO -Starting Life in Another World-,"Animation, Mystery, Action & Adventure, Sci-Fi & Fantasy",2016-04-04,8.106,83.0665
Person of Interest,"Action & Adventure, Crime, Sci-Fi & Fantasy",2011-09-22,8.096,80.8686
Naruto Shippūden,"Animation, Action & Adventure, Sci-Fi & Fantasy",2007-02-15,8.5,85.8823
WWE Friday Night SmackDown,Reality,1999-04-29,7.4,71.5215
Hunter x Hunter,"Animation, Action & Adventure, Sci-Fi & Fantasy",2011-10-02,8.657,74.0547
Peaky Blinders,"Drama, Crime",2013-09-12,8.526,80.1542
Ranma1/2,"Animation, Action & Adventure, Comedy",2024-10-06,8.093,78.5867
Peppa Pig,"Animation, Kids",2004-05-31,6.521,74.5564
Better Call Saul,"Crime, Drama",2015-02-08,8.71,71.1882
Lucifer,"Crime, Sci-Fi & Fantasy",2016-01-25,8.429,74.5882
Riverdale,"Crime, Drama, Mystery",2017-01-26,8.399,76.9037
The Chosen,"Action & Adventure, Family, Drama",2019-04-21,8.792,70.2659
The Night Agent,"Action & Adventure, Drama, Mystery",2023-03-23,7.696,59.614
JUJUTSU KAISEN,"Animation, Sci-Fi & Fantasy, Action & Adventure",2020-10-03,8.579,66.9575
Ninjago: Masters of Spinjitzu,"Animation, Action & Adventure, Sci-Fi & Fantasy, Comedy, Family",2012-01-11,7.967,66.853
Dragon Ball Z,"Animation, Sci-Fi & Fantasy, Action & Adventure",1989-04-26,8.378,72.4781
The Apothecary Diaries,"Animation, Drama, Mystery",2023-10-22,8.626,61.8162
Seinfeld,Comedy,1989-07-05,8.252,65.7674
WWE Superstars,"Action & Adventure, Drama, Reality",2009-04-16,7.3,60.7584
Gossip Girl,Drama,2007-09-19,8.135,61.4497
JoJo's Bizarre Adventure,"Animation, Action & Adventure, Sci-Fi & Fantasy",2012-10-06,8.553,61.4962
Drifting Dragons,"Animation, Action & Adventure, Sci-Fi & Fantasy",2020-01-09,7.186,38.6386
Neon Genesis Evangelion,"Sci-Fi & Fantasy, Animation, Drama",1995-10-04,8.6,61.6873
You,"Mystery, Crime, Drama",2018-09-09,8.003,60.8502
The Sandman,"Sci-Fi & Fantasy, Drama, Action & Adventure",2022-08-05,7.849,57.7845
Frieren: Beyond Journey's End,"Animation, Action & Adventure, Drama, Sci-Fi & Fantasy",2023-09-29,8.798,63.815
The Middle,Comedy,2009-09-30,7.559,69.8214
Heroes,"Sci-Fi & Fantasy, Drama",2006-09-25,7.442,54.4122
Heartland,"Family, Drama, Comedy",2007-10-14,8.241,59.7273
Avatar: The Last Airbender,"Action & Adventure, Sci-Fi & Fantasy, Drama, Family",2024-02-22,7.772,59.43
ER,Drama,1994-09-19,7.814,52.8194
Black Mirror,"Sci-Fi & Fantasy, Drama, Mystery",2011-12-04,8.288,57.3289
Wednesday,"Sci-Fi & Fantasy, Mystery, Comedy",2022-11-23,8.331,56.3871
BoJack Horseman,"Animation, Comedy, Drama",2014-08-22,8.529,47.3703
SPY x FAMILY,"Animation, Action & Adventure, Comedy",2022-04-09,8.5,50.3142
My Little Pony: Friendship Is Magic,"Animation, Comedy, Sci-Fi & Fantasy, Kids",2010-10-10,8.178,51.4344
LEGO Ninjago: Dragons Rising,"Animation, Kids, Action & Adventure",2023-06-01,8.0,53.061
Naruto,"Animation, Action & Adventure, Sci-Fi & Fantasy",2002-10-03,8.362,49.9561
C.I.D.,"Action & Adventure, Crime, Drama, Mystery",1998-01-21,5.7,45.1759
Bridgerton,Drama,2020-12-25,8.05,53.7401
Arcane,"Animation, Action & Adventure, Sci-Fi & Fantasy",2021-11-06,8.747,51.1194
Brooklyn Nine-Nine,"Comedy, Crime",2013-09-17,8.211,49.0907
The Last Kingdom,"Action & Adventure, Drama, War & Politics",2015-10-10,8.256,47.9629
Community,Comedy,2009-09-17,7.996,45.7074
Animal Kingdom,"Crime, Drama",2016-06-14,7.774,47.8069
Orange Is the New Black,"Drama, Comedy, Crime",2013-07-11,7.648,55.0979
Sex Education,"Comedy, Drama",2019-01-11,8.193,52.2147
The Crown,Drama,2016-11-04,8.183,46.7992
Elite,"Crime, Mystery, Drama",2018-10-05,8.002,48.3072
The Witcher,"Sci-Fi & Fantasy, Drama, Action & Adventure",2019-12-20,7.891,47.9295
Emily in Paris,"Drama, Comedy",2020-10-02,7.545,44.2751
Our Sticky Love,"Drama, Comedy",2026-08-07,8.703,48.7596
Cobra Kai,"Action & Adventure, Drama, Comedy",2018-05-02,8.195,44.8698
Squid Game,"Action & Adventure, Mystery, Drama",2021-09-17,7.854,41.5057
The Big Bang Theory,Comedy,2007-09-24,7.926,46.6362
The Fragrant Flower Blooms with Dignity,"Animation, Drama",2025-07-06,8.67,38.727
Everwood,"Drama, Family",2002-09-16,7.603,43.7261
The King of Queens,Comedy,1998-09-21,7.142,42.4082
Teach You a Lesson,"Action & Adventure, Drama, Comedy",2026-06-05,9.4,45.9237
The Amazing World of Gumball,"Animation, Family, Sci-Fi & Fantasy, Comedy",2011-05-03,8.5,43.661
Overlord,"Animation, Sci-Fi & Fantasy, Action & Adventure",2015-07-07,8.444,37.1333
Monster,"Animation, Drama, Mystery, Crime",2004-04-07,8.5,37.5708
Welcome to Demon School! Iruma-kun,"Animation, Comedy, Sci-Fi & Fantasy",2019-10-05,8.3,40.748
The Tudors,"Drama, ",2007-04-01,7.82,47.1621
Snowpiercer,"Sci-Fi & Fantasy, Drama",2020-05-17,7.345,41.3772
The Lincoln Lawyer,"Drama, Crime",2022-05-13,7.719,42.3311
Mousetrap,"Crime, Drama, Mystery",2026-08-28,8.143,38.468
My Life with the Walter Boys,Drama,2023-12-07,7.815,34.9766
Weak Hero,"Action & Adventure, Drama",2022-11-18,8.685,41.8008
Falling Skies,"Action & Adventure, Sci-Fi & Fantasy, Drama",2011-06-19,7.124,38.1787
That Time I Got Reincarnated as a Slime,"Action & Adventure, Animation, Sci-Fi & Fantasy, Comedy",2018-10-02,8.415,42.1375
Dark,"Crime, Drama, Sci-Fi & Fantasy, Mystery",2017-12-01,8.427,36.3231
Archer,"Comedy, Action & Adventure, Animation",2009-09-17,7.929,35.8868
House of Cards,Drama,2013-02-01,8.005,36.8188
NANA,"Animation, Drama",2006-04-05,8.5,32.3219
Alice in Borderland,"Mystery, Drama, Action & Adventure",2020-12-10,8.09,35.6725
Beat Bobby Flay,Reality,2013-08-24,6.383,30.703
Manifest,"Sci-Fi & Fantasy, Mystery, Drama",2018-09-24,7.61,35.0978
Weeds,"Comedy, Crime, Drama",2005-08-07,7.479,34.0632
Rescue Me,Drama,2004-07-21,7.541,33.151
Masha and the Bear,"Animation, Family, Kids, Comedy",2009-01-07,6.8,33.2778
The Cleaning Lady,"Crime, Drama",2022-01-03,7.438,36.0261
Death Note,"Animation, Mystery, Sci-Fi & Fantasy",2006-10-04,8.618,35.8783
Agent Kim Reactivated,"Action & Adventure, Crime, Drama",2026-06-26,8.465,34.9001
DAHMER - Monster: The Jeffrey Dahmer Story,"Crime, Drama",2022-09-21,7.955,41.413
Lovesick,Drama,2026-09-02,7.667,34.1901
Chainsmoker Cat,"Animation, Comedy, Sci-Fi & Fantasy",2026-07-03,8.508,38.4659
India's Got Latent,"Reality, Comedy",2024-06-14,8.7,34.9157
Classroom of the Elite,"Animation, Drama, Mystery",2017-07-12,8.423,32.9657
Tokyo Ghoul,"Animation, Drama, Sci-Fi & Fantasy",2014-07-04,8.257,34.8395
Dr. Romantic,Drama,2016-11-07,8.11,34.3012
30 Rock,Comedy,2006-10-11,7.495,52.0065
Haikyu!!,"Animation, Comedy, Drama",2014-04-06,8.614,32.013
Bloodhounds,"Drama, Action & Adventure, Crime",2023-06-09,8.509,35.887
Superstore,Comedy,2015-11-30,7.535,35.9163
I Will Find You,"Drama, Mystery, Crime",2026-06-18,8.197,34.1815
Titans,"Drama, Action & Adventure, Sci-Fi & Fantasy",2018-10-12,7.852,33.6691
LEGO DREAMZzz,"Animation, Sci-Fi & Fantasy, Action & Adventure, Kids",2023-05-15,7.8,31.2409
Money Heist,"Crime, Drama",2017-05-02,8.231,33.4437
Grace and Frankie,"Comedy, Drama",2015-05-08,7.728,28.8047
New Amsterdam,Drama,2018-09-25,8.297,33.303
Yu-Gi-Oh! Duel Monsters,"Animation, Action & Adventure",2000-04-18,8.249,30.5077
When Life Gives You Tangerines,Drama,2025-03-07,8.794,28.5566
The Dark Crystal: Age of Resistance,"Sci-Fi & Fantasy, Action & Adventure, Family",2019-08-30,7.831,26.9973
Mob Psycho 100,"Animation, Action & Adventure, Comedy, Sci-Fi & Fantasy",2016-07-12,8.491,30.2268
Parenthood,Drama,2010-03-02,7.465,30.6443
Beyblade X,"Animation, Action & Adventure, Comedy, Sci-Fi & Fantasy, Kids",2023-10-06,7.1,29.5269
13 Reasons Why,"Drama, Mystery",2017-03-31,7.528,27.7094
Narcos,"Crime, Drama",2015-08-28,8.08,31.092
Blood of Zeus,"Animation, Action & Adventure, Sci-Fi & Fantasy",2020-10-27,7.77,28.3871
Delicious in Dungeon,"Animation, Comedy, Action & Adventure, Sci-Fi & Fantasy",2024-01-04,8.4,29.9801
Smoking Behind the Supermarket with You,"Animation, Comedy",2026-07-09,9.0,33.1284
"Four Hands, Two Sonatas",Drama,2026-08-29,9.6,29.7384
Dragons: Race to the Edge,"Family, Animation, Action & Adventure, Sci-Fi & Fantasy",2015-06-26,8.362,27.3229
One-Punch Man,"Animation, Comedy, Action & Adventure, Sci-Fi & Fantasy",2015-10-05,8.365,28.2953
My Demon,"Drama, Comedy",2023-11-24,8.458,31.4998
Murderville,"Comedy, Crime, Mystery",2022-02-03,6.35,33.3343
Grizzy & the Lemmings,"Kids, Animation, Comedy, Family",2016-12-31,7.412,26.9502
BEASTARS,"Animation, Drama, Mystery, Crime",2019-10-10,8.405,26.2811
Scooby-Doo! Mystery Incorporated,"Animation, Mystery, Family, Sci-Fi & Fantasy",2010-07-12,8.232,28.2711
Never Have I Ever,"Comedy, Drama",2020-04-27,8.044,26.9248
Lupin,"Crime, Drama, Mystery",2021-01-08,7.683,28.8927
Dr.STOЯKS,Drama,2015-10-16,7.333,25.9111
Cyberpunk: Edgerunners,"Animation, Action & Adventure, Sci-Fi & Fantasy, Crime",2022-09-13,8.479,28.6551
Daemons of the Shadow Realm,"Animation, Action & Adventure, Sci-Fi & Fantasy",2026-04-04,8.5,28.4573
Dynasty,"Drama, Soap",2017-10-11,8.055,24.2621
The Umbrella Academy,"Action & Adventure, Sci-Fi & Fantasy, Drama",2019-02-15,8.456,27.2039
Shaun the Sheep,"Kids, Animation, Family, Comedy",2007-03-05,7.657,26.6282
Absentia,"Crime, Drama, Mystery",2017-09-25,7.255,25.1376
Yu Yu Hakusho,"Animation, Action & Adventure, Sci-Fi & Fantasy",1992-10-10,8.47,26.9914
Batwheels,"Kids, Animation, Comedy",2022-10-15,7.0,26.8532
Narcos: Mexico,"Drama, Crime",2018-11-16,7.919,28.1431
"Love, Death & Robots","Animation, Sci-Fi & Fantasy",2019-03-15,8.206,26.7605
Ozark,"Crime, Drama",2017-07-21,8.196,27.2879
True Beauty,"Comedy, Drama",2020-12-09,8.28,28.4505
The Sinner,"Crime, Drama",2017-08-02,7.46,26.6052
Power Rangers,"Action & Adventure, Sci-Fi & Fantasy, Kids",1993-08-28,7.091,24.7647
One Hundred Years of Solitude,"Drama, Sci-Fi & Fantasy",2024-12-11,8.057,26.3269
Big Mouth,"Comedy, Animation",2017-09-29,7.606,27.1139
Fighting Spirit,"Animation, Comedy, Drama, Action & Adventure",2000-10-03,8.669,25.7323
Though I Am an Inept Villainess,"Animation, Drama, Sci-Fi & Fantasy",2026-07-12,8.4,26.2671
Blue Box,"Animation, Drama",2024-10-03,7.9,24.1577
Pursuit of Jade,"Drama, Action & Adventure, War & Politics",2026-03-06,8.1,27.063
Vikings: Valhalla,"Action & Adventure, Drama, War & Politics",2022-02-25,7.614,24.1238
My Dress-Up Darling,"Animation, Comedy, Drama",2022-01-09,8.431,25.7049
Stranger Things: Tales from '85,"Animation, Sci-Fi & Fantasy, Mystery, Action & Adventure",2026-04-23,7.6,25.805
Designated Survivor,"Drama, War & Politics",2016-09-21,7.162,25.7471
The Good Place,"Sci-Fi & Fantasy, Comedy",2016-09-19,7.977,24.511
MINDHUNTER,"Drama, Crime",2017-10-13,8.139,26.7952
ONE PIECE,"Action & Adventure, Sci-Fi & Fantasy",2023-08-31,8.113,27.7945
Sneaky Pete,"Drama, Crime",2015-08-07,7.499,25.6681
Victorious,"Comedy, Kids",2010-03-27,8.221,24.7442
Oggy Oggy,"Animation, Kids, Comedy",2021-08-24,6.0,23.9605
Hell's Paradise,"Animation, Action & Adventure, Sci-Fi & Fantasy",2023-04-01,8.215,24.3291
Sparks of Tomorrow,"Animation, Drama, Sci-Fi & Fantasy",2026-07-05,7.8,25.0078
【OSHI NO KO】,"Animation, Drama",2023-04-12,8.293,25.6035
Iron Chef,Reality,1993-10-10,7.26,25.3181
The Bad Guys: The Series,"Animation, Crime, Comedy, Family",2025-11-06,6.925,21.3374
"XO, Kitty","Comedy, Drama",2023-05-18,8.1,25.2323
Resident Alien,Sci-Fi & Fantasy,2021-01-27,7.788,24.6882
Tomb Raider: The Legend of Lara Croft,"Action & Adventure, Animation",2024-10-10,6.441,25.9778
Disenchantment,"Animation, Comedy, Action & Adventure, Sci-Fi & Fantasy",2018-08-17,7.402,21.6935
Zig and Sharko,"Family, Comedy, Animation",2010-12-21,0.0,22.131
Fairy Tail,"Animation, Action & Adventure, Comedy, Sci-Fi & Fantasy",2009-10-12,7.906,23.5039
Graveyard,"Crime, Drama, Mystery",2022-06-17,7.35,23.7243
Scissor Seven,"Animation, Comedy, Action & Adventure, Sci-Fi & Fantasy",2018-04-25,8.597,22.4942
All of Us Are Dead,"Action & Adventure, Drama, Sci-Fi & Fantasy",2022-01-28,8.3,23.8512
Chainsaw Man,"Animation, Action & Adventure, Sci-Fi & Fantasy, Comedy",2022-10-12,8.515,23.4313
Aoashi,Animation,2022-04-09,7.8,22.6033
Taxi Driver,"Action & Adventure, Crime, Drama",2021-04-09,8.178,25.2607
From Me to You: Kimi ni Todoke,"Animation, Drama",2009-10-07,8.366,21.3144
A Different World,"Comedy, Family",1987-09-24,7.156,21.5092
Alchemy of Souls,"Drama, Sci-Fi & Fantasy, Action & Adventure, Mystery",2022-06-18,8.6,28.7698
Monster: The Ed Gein Story,"Crime, Drama",2025-10-03,7.242,24.608
Numberblocks,"Kids, Animation, Family",2017-01-23,8.3,22.5739
Last Samurai Standing,"Action & Adventure, Drama",2025-11-13,0.0,24.1052
Anne with an E,"Drama, Family",2017-03-19,8.649,23.2821
PJ Masks,"Animation, Kids, Family, Sci-Fi & Fantasy, Action & Adventure",2015-09-18,6.423,23.5674
Gabby's Dollhouse,"Kids, Comedy, Animation, Sci-Fi & Fantasy",2021-01-05,7.9,24.0566
Younger,"Drama, Comedy",2015-03-31,6.857,22.3496
Alias Grace,"Crime, Drama",2017-09-25,7.198,16.3606
Bungo Stray Dogs,"Animation, Action & Adventure, Mystery, Sci-Fi & Fantasy",2016-04-07,8.249,21.6234
Cowboy Bebop,"Animation, Action & Adventure, Sci-Fi & Fantasy, Western",1998-04-03,8.482,21.9405
Van Helsing,"Mystery, Sci-Fi & Fantasy, Action & Adventure",2016-09-23,7.048,20.5211
The Polygamist,"Drama, Soap",2026-06-12,8.867,23.5724
The Ramparts of Ice,"Animation, Drama",2026-04-02,8.6,21.7291
Pablo Escobar: The Drug Lord,"Crime, Drama",2012-05-28,7.651,21.4909
Nightmares of Nature,Documentary,2025-09-30,8.0,56.832
Shine on Me,Drama,2025-12-22,8.4,21.2999
BEEF,"Comedy, Drama",2023-04-06,7.751,21.7189
Sonic Prime,"Animation, Action & Adventure, Sci-Fi & Fantasy, Kids",2022-12-15,8.274,21.4026
Ahiru no Sora,"Animation, Drama",2019-10-01,8.434,19.4829
Dan Da Dan,"Animation, Action & Adventure, Comedy, Sci-Fi & Fantasy",2024-10-04,8.5,25.8612
Ginny & Georgia,"Comedy, Drama",2021-02-24,8.014,19.9813
Chucky,"Crime, Comedy, Mystery",2021-10-12,7.811,21.8134
The Smurfs,"Animation, Comedy, Family, Kids",2021-04-18,7.1,19.1328
Unbreakable Kimmy Schmidt,Comedy,2015-03-06,7.109,19.5027
My Royal Nemesis,"Drama, Comedy, Sci-Fi & Fantasy",2026-05-08,8.9,21.1687
The Frog,"Mystery, Crime, Drama",2024-08-23,7.3,14.4966
EDENS ZERO,"Animation, Comedy, Action & Adventure, Sci-Fi & Fantasy",2021-04-11,7.664,20.3918
Dragon Ball DAIMA,"Animation, Action & Adventure, Comedy, Sci-Fi & Fantasy",2024-10-11,8.175,20.7423
Sweet Home,"Sci-Fi & Fantasy, Action & Adventure",2020-12-18,8.2,21.3344
Queen of Tears,"Drama, Comedy",2024-03-09,8.387,20.1178
Perfect Match,Drama,2025-01-25,8.1,20.6395
Chilling Adventures of Sabrina,"Mystery, Sci-Fi & Fantasy, Drama",2018-10-26,8.163,19.857
Killing Eve,"Crime, Drama",2018-04-08,7.898,19.3055
The Naked Director,"Comedy, Drama",2019-08-08,7.3,22.1664
Burn the House Down,"Drama, Mystery",2023-07-13,7.163,21.5891
StartUp,"Crime, Drama",2016-09-06,7.171,19.7011
Castlevania,"Animation, Sci-Fi & Fantasy, Drama",2017-07-07,8.272,19.7063
Rhythm + Flow France,Reality,2022-06-09,7.175,19.7556
My Happy Marriage,"Animation, Drama, Sci-Fi & Fantasy",2023-07-05,8.272,18.5103
El Chapo,"Drama, Crime",2017-04-23,7.538,21.4389
Akane-banashi,"Animation, Drama",2026-04-04,7.981,18.0099
The Uncanny Counter,"Drama, Mystery, Action & Adventure",2020-11-28,8.345,19.0288
Formula 1: Drive to Survive,Documentary,2019-03-08,8.163,23.3922
Supersex,Drama,2024-03-06,6.708,21.7664
Jurassic World: Chaos Theory,"Animation, Action & Adventure, Sci-Fi & Fantasy, Kids, Family",2024-05-24,8.333,18.1663
H2O: Just Add Water,"Drama, Family, Sci-Fi & Fantasy",2006-07-07,7.794,19.7348
Blood Sacrifice,"Drama, Crime, Mystery",2026-08-20,6.592,18.9355
Virgin River,Drama,2019-12-06,7.949,18.5488
The WONDERfools,"Action & Adventure, Comedy, Sci-Fi & Fantasy, Drama",2026-05-15,8.857,19.6676
La Brea,"Sci-Fi & Fantasy, Drama, Action & Adventure",2021-09-28,7.425,18.8128
The Summer Hikaru Died,"Animation, Drama, Mystery, Sci-Fi & Fantasy",2025-07-06,8.198,26.786
Call of the Night,"Animation, Comedy, Sci-Fi & Fantasy",2022-07-08,7.7,19.1583
Mr. Mercedes,"Mystery, Sci-Fi & Fantasy, Drama",2017-08-09,7.151,19.809
Badly in Love,Reality,2025-12-09,7.7,19.0374
Fast & Furious Spy Racers,"Animation, Action & Adventure, Kids, Family",2019-12-26,7.0,15.958
Doctor-X: Surgeon Michiko Daimon,"Drama, Mystery",2012-10-18,7.5,17.6518
Kuroko's Basketball,"Animation, Comedy, Drama",2012-04-08,8.412,19.14
Falling Into Your Smile,"Comedy, Drama",2021-06-23,7.907,15.6189
Too Hot to Handle,Reality,2020-04-17,6.562,18.7326
Sullivan's Crossing,Drama,2023-03-19,8.101,18.1509
Alvinnn!!! and The Chipmunks,"Animation, Comedy, Family, Kids",2015-08-03,7.291,22.2913
Transformers: BotBots,"Kids, Animation",2022-03-25,5.1,12.3704
Tougen Anki,"Animation, Mystery, Action & Adventure",2025-07-11,7.547,18.0467
Sex/Life,Drama,2021-06-25,7.058,19.6798
The OA,"Sci-Fi & Fantasy, Mystery, Drama",2016-12-16,7.538,16.8389
Spirit: Riding Free,"Animation, Action & Adventure, Family, Western",2017-09-09,7.589,14.1887
Molang,"Animation, Family",2015-11-02,6.2,15.8015
Berlin and the Lady with an Ermine,"Drama, Crime, Action & Adventure",2026-05-15,8.077,18.7097
The Diplomat,"Drama, War & Politics",2023-04-20,7.603,17.7088
The First Frost,Drama,2025-02-18,8.417,18.9615
My Hero Academia,"Action & Adventure, Animation, Sci-Fi & Fantasy",2016-04-03,8.603,17.7547
North of North,Comedy,2025-01-07,6.892,18.1113
Catch! Teenieping,"Animation, Kids",2020-03-19,7.0,18.0732
Inventing Anna,Drama,2022-02-11,6.842,17.9812
The Four Seasons,Comedy,2025-05-01,6.851,17.774
UNTAMED,"Mystery, Drama",2025-07-17,7.196,19.7064
Guardian: The Lonely and Great God,"Drama, Sci-Fi & Fantasy, Comedy",2016-12-02,8.615,22.3325
Kung Fu Panda: The Dragon Knight,"Animation, Action & Adventure, Comedy, Kids, Sci-Fi & Fantasy",2022-07-14,7.48,18.6584
The Glory,"Drama, Crime",2022-12-30,8.5,17.4625
HIS & HERS,"Drama, Crime, Mystery",2026-01-08,7.322,18.432
Shadow and Bone,"Drama, Sci-Fi & Fantasy",2021-04-23,7.745,17.9949
House of Ninjas,"Drama, Action & Adventure",2024-02-15,7.246,17.9607
DANG!,"Animation, Comedy",2026-09-08,8.25,22.8839
Black Doves,"Action & Adventure, Mystery, Crime",2024-12-05,7.065,18.8071
Lost in Space,"Sci-Fi & Fantasy, Action & Adventure, Drama",2018-04-13,7.496,17.3453
Travelers,"Drama, Sci-Fi & Fantasy",2016-10-17,7.6,17.3491
Tires,Comedy,2024-05-23,6.864,17.7699
Locke & Key,"Sci-Fi & Fantasy, Drama, Mystery",2020-02-07,7.738,20.9388
The Amazing Digital Circus,"Animation, Comedy, Drama, Sci-Fi & Fantasy",2023-10-13,8.652,18.7149
Locked Up,"Drama, Crime",2015-04-20,8.016,18.6978
Simon,"Animation, Kids, Family, Comedy",2016-12-17,8.25,16.8383
Wakfu,"Animation, Action & Adventure, Drama, Sci-Fi & Fantasy, Comedy",2008-10-30,8.327,16.6061
Gokusen,"Drama, Comedy",2002-04-17,8.027,23.531
Single's Inferno,"Reality, Comedy, Talk",2021-12-18,7.6,19.8308
Talking Tom and Friends,"Animation, Comedy, Kids",2014-12-23,6.833,15.6707
Boruto: Naruto Next Generations,"Animation, Action & Adventure, Comedy",2017-04-05,7.8,16.4197
Kaiji,"Animation, Drama, Crime",2007-10-03,8.088,17.1331
My Hero Academia: Vigilantes,"Animation, Action & Adventure, Drama, Sci-Fi & Fantasy",2025-04-07,7.716,17.084
Komi Can't Communicate,"Animation, Comedy, Drama",2021-10-07,8.3,16.8785
3 Body Problem,"Sci-Fi & Fantasy, Mystery, Drama",2024-03-21,7.492,18.3133
After Life,"Comedy, Drama",2019-03-08,7.89,16.0393
SAKAMOTO DAYS,"Animation, Comedy, Action & Adventure",2025-01-11,8.06,17.0162
Spooky in Love,"Comedy, Sci-Fi & Fantasy, Drama",2026-07-18,8.7,18.8716
Fruits Basket,"Animation, Drama, Sci-Fi & Fantasy",2019-04-06,8.006,16.4318
Southland,Drama,2009-04-09,7.907,16.9295
Jurassic World Camp Cretaceous,"Animation, Kids, Action & Adventure, Family",2020-09-18,8.016,16.3274
Trollhunters: Tales of Arcadia,"Family, Animation, Action & Adventure, Comedy, Sci-Fi & Fantasy",2016-12-23,8.453,16.9672
The Queen's Gambit,Drama,2020-10-23,8.424,18.1216
S&X,Drama,2026-08-20,7.833,18.0091
"BASTARD‼ -Heavy Metal, Dark Fantasy-","Animation, Action & Adventure, Sci-Fi & Fantasy",2022-06-30,7.483,16.0644
Cells at Work!,"Animation, Action & Adventure, Comedy",2018-07-08,8.05,15.6333
Love Is Blind,Reality,2020-02-13,6.261,16.175
A Series of Unfortunate Events,"Action & Adventure, Family, Comedy, Mystery",2017-01-13,7.412,16.2439
Altered Carbon,"Sci-Fi & Fantasy, Drama",2018-02-02,7.635,17.2077
Sweet Magnolias,Drama,2020-05-19,7.766,14.5167
The Ranch,"Comedy, Family, Western",2016-04-01,7.371,14.7991
The Recruit,"Drama, Crime, Action & Adventure",2022-12-16,7.468,17.3808
Chelsea,"Talk, Comedy",2016-05-11,5.131,15.3155
Octonauts: Above & Beyond,"Animation, Kids, Family",2021-09-07,8.294,15.2483
When the Camellia Blooms,"Drama, Comedy",2019-09-18,8.132,16.8486
Fatal Seduction,"Crime, Mystery, Drama",2023-07-07,6.56,18.5846
Haunted Hotel,"Animation, Comedy",2025-09-19,8.123,18.8232
Made in Abyss,"Animation, Drama, Action & Adventure, Sci-Fi & Fantasy",2017-07-07,8.337,16.7553
Marco Polo,"Action & Adventure, Drama",2014-12-12,7.357,19.2476
"Tis Time for ""Torture,"" Princess","Animation, Comedy, Sci-Fi & Fantasy",2024-01-09,6.706,21.8726
Nemesis,"Action & Adventure, Drama, Crime",2026-05-14,7.7,18.4863
Dr. STONE,"Animation, Action & Adventure, Comedy, Sci-Fi & Fantasy",2019-07-05,8.538,17.4351
Trailer Park Boys,Comedy,2001-04-22,7.743,15.3813
Hospital Playlist,"Drama, Comedy",2020-03-12,8.587,17.0518
The Cartel,"Action & Adventure, Drama",2008-06-04,7.569,16.1346
Yowamushi Pedal,"Comedy, Animation, Drama",2013-10-07,7.2,17.0314
Devil May Cry,"Animation, Action & Adventure, Sci-Fi & Fantasy",2025-04-03,8.219,17.3539
Chesapeake Shores,Drama,2016-08-14,7.813,15.0765
The Seven Deadly Sins: Four Knights of the Apocalypse,"Animation, Action & Adventure, Sci-Fi & Fantasy",2023-10-08,8.1,15.3871
The Chestnut Man,"Drama, Crime, Mystery",2021-09-29,7.494,16.7959
Fuller House,"Family, Comedy",2016-02-26,7.376,14.6715
I Was Reincarnated as the 7th Prince so I Can Take My Time Perfecting My Magical Ability,"Animation, Sci-Fi & Fantasy",2024-04-02,7.7,16.4851
Berserk,"Action & Adventure, Sci-Fi & Fantasy, Animation",1997-10-08,8.505,16.159
The Dragon Prince,"Animation, Action & Adventure, Sci-Fi & Fantasy, Family",2018-09-14,8.205,14.698
Amend: The Fight for America,"Documentary, War & Politics",2021-02-17,7.1,17.7309
Sweet Tooth,"Drama, Sci-Fi & Fantasy",2021-06-04,7.733,15.5372
Spice and Wolf: MERCHANT MEETS THE WISE WOLF,"Animation, Sci-Fi & Fantasy, Drama, Action & Adventure",2024-04-02,8.008,15.3615
The Hunting Wives,"Drama, Mystery",2025-07-21,6.932,17.1356
Rhythm + Flow Italy,Reality,2024-02-19,7.237,17.1138
A Man on the Inside,"Comedy, Crime",2024-11-21,7.414,16.0485
Assassination Classroom,"Animation, Comedy, Action & Adventure, Sci-Fi & Fantasy",2015-01-10,8.385,15.6894
Heartbreak High,Drama,1994-02-27,6.872,15.0409
A Good Girl's Guide to Murder,"Drama, Crime, Mystery",2024-07-10,7.462,14.2423
Love in the Clouds,"Drama, Sci-Fi & Fantasy, Comedy",2025-10-08,9.0,16.6392
Borgen,Drama,2010-09-26,8.057,16.049
My Lottery Dream Home,Reality,2015-03-07,6.4,14.5627
The Penthouse,"Drama, Mystery",2020-10-26,8.3,16.0592
Demon Slayer: Kimetsu no Yaiba,"Animation, Action & Adventure, Sci-Fi & Fantasy",2019-04-06,8.637,14.9263
Good Witch,"Comedy, Drama, Sci-Fi & Fantasy",2015-02-28,7.685,14.6181
Obliterated,"Comedy, Action & Adventure, Drama",2023-11-30,6.965,15.3271
Workin' Moms,Comedy,2017-01-10,7.335,13.863
Barbie Mysteries,"Animation, Kids, Mystery, Family",2024-11-01,5.1,13.7484
PLUTO,"Animation, Sci-Fi & Fantasy, Mystery, Crime",2023-10-26,7.873,15.7102
BAKI,"Animation, Action & Adventure, Crime, Drama",2018-06-26,8.083,14.9859
Vivant,"Drama, Crime",2023-07-16,7.411,16.4238
Pantheon,"Animation, Sci-Fi & Fantasy",2022-09-01,8.161,13.9877
Troy: Fall of a City,"Action & Adventure, War & Politics, Drama",2018-02-17,5.8,15.4699
Medusa,Drama,2025-03-05,7.3,14.966
Detective Hole,"Mystery, Crime, Drama",2026-03-26,7.3,16.071
Sense8,"Sci-Fi & Fantasy, Drama",2015-06-05,7.723,15.5266
Violet Evergarden,"Animation, Drama, Sci-Fi & Fantasy, War & Politics",2018-01-11,8.506,14.1773
Extraordinary Attorney Woo,Drama,2022-06-29,8.5,14.0285
Boys Over Flowers,"Comedy, Drama",2009-01-05,8.272,14.741
Parasyte -the maxim-,"Animation, Drama, Sci-Fi & Fantasy, Action & Adventure",2014-10-09,8.327,13.7759
Campfire Cooking in Another World with My Absurd Skill,"Animation, Action & Adventure, Sci-Fi & Fantasy, Comedy",2023-01-11,8.3,14.3831
Crash Landing on You,"Drama, Comedy",2019-12-14,8.529,15.3736
Little House on the Prairie,"Drama, Western, Family",2026-07-09,6.745,13.3726
99.9 Criminal Lawyer,Crime,2016-04-17,6.9,14.0904
Duang with You,"Drama, Comedy",2026-01-31,9.181,14.5059
PULSE,Drama,2025-04-03,7.544,13.5697
My Love Story with Yamada-kun at Lv999,"Animation, Comedy",2023-04-02,8.11,14.719
Human Resources,"Animation, Comedy",2022-03-18,6.533,13.1951
Fool Me Once,"Drama, Crime, Mystery",2024-01-01,7.159,13.8966
GLOW,"Comedy, Drama",2017-06-23,7.302,12.7262
Veil of Shadows,"Drama, Sci-Fi & Fantasy",2026-04-01,8.3,13.4997
The Haunting of Hill House,"Mystery, Drama",2018-10-12,8.105,14.2476
If Wishes Could Kill,"Mystery, Drama",2026-04-24,8.086,14.8117
Lalaloopsy,"Kids, Animation",2013-03-29,7.8,12.6667
Dawn of the Croods,"Animation, Family, Kids, Comedy, Action & Adventure",2015-12-24,7.475,13.5553
The Beast in Me,"Drama, Mystery",2025-11-13,7.075,12.8117
One Day at a Time,Comedy,2017-01-06,7.703,13.2976
The Boroughs,"Sci-Fi & Fantasy, Mystery",2026-05-21,7.206,13.8433
Alpha Males,Comedy,2022-12-30,7.58,14.2132
Monkey Wrench,"Animation, Sci-Fi & Fantasy, Action & Adventure, Comedy",2022-07-17,8.0,14.0867
King the Land,"Drama, Comedy",2023-06-17,8.212,14.7684
The Heirs,"Comedy, Drama",2013-10-09,7.8,12.9797
Berlin,"Drama, Action & Adventure, Crime",2023-12-29,7.572,14.9142
Danger Mouse,"Animation, Kids, Comedy, Family",1981-09-28,7.106,13.313
Love Next Door,"Drama, Comedy",2024-08-17,7.9,13.4982
Chillin' in Another World with Level 2 Super Cheat Powers,"Animation, Sci-Fi & Fantasy, Action & Adventure",2024-04-08,7.286,13.3511
FAIRY TAIL 100 YEARS QUEST,"Animation, Action & Adventure, Sci-Fi & Fantasy",2024-07-07,8.0,13.3033
Twinkling Watermelon,"Sci-Fi & Fantasy, Drama",2023-09-25,8.8,13.9126
Love in the Moonlight,"Comedy, Drama, War & Politics",2016-08-22,6.977,13.7214
Horimiya,"Animation, Comedy, Drama",2021-01-10,8.505,13.8015
Final Project,Drama,2026-07-29,7.591,13.6051
Hidden Love,Drama,2023-06-20,8.5,12.7665
The Manny,Comedy,2023-12-24,8.356,14.0756
Monster High,"Animation, Family, Kids, Comedy",2022-10-06,7.8,12.5332
La Reina del Sur,"Drama, Crime",2011-02-28,7.866,13.3773
Mrs Playmen,Drama,2025-11-12,7.243,15.6388
Witch Hat Atelier,"Animation, Drama, Sci-Fi & Fantasy",2026-04-06,8.7,13.9747
Bloodline,Drama,2015-03-20,7.114,12.098
The Disastrous Life of Saiki K.,"Animation, Comedy, Sci-Fi & Fantasy",2016-07-11,8.291,13.2655
Fate: The Winx Saga,"Sci-Fi & Fantasy, Drama",2021-01-22,7.943,11.6777
Baki Hanma,"Animation, Action & Adventure, Sci-Fi & Fantasy",2021-09-30,8.064,14.2873
Atypical,"Drama, Comedy",2017-08-11,8.014,12.3251
The Boss Baby: Back in Business,"Animation, Action & Adventure, Comedy, Kids, Sci-Fi & Fantasy",2018-04-06,7.1,12.4268
Great Pretender,"Animation, Drama, Comedy, Action & Adventure",2020-07-09,7.51,12.3152
SHAMAN KING,"Animation, Comedy, Sci-Fi & Fantasy, Action & Adventure",2021-04-01,8.167,13.0146
Find Me in Paris,"Drama, Sci-Fi & Fantasy, Comedy, Family",2018-04-14,7.981,12.5227
Monsters: The Lyle and Erik Menendez Story,"Drama, Crime",2024-09-19,7.592,14.2554
SAINT SEIYA: Knights of the Zodiac,"Animation, Action & Adventure, Sci-Fi & Fantasy",2019-07-19,7.382,12.0505
Dorohedoro,"Animation, Action & Adventure, Comedy, Sci-Fi & Fantasy",2020-01-13,8.4,12.6781
Death of the Pastor's Wife,"Documentary, Crime",2026-08-26,7.8,13.3648
When I Fly Towards You,"Drama, Comedy",2023-06-13,8.851,12.3055
T・P BON,"Animation, Action & Adventure, Drama, Sci-Fi & Fantasy",2024-05-02,7.32,12.0345
Earle Meets World,Reality,2026-09-04,5.0,11.5349
Horrid Henry,"Animation, Comedy, Family",2006-10-30,7.053,13.9605
TSUKIMICHI -Moonlit Fantasy-,"Animation, Sci-Fi & Fantasy, Action & Adventure, Comedy",2021-07-07,8.391,12.3489
Zero Day,"Drama, War & Politics",2025-02-20,6.956,14.0638
Thomas & Friends: All Engines Go!,"Animation, Kids, Family",2021-08-23,6.0,11.6879
The Cuphead Show!,"Animation, Comedy, Family",2022-02-18,7.932,12.5204
Heartstopper,Drama,2022-04-22,8.562,12.7828
The Perfect Couple,"Drama, Mystery, Crime",2024-09-05,6.729,10.8486
Undercover,"Crime, Drama",2019-02-24,7.508,13.1136
Adolescence,"Drama, Crime",2025-03-13,7.807,12.8892
BAKI-DOU: The Invincible Samurai,"Animation, Action & Adventure",2026-02-26,9.097,14.8561
Fake Profile,Drama,2023-05-31,7.4,13.5028
Word Party,"Animation, Family, Kids",2016-07-08,6.8,12.7421
Future Man,"Comedy, Sci-Fi & Fantasy",2017-11-14,7.158,12.6792
Godzilla Singular Point,"Animation, Action & Adventure, Sci-Fi & Fantasy, Mystery",2021-04-01,7.292,11.781
The Wrong Way to Use Healing Magic,"Animation, Comedy, Action & Adventure, Sci-Fi & Fantasy",2024-01-06,7.902,12.5114
Business Proposal,"Comedy, Drama",2022-02-28,8.475,12.5156
Mating Season,"Animation, Comedy, Sci-Fi & Fantasy",2026-05-22,8.022,11.1202
Leanne,Comedy,2025-07-31,7.091,11.3079
TIGER & BUNNY,"Action & Adventure, Animation, Comedy, Sci-Fi & Fantasy",2011-04-03,6.804,12.0795
Obsession,"Drama, Mystery",2023-04-13,6.446,13.9858
Silent Truth,Mystery,2026-01-13,7.0,11.1289
Orb: On the Movements of the Earth,"Animation, Drama",2024-10-05,8.079,11.0467
Elite Force,"Action & Adventure, Crime, Drama",2026-07-22,7.71,13.6554
The East Palace,"Mystery, Action & Adventure, Sci-Fi & Fantasy, Drama",2026-07-17,8.245,12.3214
Rising Impact,"Animation, Comedy, Drama",2024-06-22,8.5,12.0894
Ben & Holly's Little Kingdom,"Kids, Animation, Comedy, Family, Sci-Fi & Fantasy, Action & Adventure",2009-05-04,5.9,11.7521
The Worst Witch,"Kids, Mystery, Sci-Fi & Fantasy",2017-01-11,7.395,11.5902
The Protector,"Action & Adventure, Sci-Fi & Fantasy",2018-12-14,7.2,13.0511
Strawberry Shortcake: Berry in the Big City,"Animation, Kids",2021-09-18,6.818,10.205
Odd Squad,"Comedy, Crime, Family, Sci-Fi & Fantasy, Mystery, Kids",2014-11-26,6.763,11.212
The Upshaws,"Comedy, Family, Drama",2021-05-12,7.572,11.7609
The Accident,Drama,2024-08-21,7.3,12.2336
Love Alarm,"Drama, Sci-Fi & Fantasy",2019-08-22,8.2,10.6542
Unspeakable Sins,"Drama, Crime",2025-07-30,7.6,11.6651
Flaked,"Drama, Comedy",2016-03-11,6.768,11.9325
Vincenzo,"Action & Adventure, Comedy, Drama, Crime",2021-02-20,8.512,12.5782
Radioactive Emergency,"Drama, Mystery, Action & Adventure",2026-03-18,8.007,13.1932
Centaurworld,"Animation, Kids, Sci-Fi & Fantasy, Action & Adventure",2021-07-30,7.446,12.8125
Puniru Is a Kawaii Slime,"Animation, Comedy, Sci-Fi & Fantasy",2024-10-06,7.7,10.7794
The Circle,Reality,2020-01-01,6.817,11.954
Dirk Gently's Holistic Detective Agency,"Comedy, Sci-Fi & Fantasy, Crime",2016-10-22,7.687,12.2344
Terminator Zero,"Animation, Sci-Fi & Fantasy, Action & Adventure",2024-08-29,7.02,12.3548
Wizards: Tales of Arcadia,"Animation, Action & Adventure, Comedy, Sci-Fi & Fantasy",2020-08-07,8.159,11.0138
"Genie, Make a Wish","Sci-Fi & Fantasy, Comedy, Drama",2025-10-03,7.865,12.8418
The Dinosaurs,Documentary,2026-03-06,8.04,11.3389
Class Crush Crisis,"Comedy, Drama",2026-07-24,8.0,14.1565
The Apartment Job,"Drama, Comedy, Crime",2026-07-11,8.686,12.3015
F is for Family,"Comedy, Animation",2015-12-18,7.385,11.3308
Girl from Nowhere,"Drama, Mystery, Crime",2018-10-27,8.494,12.9879
Inside Job,"Comedy, Animation",2021-10-22,8.105,13.0517
Family Reunion,Comedy,2019-07-10,8.005,12.834
Nobody Wants This,"Comedy, Drama",2024-09-26,7.3,12.3992
The Fairly OddParents: A New Wish,"Animation, Sci-Fi & Fantasy, Kids",2024-05-17,8.25,11.0599
BLUE EYE SAMURAI,"Action & Adventure, Animation, Drama",2023-11-03,8.486,11.8474
Notes from the Last Row,"Mystery, Drama",2026-06-26,7.854,11.1077
Strong Girl Nam-soon,"Comedy, Drama, Sci-Fi & Fantasy, Crime",2023-10-07,7.7,11.1909
Den-noh Coil,"Animation, Sci-Fi & Fantasy",2007-05-12,7.512,20.6038
The Reluctant Preacher,Drama,2025-04-12,7.6,8.2253
The Tick,"Comedy, Sci-Fi & Fantasy, Action & Adventure",2016-08-19,6.999,11.6241
Dark Desire,"Mystery, Drama",2020-07-15,7.314,11.9564
Roman Empire,"Drama, Documentary",2016-11-11,6.9,12.8111
3Below: Tales of Arcadia,"Animation, Family, Comedy, Sci-Fi & Fantasy",2018-12-21,7.516,10.4365
Can This Love Be Translated?,"Drama, Comedy",2026-01-16,8.413,10.4474
Reply 1988,Comedy,2015-11-06,8.773,12.2609
The Sea Beyond,"Drama, Crime",2020-09-23,7.557,10.9844
Thai Cave Rescue,Drama,2022-09-22,7.689,9.0406
Chosen,"Sci-Fi & Fantasy, Drama, Mystery, Crime",2022-01-27,6.013,11.4715
Why Raeliana Ended Up at the Duke's Mansion,"Animation, Comedy, Mystery, Sci-Fi & Fantasy",2023-04-10,7.566,11.8819
Pup Academy,"Kids, Comedy",2019-08-26,7.042,11.9623
Love Between Fairy and Devil,"Drama, Sci-Fi & Fantasy",2022-08-07,8.2,11.278
Dr. Coto's Clinic,Drama,2003-07-03,8.7,11.7349
Love Is Blind: UK,Reality,2024-08-07,6.656,8.8989
Oasis,"Crime, Mystery, Drama",2026-06-19,6.793,12.0068
Something Very Bad Is Going to Happen,"Drama, Mystery",2026-03-26,6.6,11.9108
DOTA: Dragon's Blood,"Sci-Fi & Fantasy, Action & Adventure, Animation",2021-03-25,7.723,10.7197
Love & Anarchy,"Comedy, Drama",2020-11-04,7.154,10.2942
Firefly Lane,Drama,2021-02-03,7.797,10.9067
Dead to Me,"Drama, Comedy, Crime",2019-05-03,7.313,10.9857
Guillermo del Toro's Cabinet of Curiosities,"Drama, Mystery, Sci-Fi & Fantasy",2022-10-25,7.44,10.8839
The Creature Cases,"Kids, Animation",2022-04-12,7.882,11.4172
Golden SixTONES,"Reality, Comedy",2025-04-06,8.5,9.9675
The Art of Sarah,"Crime, Mystery, Drama",2026-02-13,7.441,10.9573
Selling Sunset,Reality,2019-03-22,6.54,10.6911
The Residence,"Comedy, Crime, Mystery",2025-03-20,7.5,11.8272
Another Self,Drama,2022-07-28,8.112,12.2828
Skylanders Academy,"Kids, Action & Adventure, Animation, Family",2016-10-28,6.795,10.4189
KENGAN ASHURA,"Animation, Action & Adventure, Sci-Fi & Fantasy",2019-07-31,8.355,12.0756
Empress Ki,"Drama, War & Politics",2013-10-28,7.269,12.0982
FUBAR,"Action & Adventure, Drama, Comedy",2023-05-25,6.586,11.1797
I Am Not Okay with This,"Drama, Comedy, Sci-Fi & Fantasy",2020-02-26,7.995,9.5617
Gyeongseong Creature,"Sci-Fi & Fantasy, Mystery, Action & Adventure, Drama",2023-12-22,7.95,10.8291
The Haunting of Bly Manor,"Mystery, Drama",2020-10-09,7.556,11.0861
The Unbroken Voice,"Drama, Soap",2022-01-11,8.231,10.066
Unfamiliar,"Action & Adventure, Drama, Crime",2026-02-05,7.02,11.6328
Stranger,"Crime, Drama, Mystery",2017-06-10,8.26,10.8456
Dept. Q,"Drama, Crime, Mystery",2025-05-29,7.876,11.7387
Mercy for None,"Action & Adventure, Drama",2025-06-06,7.856,11.3249
Barbie: Life in the Dreamhouse,"Animation, Family",2012-05-11,7.626,10.4321
Green Eggs and Ham,"Kids, Family, Animation, Comedy, Action & Adventure",2019-11-08,8.037,9.9831
Love Through a Prism,"Animation, Drama",2026-01-15,8.9,10.6832
BNA,"Animation, Action & Adventure, Sci-Fi & Fantasy",2020-04-09,8.158,10.288
Envious,"Comedy, Drama",2024-09-18,8.147,10.6625
Space Force,"Comedy, Drama",2020-05-29,6.509,11.0822
Boy Swallows Universe,"Drama, Crime, Mystery",2024-01-11,7.35,8.4726
Undercover Miss Hong,"Crime, Comedy, Drama",2026-01-17,8.455,10.8066
Delhi Crime,Crime,2019-03-22,7.8,11.6875
The Mole,Reality,2022-10-07,6.89,11.328
"My Gift Lvl 9999 Unlimited Gacha: Backstabbed in a Backwater Dungeon, I'm Out for Revenge!","Animation, Action & Adventure, Sci-Fi & Fantasy, Drama",2025-10-03,8.2,11.5086
Tuca & Bertie,"Comedy, Animation",2019-05-03,6.894,10.6452
Mr. Sunshine,Drama,2018-07-07,8.421,12.9162
CAROLE & TUESDAY,"Animation, Drama, Sci-Fi & Fantasy",2019-04-11,7.161,10.6317
25 Years of You,"Drama, Mystery",2026-07-11,7.0,11.7865
What's Wrong with Secretary Kim,"Comedy, Drama",2018-06-06,8.3,11.3669
GTO (2026),Drama,2026-07-20,7.0,10.3672
The Fall of the House of Usher,"Mystery, Drama",2023-10-12,7.551,11.2296
Umamusume: Cinderella Gray,"Animation, Drama",2025-04-06,7.5,11.1591
My Daughter's Father,Drama,2026-07-22,9.06,11.704
Black Rabbit,"Drama, Crime",2025-09-18,7.046,10.0406
Welcome to Waikiki,"Drama, Comedy",2018-02-05,7.8,10.4924
The End of the F***ing World,"Comedy, Drama, Crime",2017-10-24,8.023,11.6358
"Old Dog, New Tricks",Comedy,2025-10-03,6.8,11.6884
All the Truth in My Lies,"Drama, Comedy",2026-08-28,7.3,9.8341
The Order,"Drama, Mystery, Sci-Fi & Fantasy",2019-03-07,7.609,10.8031
"BOFURI: I Don't Want to Get Hurt, so I'll Max Out My Defense.","Animation, Action & Adventure, Comedy, Sci-Fi & Fantasy",2020-01-08,7.451,10.002
Midnight Mass,"Mystery, Drama",2021-09-24,7.57,11.1465
Until the T-Shirt Dries,"Drama, Mystery",2026-07-10,4.5,12.574
Pororo the Little Penguin,"Animation, Action & Adventure, Sci-Fi & Fantasy, Family, Kids, Comedy",2003-11-27,6.556,10.3775
Tojima Wants to Be a Kamen Rider,"Animation, Action & Adventure, Comedy",2025-10-05,7.6,10.4705
Culinary Class Wars,Reality,2024-09-17,8.222,10.8364
The Watcher,"Drama, Mystery",2022-10-13,7.064,10.7547
Vagabond,"Drama, Mystery, Action & Adventure",2019-09-20,8.281,10.0706
Food Wars! Shokugeki no Soma,"Animation, Comedy, Drama",2015-04-04,8.431,10.3265
El marginal,"Crime, Drama",2016-06-02,8.184,11.0807
Mo,"Comedy, Drama",2022-08-24,7.117,9.2897
The Prisoner of Beauty,Drama,2025-05-13,8.84,10.879
Unveil: Jadewind,"Drama, Mystery",2026-02-05,7.083,9.767
The Signing,Reality,2023-04-04,7.667,12.2986
Castlevania: Nocturne,"Animation, Sci-Fi & Fantasy, Drama",2023-09-28,7.816,10.5785
Ransom Canyon,"Drama, Western",2025-04-17,7.3,11.4492
Cable Girls,Drama,2017-04-28,7.783,10.1459
Strong Girl Bong-soon,"Comedy, Action & Adventure, Drama",2017-02-24,8.1,10.2825
GTO: Great Teacher Onizuka,"Comedy, Drama",1998-07-07,8.4,10.1404
Murder Mindfully,"Drama, Comedy, Crime",2024-10-31,7.59,10.4981
MeatEater,Documentary,2012-01-01,8.1,10.0308
Human Vapor,"Sci-Fi & Fantasy, Crime",2026-07-02,7.418,10.93
Girls5eva,Comedy,2021-05-06,5.9,9.893
"Bon Appétit, Your Majesty","Drama, Sci-Fi & Fantasy",2025-08-23,8.634,10.1571
Boyfriend on Demand,"Comedy, Sci-Fi & Fantasy, Drama",2026-03-06,8.386,9.5748
Slasher,"Mystery, Crime, Drama",2016-03-04,6.689,9.8987
World Trigger,"Animation, Action & Adventure, Sci-Fi & Fantasy",2014-10-05,7.281,10.0818
Breathless,Drama,2024-08-30,7.7,9.9467
The Next Prince,"Drama, Action & Adventure",2025-05-03,8.241,10.1291
Man on Fire,"Action & Adventure, Crime",2026-04-30,7.429,10.8842
The Guest,Drama,2025-09-24,7.75,11.2439
Paradise PD,"Comedy, Animation",2018-08-31,7.134,9.9704
Summer '36,Drama,2026-05-18,6.453,10.5817
The Vince Staples Show,"Drama, Comedy",2024-02-15,6.692,7.7724
Tale of the Nine Tailed,"Sci-Fi & Fantasy, Drama, Comedy, Mystery",2020-10-07,8.362,9.9622
The Boss Baby: Back in the Crib,"Animation, Comedy, Family, Kids, Sci-Fi & Fantasy",2022-05-19,7.398,10.1097
The Innocent,"Crime, Mystery, Drama",2021-04-30,7.635,10.031
The Mafia Dolls,"Drama, Crime",2009-09-28,7.553,10.0458
D.P.,"Drama, Action & Adventure, Crime",2021-08-27,8.009,10.2419
Dear White People,"Comedy, Drama",2017-04-28,5.9,8.9112
The Empress,Drama,2022-09-29,7.652,10.5951
Gigantosaurus,"Kids, Family, Animation",2019-01-18,6.231,10.1665
Warrior Nun,"Action & Adventure, Drama, Sci-Fi & Fantasy",2020-07-02,7.88,10.4088
Little Baby Bum,,2011-08-29,6.0,8.5104
Dynamite Kiss,"Drama, Comedy",2025-11-12,8.164,10.2229
Musafir Cafe,Drama,2026-07-24,7.3,10.0866
Love Game in Eastern Fantasy,"Drama, Sci-Fi & Fantasy",2024-11-01,8.2,9.8749
Sengoku Youko,"Animation, Action & Adventure, Sci-Fi & Fantasy, Drama",2024-01-11,7.074,10.0698
Comedians in Cars Getting Coffee,"Comedy, Talk",2012-07-19,7.09,11.0942
Chi's Sweet Home,"Animation, Comedy, Kids",2008-03-31,6.8,9.2793
Scott Pilgrim Takes Off,"Animation, Action & Adventure, Comedy, Sci-Fi & Fantasy",2023-11-17,7.934,10.0587
The Double,"Drama, Mystery, Comedy",2024-06-02,8.178,9.5263
The Trauma Code: Heroes on Call,"Drama, Comedy",2025-01-24,8.5,9.8348
Love,"Comedy, Drama",2016-02-19,7.105,9.2705
Billionaires' Bunker,"Sci-Fi & Fantasy, Drama, Mystery",2025-09-19,6.379,10.9241
Dinosaur King,"Animation, Sci-Fi & Fantasy, Comedy, Action & Adventure",2007-02-04,8.2,10.0014
Legends,"Action & Adventure, Crime, Drama",2026-05-07,7.541,10.7091
The Hawk,Comedy,2026-07-16,5.324,10.6696
Gintama,"Animation, Action & Adventure, Sci-Fi & Fantasy",2006-04-04,8.139,9.7874
Alexa & Katie,Comedy,2018-03-23,8.1,9.5732
Bonus Family,"Drama, Comedy",2017-01-30,6.6,9.3367
Wayward,"Drama, Mystery",2025-09-25,6.14,9.3613
Jentry Chau vs the Underworld,"Animation, Action & Adventure, Sci-Fi & Fantasy, Comedy",2024-12-05,8.125,9.0928
Run Away,"Drama, Mystery",2026-01-01,6.649,9.2271
We Are All Trying Here,Drama,2026-04-18,8.556,10.3992
Valeria,"Comedy, Drama",2020-05-08,7.334,10.6305
Squid Game: The Challenge,Reality,2023-11-22,6.471,9.8189
Running Point,Comedy,2025-02-27,7.298,9.291
Let This Grieving Soul Retire,"Animation, Comedy, Sci-Fi & Fantasy",2024-10-01,6.6,9.35
The Way of the Househusband,"Animation, Comedy",2021-04-08,8.307,9.3181
Hometown Cha-Cha-Cha,"Comedy, Drama",2021-08-28,8.202,9.75
Ricky Gervais Alley Cats,"Animation, Comedy",2026-08-07,7.846,10.0432
Young Royals,Drama,2021-07-01,8.497,9.5525
Sleeping Dog,"Crime, Mystery, Drama",2023-06-22,6.27,11.1052
Resident Evil,"Drama, Sci-Fi & Fantasy",2022-07-14,5.501,8.692
Devilman Crybaby,"Animation, Action & Adventure, Sci-Fi & Fantasy",2018-01-05,7.8,10.5804
The Rain,"Sci-Fi & Fantasy, Drama",2018-05-04,7.2,9.6623
2.5 Dimensional Seduction,"Animation, Comedy",2024-07-05,8.0,9.6993
Unbelievable,"Drama, Crime",2019-09-13,7.896,9.3321
Insatiable,"Drama, Comedy",2018-08-10,7.748,8.9684
Beyond the Bar,Drama,2025-08-02,8.089,9.0742
The Big C,"Comedy, Drama",2010-08-16,7.328,9.4897
Let's Talk About CHU,"Family, Drama, Comedy",2024-02-02,7.4,9.8304
Kingdom,"Drama, Mystery",2019-01-25,8.206,9.7217
The Law According to Lidia Poët,"Drama, Crime, War & Politics",2023-02-15,7.4,9.8936
Yasuke,"Animation, Drama, Action & Adventure, Sci-Fi & Fantasy",2021-04-29,7.292,9.6719
Chicago Party Aunt,"Animation, Comedy",2021-09-17,6.069,10.4253
Flunked,"Comedy, Crime",2026-04-23,6.791,12.2466
Giri/Haji,"Crime, Drama",2019-10-17,7.367,9.5361
The Snitch Cartel: Origins,"Crime, Drama",2022-06-14,7.951,9.3335
Bodyguard,"Crime, Drama, War & Politics, Mystery",2018-08-26,7.778,9.8567
Rainbow High,"Kids, Animation, Drama, Family",2020-10-03,8.6,11.292
Unicorn Academy,"Animation, Kids, Sci-Fi & Fantasy, Action & Adventure, Comedy, Family",2023-11-02,8.0,9.8918
Danger Mouse,"Comedy, Animation, Family, Action & Adventure, Sci-Fi & Fantasy",2015-09-28,6.292,9.1514
Alaskan Bush People,"Reality, Family",2014-05-06,6.433,8.9073
Witch Watch,"Animation, Comedy, Sci-Fi & Fantasy",2025-04-06,7.7,8.6454
Barbarians,"Action & Adventure, Drama",2020-10-23,7.296,9.155
Eternal Love,"Drama, Sci-Fi & Fantasy, Action & Adventure",2017-01-30,7.7,8.9257
The King: Eternal Monarch,"Sci-Fi & Fantasy, Drama",2020-04-17,8.246,9.7534
Sold Out on You,"Comedy, Drama",2026-04-22,8.384,9.9969
Partners for Justice,"Drama, Mystery, Crime",2018-05-14,7.182,9.582
Unlucky Bae,"Comedy, Drama, Sci-Fi & Fantasy",2026-08-06,8.0,10.2702
Criminal: UK,"Crime, Drama",2019-09-20,7.218,10.3662
The Serpent,"Drama, Crime",2021-01-01,7.405,9.0692
RIPLEY,Drama,2024-04-04,7.911,9.7212
Oddballs,"Action & Adventure, Comedy, Animation",2022-10-07,7.224,9.0596
Descendants of the Sun,"Drama, Action & Adventure",2016-02-24,8.318,9.4467
Tokyo Swindlers,Crime,2024-07-25,6.952,9.3737
Maid,Drama,2021-09-30,8.0,8.948
Trigger,"Action & Adventure, Drama, Crime",2025-07-25,8.077,9.5133
ULTRAMAN,"Animation, Action & Adventure, Sci-Fi & Fantasy, Kids",2019-04-01,7.095,9.4468
Crooks,"Action & Adventure, Drama, Crime",2024-04-04,6.971,9.1271
Hellbound,"Drama, Mystery, Sci-Fi & Fantasy",2021-11-19,7.32,9.4404
Pacific Rim: The Black,"Sci-Fi & Fantasy, Animation, Action & Adventure",2021-03-04,8.178,8.653
Everybody's Live with John Mulaney,"Comedy, Talk",2025-03-12,6.7,7.8369
Bolívar,Drama,2019-06-24,7.598,8.6444
Cordon,Drama,2024-11-25,0.0,9.4796
High Tides,Drama,2023-05-12,6.75,9.1623
"I Got a Cheat Skill in Another World and Became Unrivaled in the Real World, Too","Animation, Action & Adventure, Sci-Fi & Fantasy",2023-04-07,8.2,9.4903
Boots,"Comedy, Drama, War & Politics",2025-10-09,7.983,9.2335
Queer Eye,Reality,2018-02-07,7.388,8.846
Kakegurui,"Animation, Mystery, Crime, Drama",2017-07-01,8.133,9.5828
Pit Babe,"Drama, Sci-Fi & Fantasy, Action & Adventure",2023-11-17,7.938,8.5815
Phantom Lawyer,"Drama, Sci-Fi & Fantasy, Mystery, Comedy",2026-03-13,7.7,9.9883
The Baby-Sitters Club,"Kids, Drama",2020-07-03,7.9,9.0581
"Thank You, Next","Drama, Comedy",2024-05-09,7.173,10.4026
That '90s Show,Comedy,2023-01-19,6.736,7.8378
Mampuku,Drama,2018-10-01,8.8,9.0187
Resident Playbook,Drama,2025-04-12,8.1,8.6145
My Brilliant Career,"Drama, Family",2026-08-13,5.346,9.556
Mad Unicorn,Drama,2025-05-29,8.829,7.1571
GANTZ,"Animation, Action & Adventure, Sci-Fi & Fantasy, Drama",2004-04-13,7.278,9.4207
The Gift,"Mystery, Drama, Sci-Fi & Fantasy",2019-12-27,7.382,9.0607
Puffin Rock,"Animation, Kids",2015-01-12,7.7,8.8884
The Untamed,"Action & Adventure, Drama, Mystery",2019-06-27,8.6,8.6828
Kaleidoscope,"Crime, Drama",2023-01-01,6.862,8.6572
The Brothers Sun,"Drama, Action & Adventure, Crime, Comedy",2024-01-04,7.547,9.3854
Winx Club: The Magic Is Back,"Animation, Kids, Action & Adventure, Comedy, Sci-Fi & Fantasy",2025-10-01,7.0,8.6109
Friendly Rivalry,"Mystery, Drama",2025-02-10,8.7,8.9586
Galileo,"Drama, Mystery, Crime",2007-10-15,8.2,9.342
Tokyo Salad Bowl,"Drama, Mystery, Crime",2025-01-07,7.9,7.09
7SEEDS,"Animation, Drama, Sci-Fi & Fantasy",2019-06-28,7.7,8.3158
Indian Matchmaking,Reality,2020-07-16,6.444,9.3852
Tomorrow,"Drama, Sci-Fi & Fantasy, Action & Adventure",2022-04-01,8.368,8.311
Vinland Saga,"Animation, War & Politics, Action & Adventure, Drama",2019-07-08,8.5,8.9852
GATE24: The Border,"Crime, Drama",2026-07-23,5.0,9.7357
Derry Girls,"Comedy, Drama",2018-01-04,8.132,9.1231
Explained,Documentary,2018-05-23,7.431,8.0643
Top Boy,"Crime, Drama, Action & Adventure",2019-09-13,8.0,9.3593
Degrassi: Next Class,Drama,2016-01-04,6.816,8.0636
Russian Doll,"Comedy, Drama",2019-02-01,7.36,8.7438
My Name,"Crime, Drama, Mystery",2021-10-15,8.207,8.3496
Khemjira,"Drama, Mystery, Sci-Fi & Fantasy",2025-08-09,9.1,8.254
Love (ft. Marriage and Divorce),Drama,2021-01-23,7.367,8.6189
MOURINHO,Documentary,2026-08-11,7.804,8.6214
First Class,Reality,2022-06-23,1.5,7.7374
The Price of Confession,"Mystery, Drama",2025-12-05,7.958,8.9326
The Good Detective,"Crime, Drama, Mystery, Action & Adventure",2020-07-06,7.214,8.1659
How a Realist Hero Rebuilt the Kingdom,"Animation, Action & Adventure, Sci-Fi & Fantasy, Comedy",2021-07-04,7.7,8.6197
Because This Is My First Life,"Comedy, Drama",2017-10-09,8.2,9.0819
Rooster Fighter,"Animation, Action & Adventure, Sci-Fi & Fantasy, Comedy",2026-03-15,8.8,8.6459
The Madness,"Drama, Crime, Action & Adventure",2024-11-28,6.37,9.3898
The Great Indian Kapil Show,"Talk, Comedy",2024-03-30,7.118,9.2662
Dinotrux,"Action & Adventure, Animation, Kids",2015-08-14,6.5,9.6113
Ashes to Crown,Drama,2026-06-02,7.6,8.959
Baby Reindeer,Drama,2024-04-11,7.563,7.2533
Super Giant Robot Brothers,"Animation, Action & Adventure, Comedy",2022-08-04,6.7,8.6202
Midnight Diner,"Drama, Comedy",2009-10-09,8.196,8.2881
3%,"Drama, Sci-Fi & Fantasy",2016-11-25,7.052,9.5602
7th Time Loop: The Villainess Enjoys a Carefree Life Married to Her Worst Enemy!,"Animation, Drama, Sci-Fi & Fantasy",2024-01-07,7.933,7.9184
Racket Boys,"Drama, Comedy",2021-05-31,8.0,9.0555
Flower of Evil,"Drama, Crime, Mystery",2020-07-29,8.3,8.8384
Ragnarok,"Sci-Fi & Fantasy, Drama, Mystery",2020-01-31,7.748,9.4378
The Princess Royal,Drama,2024-06-26,7.6,8.8556
Real Rob,Comedy,2015-12-01,6.574,9.3969
Bodies,"Crime, Mystery, Sci-Fi & Fantasy, Drama",2023-10-19,7.128,9.4756
The Chosen One,"Drama, Sci-Fi & Fantasy",2023-08-16,6.103,9.9121
Hotel Del Luna,"Sci-Fi & Fantasy, Drama, Comedy",2019-07-12,8.5,9.6477
Rulers of Fortune,"Crime, Drama",2025-10-29,8.141,8.8054
Wrath,"Crime, Drama",2026-07-29,7.594,8.6404
Bandidos,Action & Adventure,2024-03-13,7.3,8.9379
Master of None,"Comedy, Drama",2015-11-06,7.351,7.7912
Rita,"Drama, Comedy",2012-02-09,7.431,8.5956
Interior Design Masters with Alan Carr,Reality,2019-08-14,6.476,7.5263
The Sound of Your Heart: Reboot,"Comedy, Family",2018-10-29,6.429,8.7134
Santa Clarita Diet,"Comedy, Mystery, Crime",2017-02-03,7.427,8.9475
Intersection,Drama,2016-01-07,5.9,7.7971
Baby,Drama,2018-11-30,7.897,8.3799
The Stranger,"Mystery, Crime",2020-01-30,7.165,8.4996
Greenhouse Academy,Drama,2017-09-08,7.4,9.1018
Raising Dion,"Drama, Sci-Fi & Fantasy",2019-10-04,7.502,7.7852
Dino Ranch,"Animation, Action & Adventure, Comedy, Family",2021-01-18,5.6,7.5149
Loner Life in Another World,"Animation, Action & Adventure, Sci-Fi & Fantasy",2024-09-27,7.0,9.0878
Unchosen,Drama,2026-04-21,6.8,8.7695
Strip Law,"Animation, Comedy, Drama",2026-02-20,7.0,8.5134
Juvenile Justice,"Drama, Crime",2022-02-25,8.073,7.9274
Our Generation,Drama,2025-07-14,8.3,8.7112
Carmen Sandiego,"Animation, Action & Adventure, Crime, Kids",2019-01-18,7.928,8.2969
The Vendetta of An,"Drama, Mystery, War & Politics",2025-12-12,7.8,8.3964
Junji Ito Maniac: Japanese Tales of the Macabre,"Animation, Mystery, Sci-Fi & Fantasy, Drama",2023-01-19,7.015,8.5083
Unsolved Mysteries,"Documentary, Drama, Mystery",2020-07-01,7.661,7.51
The World's Finest Assassin Gets Reincarnated in Another World as an Aristocrat,"Animation, Action & Adventure, Sci-Fi & Fantasy",2021-10-06,8.1,8.3602
My Daughter Left the Nest and Returned an S-Rank Adventurer,"Animation, Comedy, Action & Adventure, Sci-Fi & Fantasy",2023-10-06,6.571,7.8949
The Story of Pearl Girl,Drama,2024-11-01,8.2,8.9519
Mieruko-chan,"Animation, Comedy, Mystery, Sci-Fi & Fantasy",2021-10-03,8.123,8.2791
Super Crooks,"Animation, Crime, Sci-Fi & Fantasy, Action & Adventure",2021-11-25,7.117,8.6942
Marcella,"Crime, Drama",2016-04-04,6.893,8.3251
Glitch,"Drama, Sci-Fi & Fantasy",2015-07-09,6.806,8.4836
Eve,"Drama, Comedy",2022-06-01,6.675,9.2223
Big Mistakes,"Comedy, Crime",2026-04-09,6.759,8.4045
Ron Kamonohashi's Forbidden Deductions,"Animation, Mystery, Crime, Action & Adventure",2023-10-02,6.721,7.966
Mulligan,"Animation, Comedy",2023-05-12,5.473,8.3277
He-Man and the Masters of the Universe,"Animation, Sci-Fi & Fantasy, Family, Action & Adventure",2021-09-16,7.092,7.6607
Transformers: EarthSpark,"Animation, Kids, Sci-Fi & Fantasy, Comedy, Drama",2022-11-11,7.2,8.3956
As You Stood By,"Crime, Drama, Mystery",2025-11-07,8.252,8.9151
Uncle from Another World,"Animation, Comedy, Sci-Fi & Fantasy",2022-07-06,7.5,7.9775
Monday Late Show,Reality,2012-04-10,9.0,8.4114
The Piano Forest,"Animation, Drama",2018-04-09,6.5,7.3888
A Time Called You,Drama,2023-09-08,8.3,7.481
American Primeval,"Western, Drama, Action & Adventure",2025-01-09,7.713,8.535
In the Mud,"Crime, Drama",2025-08-14,7.55,8.0035
Agatha Christie's Seven Dials,"Mystery, Crime, Drama",2026-01-15,6.3,7.3924
Mighty Monsterwheelies,"Animation, Action & Adventure, Comedy, Kids",2024-10-14,7.6,7.0661
Dracula,"Drama, Action & Adventure",2020-01-01,6.981,8.6727
Godless,"Western, Drama",2017-11-22,7.744,8.5376
revisions,"Animation, Action & Adventure, Sci-Fi & Fantasy",2019-01-10,7.228,9.7001
Leviathan,"Animation, Action & Adventure, Sci-Fi & Fantasy",2025-07-10,6.154,7.3675
Tokyo Love Story,Drama,1991-01-07,8.4,8.3819
Another Life,"Sci-Fi & Fantasy, Drama",2019-07-25,6.107,8.0426
The Aristocrat's Otherworldly Adventure: Serving Gods Who Go Too Far,"Animation, Comedy, Action & Adventure, Sci-Fi & Fantasy",2023-04-03,7.1,7.9157
Frontier,"Action & Adventure, Drama",2016-11-06,6.817,8.079
Little Witch Academia,"Animation, Sci-Fi & Fantasy, Comedy, Action & Adventure, Kids",2017-01-09,7.9,8.0924
Hell Teacher: Jigoku Sensei Nube,"Animation, Comedy, Sci-Fi & Fantasy",2025-07-02,8.5,7.4157
Suspicious Partner,"Comedy, Crime, Drama",2017-05-10,7.839,7.8379
Heartbreak High,Drama,2022-09-14,7.235,8.5817
Twilight of the Gods,"Animation, Sci-Fi & Fantasy, Action & Adventure",2024-09-19,7.647,7.1024
House of Guinness,Drama,2025-09-25,7.586,7.7492
"Go, Dog. Go!","Animation, Kids",2021-01-26,8.5,7.3159
Secrets We Keep,"Drama, Crime",2025-05-15,6.677,8.3306
Morphle,"Animation, Kids",2019-01-10,6.0,8.0345
Amidst a Snowstorm of Love,Drama,2024-02-02,8.167,8.4642
It's Okay to Not Be Okay,"Drama, Comedy",2020-06-20,8.504,8.6731
The Eternaut,"Drama, Action & Adventure, Sci-Fi & Fantasy",2025-04-30,7.452,8.102
#NoFilter,"Comedy, Drama",2023-02-15,6.8,7.9621
The Dead Girls,"Drama, Crime",2025-09-10,7.298,8.079
The Leopard,Drama,2025-03-05,7.648,7.7299
Cowboy Bebop,"Sci-Fi & Fantasy, Action & Adventure, Crime",2021-11-19,6.504,7.4611
DRAGON PILOT: Hisone and Masotan,"Animation, Comedy, Drama, Sci-Fi & Fantasy",2018-04-13,7.1,7.5066
Lawmen: Bass Reeves,Drama,2023-11-05,6.997,8.6804
Suburra: Blood on Rome,"Crime, Drama",2017-10-06,7.442,7.5558
Something in the Rain,Drama,2018-03-30,7.8,8.1481
Behind Her Eyes,"Mystery, Sci-Fi & Fantasy, Drama",2021-02-17,7.359,8.1755
The Bombing of Pan Am 103,"Drama, Crime",2025-05-18,7.236,7.3836
Terrace House: Aloha State,Reality,2016-11-01,7.4,7.7453
Bad Thoughts,Comedy,2025-05-13,5.924,7.7708
Encounter,Drama,2018-11-28,7.81,7.1372
Operation Safed Sagar: The Untold Story of the Kargil War,Drama,2026-08-07,6.7,7.8889
The Fiery Priest,"Crime, Comedy, Drama",2019-02-15,8.231,7.7056
Nailed It!,Reality,2018-03-09,7.114,7.6126
One Day,Drama,2024-02-08,7.674,7.8474
The Tailor,"Drama, Mystery",2023-05-02,7.455,7.6737
W,"Drama, Comedy",2016-07-20,8.4,7.3615
Wet Hot American Summer: First Day of Camp,Comedy,2015-07-31,6.432,6.8029
My Dad the Bounty Hunter,"Action & Adventure, Comedy, Animation, Family, Kids",2023-02-09,8.197,8.1783
Ratched,"Mystery, Drama, Crime",2020-09-18,7.647,7.2192
City of Shadows,"Crime, Mystery",2025-12-12,6.699,8.1495
Mr. Queen,"Drama, Comedy, Sci-Fi & Fantasy",2020-12-12,8.505,7.7834
Money Heist: Korea - Joint Economic Area,"Action & Adventure, Crime, Drama, Mystery",2022-06-24,7.7,8.0544
Queen Charlotte: A Bridgerton Story,Drama,2023-05-04,7.995,7.394
1899,"Mystery, Drama",2022-11-17,7.453,8.4404
Itaewon Class,Drama,2020-01-31,8.342,7.411
Ajin,"Animation, Action & Adventure, Mystery",2016-01-16,7.9,8.3121
Viral Hit,"Drama, Action & Adventure",2026-06-11,8.01,7.8444
Ridley Jones,"Animation, Kids",2021-07-13,6.621,6.879
Love in Contract,"Drama, Comedy",2022-09-21,7.74,7.542
Wolf King,"Animation, Action & Adventure, Kids, Sci-Fi & Fantasy",2025-03-20,6.806,8.4479
First Love,Drama,2022-11-24,8.1,7.5414
My Sassy Girl,"Comedy, Drama",2017-05-29,6.2,7.4422
Mr. Plankton,"Comedy, Drama",2024-11-08,8.144,7.2863
"What Will You Do, Ieyasu?","Drama, War & Politics",2023-01-08,7.9,8.4992
Museum of Innocence,Drama,2026-02-13,8.1,8.0579
A Killer Paradox,"Crime, Comedy, Mystery, Drama",2024-02-09,7.364,7.7072
Devil in Ohio,"Crime, Drama, Mystery",2022-09-02,6.51,7.5077
Doom at Your Service,"Drama, Sci-Fi & Fantasy, Comedy",2021-05-10,7.929,7.9574
Bitch X Rich,"Drama, Mystery",2023-05-31,8.2,7.7857
The Innocents,"Sci-Fi & Fantasy, Drama",2018-08-24,5.678,8.0639
Everyone Loves Me,"Comedy, Drama",2024-03-01,8.0,7.3185
The Kominsky Method,"Comedy, Drama",2018-11-16,7.529,7.5127
The House of Flowers,"Drama, Comedy",2018-08-10,7.743,6.7674
Meet Yourself,Drama,2023-01-03,8.2,7.7557
Who Killed Sara?,"Drama, Crime, Mystery",2021-03-24,7.567,7.9083
Destined with You,"Drama, Sci-Fi & Fantasy, Comedy",2023-08-23,8.1,8.0841
Free Rein,"Family, Kids, Drama",2017-06-22,7.947,7.8079
Asterix & Obelix: The Big Fight,"Animation, Action & Adventure, Comedy, Sci-Fi & Fantasy, Family",2025-04-30,7.789,7.3242
The Silent Sea,"Drama, Sci-Fi & Fantasy, Mystery",2021-12-24,7.593,9.0996
WWE: Unreal,Documentary,2025-07-29,7.961,6.9458
Samurai Rabbit: The Usagi Chronicles,"Animation, Action & Adventure, Comedy, Family, Kids",2022-04-28,6.157,7.4855
SKY Castle,"Comedy, Drama",2018-11-23,8.019,8.0852
Lovestruck in the City,Drama,2020-12-22,7.676,7.0724
Bayside Shakedown,"Drama, Action & Adventure, Crime, Comedy",1997-01-07,8.1,9.0181
SNOWBALL EARTH,"Animation, Action & Adventure, Sci-Fi & Fantasy",2026-04-03,6.4,7.6047
Joko Anwar's Nightmares and Daydreams,"Sci-Fi & Fantasy, Drama, Mystery",2024-06-14,6.613,8.2785
Dragon Age: Absolution,"Animation, Action & Adventure, Sci-Fi & Fantasy",2022-12-09,6.38,7.2075
Masters of the Universe: Revelation,"Action & Adventure, Sci-Fi & Fantasy, Animation",2021-07-23,6.606,7.481
Young Lady and Gentleman,"Comedy, Drama, Family",2021-09-25,7.0,7.5549
As the Crow Flies,Drama,2022-06-03,7.1,8.438
Ghost in the Shell: SAC_2045,"Animation, Drama, Action & Adventure, Sci-Fi & Fantasy",2020-04-23,6.461,7.5035
Spirit Rangers,"Kids, Animation, Sci-Fi & Fantasy, Action & Adventure",2022-10-10,6.8,8.176
El Dragón: Return of a Warrior,"Drama, Action & Adventure",2019-10-04,7.4,7.7621
My Liberation Notes,Drama,2022-04-09,7.9,8.0519
Arnold,Documentary,2023-06-07,7.875,6.1823
Perfect Match,Reality,2023-02-14,5.9,7.7307
Kath & Kim,Comedy,2002-05-16,7.5,7.2658
Jupiter's Legacy,"Sci-Fi & Fantasy, Action & Adventure, Drama, Mystery",2021-05-07,6.883,7.3923
Busted!,"Comedy, Mystery",2018-05-04,7.8,6.7856
Vladimir,Drama,2026-03-05,6.803,7.3867
Healer,"Comedy, Action & Adventure, Mystery, Drama",2014-12-08,8.309,7.4585
Move to Heaven,Drama,2021-05-14,8.0,7.8492
The Witcher: Blood Origin,"Sci-Fi & Fantasy, Action & Adventure, Drama",2022-12-25,6.488,7.7911
Miss Governor,"Comedy, War & Politics",2025-05-22,4.1,6.8974
Tayo the Little Bus,"Animation, Kids, Comedy, Family",2010-08-23,6.7,7.3565
Hollywood,Drama,2020-05-01,7.213,11.2197
Karma,"Crime, Drama",2025-04-04,7.496,6.9911
Risqué Business: Japan,Reality,2023-04-25,7.2,7.6342
Just Alice,"Drama, Comedy, Soap",2025-11-05,7.3,10.6598
The Abandons,"Drama, Western",2025-12-04,5.867,7.6753
Old Money,Drama,2025-10-10,6.217,8.7267
The Newsreader,Drama,2021-08-15,7.395,6.8398
Griselda,"Drama, Crime",2024-01-25,7.226,7.3287
HANA-KIMI,"Drama, Comedy",2007-07-03,7.359,8.1284
Robocar Poli,"Animation, Kids, Family, Action & Adventure, Comedy",2011-02-28,6.6,7.4721
Forecasting Love and Weather,"Drama, Comedy",2022-02-12,7.3,8.6354
Blood & Water,Drama,2020-05-20,7.817,7.1958
Cursed,"Action & Adventure, Sci-Fi & Fantasy",2020-07-16,7.14,6.5787
American Vandal,"Comedy, Crime",2017-09-15,7.438,6.8483
Dragon Sakura,"Drama, Comedy",2005-07-08,7.7,10.9099
KILL BLUE,"Animation, Action & Adventure, Comedy",2026-04-11,7.845,7.6977
SPEC ~ First Blood,"Sci-Fi & Fantasy, Drama, Comedy, Crime, Mystery",2010-10-08,8.5,8.1359
Our Blues,Drama,2022-04-09,8.466,6.3147
Kabaneri of the Iron Fortress,"Animation, Drama, Action & Adventure, Sci-Fi & Fantasy",2016-04-08,7.077,7.2548
My Love from the Star,"Comedy, Drama",2013-12-18,8.295,7.4669
The Life and Movies of Erşan Kuneri,Comedy,2022-05-13,6.702,7.3733
Twenty Five Twenty One,Drama,2022-02-12,8.466,7.6998
The King's Affection,Drama,2021-10-11,8.096,7.2941
Iryu: Team Medical Dragon,Drama,2006-04-13,7.0,6.87
Rainbow Bubblegem,"Animation, Kids, Action & Adventure, Comedy, Sci-Fi & Fantasy",2023-07-25,10.0,7.1482
Maniac,"Comedy, Drama, Sci-Fi & Fantasy",2018-09-21,7.345,7.8454
My Mister,Drama,2018-03-21,8.556,7.8391
That Night,"Crime, Drama, Mystery",2026-03-13,6.709,7.3498
I Parry Everything,"Action & Adventure, Animation",2024-07-05,7.947,6.9444
Dead Mount Death Play,"Animation, Action & Adventure, Sci-Fi & Fantasy",2023-04-11,6.871,7.5301
K-foodie meets J-foodie,"Reality, Talk",2025-02-27,8.8,6.8116
Safe,"Drama, Crime, Mystery",2018-05-10,6.901,7.0032
1670,Comedy,2023-12-13,7.458,7.2368
The Spy,Drama,2019-09-06,7.388,7.5111
Sell Your Haunted House,"Drama, Comedy, Sci-Fi & Fantasy, Mystery",2021-04-14,7.158,7.9177
Soda Master,"Drama, Mystery",2026-01-14,8.2,6.8848
When the Phone Rings,"Drama, Mystery, Crime",2024-11-22,8.326,6.9262
Clean with Passion for Now,"Comedy, Drama",2018-11-26,7.5,8.3297
Arthdal Chronicles,"Drama, Action & Adventure",2019-06-01,7.608,7.6301
Hello Ninja,Animation,2019-11-01,6.0,7.56
Cashero,"Action & Adventure, Drama",2025-12-26,7.3,7.1376
Pokémon Concierge,"Animation, Family",2023-12-28,7.469,7.0777
Power Players,"Action & Adventure, Comedy, Animation, Kids",2019-09-21,5.2,7.6542
Kleo,"Action & Adventure, Drama, Crime",2022-08-19,7.061,7.2799
Little Women,"Drama, Mystery, Action & Adventure",2022-09-03,7.969,7.0519
Booba,"Animation, Kids, Family, Comedy",2014-11-10,6.2,7.1815
I Think You Should Leave with Tim Robinson,Comedy,2019-04-23,7.014,6.5697
The Movies That Made Us,Documentary,2019-11-29,7.264,7.6133
Hightown,"Drama, Crime",2020-05-17,6.754,6.5868
Furies,"Action & Adventure, Crime",2024-03-01,7.2,8.1028
The Good Bad Mother,"Drama, Comedy",2023-04-26,8.874,6.6465
Girl from Nowhere: The Reset,"Drama, Mystery",2026-03-07,7.7,7.5649
Inside Man,"Drama, Crime, Mystery",2022-09-26,6.916,8.2936
Norsemen,"Comedy, Drama",2016-10-21,7.208,6.835
How to Sell Drugs Online (Fast),"Drama, Comedy, Crime",2019-05-31,7.884,6.4633
Aggretsuko,"Animation, Comedy",2018-04-20,7.4,6.5591
B: The Beginning,"Action & Adventure, Animation, Drama, Crime, Mystery, Sci-Fi & Fantasy",2018-03-02,7.604,7.6925
My ID is Gangnam Beauty,"Comedy, Drama",2018-07-27,7.321,7.6281
The Chef Show,Documentary,2019-06-07,7.5,6.1625
Eva Lasting,Drama,2023-02-15,8.374,7.5502
Hilda,"Action & Adventure, Animation, Family, Sci-Fi & Fantasy",2018-09-21,8.384,6.9565
Welcome to Eden,"Action & Adventure, Sci-Fi & Fantasy, Drama",2022-05-06,7.002,7.4069
KAOS,"Comedy, Sci-Fi & Fantasy, Drama",2024-08-29,7.327,7.7359
Turn of the Tide,Drama,2023-05-26,7.0,6.8104
Kaulitz & Kaulitz,Reality,2024-06-25,8.268,6.9661
Creeped Out,"Sci-Fi & Fantasy, Mystery",2017-10-31,7.185,6.7422
SHIBOYUGI: Playing Death Games to Put Food on the Table,"Animation, Action & Adventure, Mystery",2026-01-07,6.9,6.7174
MIU404,"Crime, Mystery, Drama",2020-06-26,7.5,7.1296
Scandal Eve,Mystery,2025-11-19,8.0,8.524
Blood Coast,"Action & Adventure, Crime, Drama",2023-12-06,7.363,7.0886
Dead End: Paranormal Park,"Animation, Kids",2022-06-16,7.282,6.9862
Black Summer,"Sci-Fi & Fantasy, Drama, Action & Adventure",2019-04-11,6.919,6.8719
Sean Combs: The Reckoning,"Documentary, Crime",2025-12-02,7.3,7.0731
Straight to Hell,Drama,2026-04-27,7.84,6.4218
Moonrise,"Animation, Action & Adventure, Sci-Fi & Fantasy",2025-04-10,7.096,6.6387
timelesz project -AUDITION-,Reality,2024-09-17,6.25,6.0338
Court of Gold,Documentary,2025-02-18,8.172,6.7027
Lucas the Spider,"Kids, Animation",2021-09-18,7.2,6.6993
Exploding Kittens,"Animation, Comedy",2024-07-12,7.461,6.8888
Ipar Adalah Maut: The Series,Drama,2025-11-03,4.5,6.5751
Holly Hobbie,"Family, Drama",2018-11-16,8.4,6.8515
The Map of Longing,Drama,2026-07-17,8.263,8.4479
Tekken: Bloodline,"Action & Adventure, Sci-Fi & Fantasy, Animation",2022-08-18,7.34,7.6411
Stepmom and Daughter Blues,"Drama, Family, Comedy",2018-07-10,7.5,6.8825
Skull Island,"Animation, Action & Adventure, Sci-Fi & Fantasy",2023-06-22,7.033,7.0994
Terrace House: Tokyo 2019-2020,"Reality, Drama, Soap",2019-05-14,6.455,6.2011
Deadwind,"Drama, Crime",2018-03-14,6.946,7.4758
Still 17,"Drama, Comedy, Crime, Mystery",2018-07-23,7.967,6.6432
Splinter Cell: Deathwatch,"Animation, Action & Adventure",2025-10-14,6.712,8.113
Masters of the Universe: Revolution,"Animation, Action & Adventure, Sci-Fi & Fantasy",2024-01-25,7.783,6.7188
Maestro in Blue,"Drama, Crime",2022-10-13,6.5,6.5561
"Nevertheless,",Drama,2021-06-19,7.3,7.2106
Gilmore Girls: A Year in the Life,"Drama, Comedy",2016-11-25,7.318,7.199
Hwarang: The Poet Warrior Youth,"Drama, Comedy, Action & Adventure",2016-12-19,7.887,6.6755
Sins of Kujo,"Crime, Drama",2026-04-02,7.7,6.9945
Doctor Slump,"Drama, Comedy",2024-01-27,8.1,7.2692
Hierarchy,Drama,2024-06-07,7.724,6.5551
Finding Her Edge,Drama,2026-01-22,7.591,6.5914
Happiness,"Drama, Mystery, Sci-Fi & Fantasy",2021-11-05,8.084,6.6266
Supacell,"Action & Adventure, Sci-Fi & Fantasy, Drama",2024-06-27,7.399,8.2456
Bread Barbershop,"Animation, Kids, Comedy",2019-01-03,5.2,7.1207
Homicide,"Documentary, Crime",2024-03-20,7.016,7.6038
Two Fathers,"Comedy, Family",2013-03-26,6.6,7.5776
The Asset,"Drama, Crime",2025-10-27,7.236,6.8529
On My Block,Comedy,2018-03-16,8.306,6.9441
A Korean Odyssey,"Comedy, Mystery, Sci-Fi & Fantasy, Drama",2017-12-23,8.061,7.6618
How to Get to Heaven from Belfast,"Mystery, Comedy, Drama",2026-02-12,7.052,6.2868
This Is a Gardening Show,"Comedy, Documentary, Reality",2026-04-22,7.222,7.0131
When They See Us,Drama,2019-05-31,8.201,6.9632
Kurukshetra: The Great War of Mahabharata,"Action & Adventure, Drama, Animation",2025-10-10,8.03,6.9865
Cagaster of an Insect Cage,"Animation, Drama, Sci-Fi & Fantasy, Action & Adventure",2020-02-06,7.9,6.8457
RESIDENT EVIL: Infinite Darkness,"Animation, Drama, Action & Adventure, Sci-Fi & Fantasy",2021-07-08,7.547,7.3001
No Good Nick,"Comedy, Family",2019-04-15,6.734,6.716
Istanbul Encyclopedia,Drama,2025-04-17,5.567,7.8594
Weightlifting Fairy Kim Bok-joo,"Comedy, Drama",2016-11-16,8.499,6.9005
Two Husbands One Wife,Drama,2025-04-09,7.143,6.804
Idol I,"Mystery, Drama, Crime, Comedy",2025-12-22,7.8,6.8558
Dead Boy Detectives,"Drama, Mystery, Sci-Fi & Fantasy",2024-04-25,7.629,6.6653
Echoes,"Drama, Mystery",2022-08-19,6.577,8.024
Anatomy of a Scandal,Drama,2022-04-15,7.0,6.7197
Daughter from Another Mother,"Comedy, Drama",2021-01-20,7.637,8.1258
Light the Night,"Drama, Mystery, Crime",2021-11-27,8.2,6.9347
The Town,"Drama, Crime",2025-12-11,6.5,7.1996
The Last Dance,Documentary,2020-04-19,8.271,6.9565
Jin,"Drama, Sci-Fi & Fantasy",2009-10-11,7.95,8.0175
The Helicopter Heist,"Action & Adventure, Drama, Crime",2024-11-22,7.031,6.2042
Community Squad,"Comedy, Crime",2023-02-17,8.0,6.889
The On1y One,"Drama, Comedy",2024-08-22,8.719,6.8755
Zomvivor,"Drama, Sci-Fi & Fantasy, Action & Adventure",2025-10-31,7.3,6.893
Carol & the End of the World,"Animation, Comedy, Drama, Sci-Fi & Fantasy",2023-12-15,7.341,6.2577
Good Morning Call,"Comedy, Drama",2016-02-12,7.0,6.0876
Akuma Kun,"Animation, Sci-Fi & Fantasy, Mystery, Crime",2023-11-09,7.162,5.8625
Prison Playbook,"Drama, Crime",2017-11-22,8.243,6.6869
Tales of the Teenage Mutant Ninja Turtles,"Animation, Action & Adventure, Sci-Fi & Fantasy, Family, Comedy",2024-08-08,7.8,6.0413
Daily Dose of Sunshine,Drama,2023-11-03,8.245,6.7419
Club de Cuervos,"Drama, Comedy",2015-08-07,8.41,6.7128
Dogs in Space,"Comedy, Animation, Action & Adventure, Family, Sci-Fi & Fantasy, Kids",2021-11-18,7.591,6.187
Love on the Spectrum,"Documentary, Reality",2022-05-18,7.89,6.8641
Control Z,Drama,2020-05-22,8.173,7.3409
Mermaid Magic,"Animation, Kids, Action & Adventure, Comedy, Family, Sci-Fi & Fantasy",2024-08-22,6.5,7.5571
Love Life,"Comedy, Drama",2020-05-27,6.943,6.2344
Wrong Side of the Tracks,"Drama, Crime",2022-02-01,7.203,7.4746
The Devil's Plan,Reality,2023-09-26,7.635,6.7806
Agent from Above,"Drama, Action & Adventure, Sci-Fi & Fantasy",2026-04-02,7.394,7.1284
Case Closed: The Culprit Hanzawa,"Animation, Comedy, Mystery, Crime",2022-10-04,7.5,6.7433
Diary of a Gigolo,Drama,2022-09-07,7.781,7.1914
Bet,"Drama, Mystery, Crime",2025-05-15,6.7,7.786
Who Rules The World,"Drama, War & Politics",2022-04-18,7.5,6.5082
Teletubbies,"Kids, Sci-Fi & Fantasy",2022-11-14,6.178,7.5239
Welcome to Samdal-ri,"Drama, Comedy",2023-12-02,8.2,7.2135
High-Rise Invasion,"Animation, Mystery, Action & Adventure",2021-02-25,8.2,7.0727
Fight for My Way,"Comedy, Drama",2017-05-22,7.975,6.247
The Time It Takes,"Comedy, Drama",2021-10-29,6.8,4.6923
Home Town,Reality,2016-01-24,6.4,5.7735
Defying Destiny,Drama,2026-01-05,8.0,6.2075
Lost You Forever,"Drama, Action & Adventure, Sci-Fi & Fantasy",2023-07-24,7.1,7.3215
Our Beloved Summer,"Comedy, Drama",2021-12-06,8.37,6.4221
Aema,"Drama, Comedy",2025-08-22,7.4,6.5866
Missing You,"Drama, Crime, Mystery",2025-01-01,6.204,6.9449
I Am Not a Robot,"Comedy, Drama",2017-12-06,8.3,5.946
Girlboss,Comedy,2017-04-21,6.543,6.6385
History 101,Documentary,2020-05-22,7.133,6.4922
Live to 100: Secrets of the Blue Zones,"Documentary, Mystery",2023-08-30,7.7,6.9426
Celebrity Bear Hunt,Reality,2025-02-05,6.4,7.2215
Aquarius,"Drama, Crime",2015-05-28,6.547,6.4638
Doctor Climax,"Drama, Comedy",2024-06-13,6.6,7.0012
Death by Lightning,"Drama, Crime",2025-11-06,7.268,6.7767
Johnny Test,"Animation, Comedy, Kids, Action & Adventure, Sci-Fi & Fantasy",2021-07-16,6.16,7.2908
Deceitful Love,"Drama, Mystery",2024-10-09,6.491,7.2534
Trese,"Animation, Sci-Fi & Fantasy, Mystery, Crime",2021-06-11,7.271,6.86
The Trunk,"Drama, Mystery",2024-11-29,7.0,6.1288
Rise of Empires: Ottoman,"Documentary, War & Politics, Action & Adventure",2020-01-24,7.5,6.7865
High Seas,"Crime, Drama",2019-05-24,6.887,5.9155
Territory,"Western, Drama, Action & Adventure",2024-10-24,6.92,7.3846
Pro Bono,"Comedy, Drama",2025-12-06,8.282,6.8503
Doona!,Drama,2023-10-20,7.702,6.8053
Princess Power,"Kids, Animation",2023-01-30,7.2,5.9443
Parasyte: The Grey,"Sci-Fi & Fantasy, Action & Adventure, Drama",2024-04-05,7.453,7.0139
Hostage,"Drama, War & Politics",2025-08-21,6.772,8.5348
Had I Not Seen the Sun,"Crime, Drama, Mystery",2025-11-13,8.2,8.2608
Fishbowl Wives,Drama,2022-02-14,6.1,6.9061
Cherry Magic! Thirty Years of Virginity Can Make You a Wizard?!,"Comedy, Drama",2020-10-09,8.2,6.4935
The Decameron,"Comedy, Drama",2024-07-25,5.888,6.2302
The Midnight Gospel,"Animation, Comedy, Sci-Fi & Fantasy, Mystery",2020-04-20,8.28,6.2077
Rebooting,"Drama, Comedy, Sci-Fi & Fantasy",2023-01-08,8.8,6.4334
LAST HOPE,"Drama, Animation, Action & Adventure, Sci-Fi & Fantasy",2018-03-29,5.273,6.118
Mask Girl,"Drama, Comedy, Mystery, Crime",2023-08-18,7.428,6.9301
Beyond Evil,"Drama, Crime, Mystery",2021-02-19,8.521,6.9701
World of Winx,"Animation, Action & Adventure",2016-11-04,7.7,5.5088
Risqué Business: The Netherlands and Germany,Reality,2024-02-20,7.0,6.9121
All the Light We Cannot See,Drama,2023-11-02,7.398,6.6285
Bandi,Drama,2026-04-09,7.615,6.4539
Trolley,"Mystery, Drama",2022-12-19,5.0,5.9307
The Winning Try,"Drama, Comedy",2025-07-25,8.594,6.7983
Physical: Asia,Reality,2025-10-28,7.577,6.5508
Her Mother's Killer,Drama,2020-04-13,7.6,6.995
The Pete Davidson Show,"Talk, Comedy",2026-01-30,7.0,6.0174
Ask the Storybots,"Kids, Animation",2016-08-12,7.0,6.4759
The New Legends of Monkey,"Sci-Fi & Fantasy, Action & Adventure, Comedy, Drama",2018-01-28,7.135,6.332
The Puppet Master: Hunting the Ultimate Conman,"Documentary, Crime",2022-01-18,6.7,6.3025
Failure Frame: I Became the Strongest and Annihilated Everything with Low-Level Spells,"Animation, Sci-Fi & Fantasy, Action & Adventure",2024-07-05,7.4,6.214
Sacred Games,"Drama, Crime, Action & Adventure",2018-07-06,7.8,6.0895
The Staircase,"Documentary, Crime",2004-10-07,7.598,6.3196
Messiah,Drama,2020-01-01,7.259,6.688
Stay Close,"Drama, Crime, Mystery",2021-12-31,6.99,6.3639
Trash Truck,"Animation, Kids",2020-11-10,5.9,6.6227
Lock Upp,Reality,2022-02-27,8.7,6.0681
Terrace House: Boys & Girls in the City,Reality,2015-10-12,7.75,5.8387
La Palma,Drama,2024-12-12,6.824,6.6251
Signal,"Crime, Mystery, Sci-Fi & Fantasy, Drama",2016-01-22,8.197,7.622
A Man in Full,Drama,2024-05-02,6.247,5.7992
Burning Body,"Drama, Mystery",2023-09-08,6.713,6.8235
Heeramandi,"Drama, War & Politics",2024-05-01,6.2,7.1787
The Cage,"Action & Adventure, Drama",2024-11-08,6.65,6.5218
The Politician,Comedy,2019-09-27,6.979,6.2379
La Grande Maison Tokyo,Drama,2019-10-20,8.4,6.1989
Find Yourself,Drama,2020-01-26,7.58,6.412
Edgar Rice Burroughs' Tarzan and Jane,"Action & Adventure, Animation",2017-01-05,7.2,7.4992
The Hook Up Plan,Comedy,2018-12-07,6.606,6.3703
A Tale Dark & Grimm,"Kids, Action & Adventure, Animation, Comedy, Family",2021-10-08,7.026,6.3647
She Was Pretty,"Comedy, Drama",2015-09-16,8.269,6.1006
Radiation House,"Drama, Mystery",2019-04-08,6.875,5.7564
The Mire,"Drama, Crime, Mystery",2018-08-19,6.801,6.2558
The Idaho Murders: College Nightmare,"Documentary, Crime",2026-07-29,6.7,6.6727
WWE Raw Classics,"Action & Adventure, Reality",2025-01-01,5.0,6.9505
Farzar,"Sci-Fi & Fantasy, Comedy, Animation",2022-07-15,5.977,5.9833
Dandelion,"Animation, Sci-Fi & Fantasy, Drama, Comedy",2026-04-16,8.1,5.8812
Kinnikuman Perfect Origin Arc,"Animation, Comedy, Action & Adventure",2024-07-14,5.3,6.4398
An Incurable Case of Love,"Comedy, Drama",2020-01-14,7.5,6.5731
Invisible City,"Mystery, Drama, Sci-Fi & Fantasy",2021-02-05,7.2,6.3667
Sheriff Labrador,"Kids, Animation",2022-10-20,9.0,5.992
The Princess Weiyoung,"Drama, War & Politics",2016-11-11,7.6,5.9005
Raising Voices,Drama,2024-05-31,7.726,6.4805
The Society,"Drama, Sci-Fi & Fantasy",2019-05-10,7.4,6.2532
Michael Jackson: The Verdict,Documentary,2026-06-03,4.658,6.4513
Muted,"Drama, Mystery, Crime",2023-05-19,6.224,6.1962
Oh My Venus,"Comedy, Drama",2015-11-16,8.11,6.2546
Pernille,"Drama, Comedy",2021-05-02,7.784,5.8519
No Good Deed,"Drama, Comedy",2024-12-12,6.419,5.9415
The Longest Promise,"Sci-Fi & Fantasy, Drama",2023-07-02,7.6,5.9909
Break Point,Documentary,2023-01-13,7.3,8.8089
Patriot Act with Hasan Minhaj,"Comedy, Talk",2018-10-28,7.104,5.9769
Sisters' Feud,Drama,2024-11-13,7.552,5.5101
18 Again,"Drama, Comedy, Sci-Fi & Fantasy",2020-09-21,8.345,6.3659
Into the Night,Sci-Fi & Fantasy,2020-05-01,7.126,6.8404
Summertime,"Drama, Comedy",2020-04-29,6.816,6.1371
Is It Cake?,Reality,2022-03-18,6.935,5.6637
My Daemon,"Animation, Sci-Fi & Fantasy, Action & Adventure, Drama",2023-11-23,8.021,6.1594
First Kill,"Drama, Mystery",2022-06-10,7.707,6.4956
Easy,"Comedy, Drama",2016-09-22,5.997,5.6804
Love 101,"Comedy, Drama",2020-04-24,7.7,5.8192
Million Dollar Secret,Reality,2025-03-26,7.719,6.3538
Our Planet,"Documentary, Family",2019-04-05,8.537,6.2282
Green Mothers' Club,"Drama, Mystery",2022-04-06,5.5,7.9563
Wet Hot American Summer: Ten Years Later,Comedy,2017-08-04,6.451,5.964
Good Luck!!,"Drama, Comedy",2003-01-19,7.4,5.7784
The Airport Chaplain,Drama,2026-08-26,5.0,5.4266
Ōoku: The Inner Chambers,"Animation, Drama",2023-06-29,7.269,5.8111
The Hollow,"Animation, Drama, Mystery, Sci-Fi & Fantasy",2018-06-08,6.907,6.3023
Zombieverse,Reality,2023-08-08,5.9,6.2773
You and Everything Else,Drama,2025-09-12,8.258,6.3875
Brews Brothers,Comedy,2020-04-10,5.58,6.6194
Lockwood & Co.,"Sci-Fi & Fantasy, Action & Adventure",2023-01-27,7.504,5.8596
Yu Yu Hakusho,"Drama, Sci-Fi & Fantasy, Action & Adventure",2023-12-14,7.5,6.8356
The Waterfront,"Drama, Crime",2025-06-19,7.128,5.7744
Good Times,"Comedy, Animation",2024-04-12,5.467,6.1517
Mr. Hiiragi's Homeroom,"Crime, Drama, Mystery",2019-01-06,8.0,5.8115
Dudes,Comedy,2025-10-02,6.188,5.5754
Man vs Bee,"Family, Comedy",2022-06-24,7.089,5.7449
Dear Hongrang,"Drama, Mystery",2025-05-16,7.4,6.1589
No Tail to Tell,"Sci-Fi & Fantasy, Comedy, Drama",2026-01-16,7.91,5.9065
Forbidden Woman,"Drama, Soap",2026-07-29,9.667,5.5197
FOREVER,Drama,2025-05-08,6.714,5.2406
See You in My 19th Life,"Drama, Comedy",2023-06-17,8.131,5.7303
Maya and the Three,"Animation, Family, Action & Adventure, Comedy, Kids",2021-10-22,7.873,5.775
Long Story Short,"Comedy, Animation",2025-08-22,7.45,5.6679
Tokyo Override,"Animation, Action & Adventure, Sci-Fi & Fantasy",2024-11-21,7.173,5.735
Llama Llama,"Animation, Kids",2018-01-26,6.7,5.019
I Hear Your Voice,"Comedy, Drama, Mystery, Sci-Fi & Fantasy",2013-06-05,8.092,5.6911
"Ada Twist, Scientist","Kids, Animation, Comedy, Family",2021-09-28,6.2,5.7443
Néro the Assassin,"Drama, Action & Adventure",2025-10-08,6.6,5.9996
Criminal Code,"Drama, Crime, Action & Adventure",2023-11-14,7.6,5.9394
Secret Garden,"Comedy, Drama, Sci-Fi & Fantasy",2010-11-13,7.493,5.8388
Feel Good,"Drama, Comedy",2020-03-18,7.114,5.8167
Our Unwritten Seoul,Drama,2025-05-24,8.438,5.9812
Death Inc.,Comedy,2024-04-04,7.245,5.7202
Super Monsters,"Animation, Kids, Comedy",2017-10-13,7.889,5.5321
Ski into Love,Drama,2025-03-11,7.0,6.1441
Wok of Love,"Drama, Comedy",2018-05-07,6.8,5.4688
Seven Seconds,"Crime, Drama",2018-02-23,7.304,5.8209
Biohackers,"Drama, Sci-Fi & Fantasy, Action & Adventure, Mystery",2020-08-20,7.241,6.4017
"Devotion, a Story of Love and Desire",Drama,2022-02-14,6.356,6.5148
Brazil '70: The Third Star,Drama,2026-05-29,8.417,6.1345
Wonderoos,"Animation, Kids",2024-07-15,8.8,5.5497
Rubble & Crew,"Animation, Kids, Family",2023-02-03,0.0,5.3552
Hot Skull,"Drama, Mystery, Sci-Fi & Fantasy",2022-12-02,5.938,5.8368
Missing: The Other Side,"Mystery, Sci-Fi & Fantasy",2020-08-29,7.635,5.9706
Ghost Wars,"Mystery, Sci-Fi & Fantasy, Drama",2017-10-05,5.975,6.4337
Somebody Feed Phil,"Documentary, Reality",2018-01-12,7.167,6.625
Bad Exorcist,"Animation, Comedy, Sci-Fi & Fantasy, Action & Adventure",2020-12-03,5.9,5.2675
Kid Cosmic,"Animation, Action & Adventure, Sci-Fi & Fantasy",2021-02-02,7.847,5.7022
Man vs Baby,"Comedy, Family",2025-12-11,6.805,5.7983
Coffee Prince,"Comedy, Drama",2007-07-02,8.157,6.4598
Between Father and Son,Drama,2026-05-13,6.935,5.9775
The Barrier,"Drama, Sci-Fi & Fantasy, War & Politics, Mystery",2020-01-19,6.989,5.8682
Hero Without a Class: Who Even Needs Skills?!,"Animation, Action & Adventure, Comedy, Sci-Fi & Fantasy",2025-10-01,5.9,6.2695
Blood Legacy,Drama,2024-09-20,7.2,6.063
When the Stars Gossip,"Comedy, Sci-Fi & Fantasy, Drama",2025-01-04,7.418,5.6435
Agent Elvis,"Animation, Comedy, Action & Adventure",2023-03-17,6.894,5.5636
You Are My Spring,Drama,2021-07-05,6.4,5.8935
Glitch Techs,"Animation, Sci-Fi & Fantasy, Kids",2020-02-21,8.18,6.1732
The Woman in the House Across the Street from the Girl in the Window,"Mystery, Crime, Comedy",2022-01-28,6.535,5.2202
Mechamato,"Kids, Animation, Action & Adventure, Comedy, Family, Sci-Fi & Fantasy",2021-12-04,9.3,6.0662
Youth of May,Drama,2021-05-03,8.102,5.8613
Wu Assassins,"Sci-Fi & Fantasy, Drama, Action & Adventure, Crime",2019-08-08,6.7,5.9526
IRL: In Real Love,Reality,2023-04-06,5.714,5.9263
The Imperfects,"Action & Adventure, Drama, Sci-Fi & Fantasy",2022-09-08,6.942,5.634
Dinner Time Live with David Chang,Reality,2024-01-25,6.8,5.1427
The Gringo Hunters,"Crime, Drama",2025-07-09,7.6,5.1363
The Crystal Cuckoo,"Drama, Crime, Mystery",2025-11-14,6.607,5.464
Miss Night and Day,"Sci-Fi & Fantasy, Comedy, Mystery",2024-06-15,8.548,5.5688
Sirens,"Drama, Comedy",2025-05-22,6.624,5.7918
LEGO Friends: Girls on a Mission,"Animation, Kids, Family",2018-03-16,6.5,4.9812
Taskaree: The Smuggler's Web,"Crime, Mystery, Drama",2026-01-14,6.8,5.6047
The Sound of Magic,"Drama, Sci-Fi & Fantasy",2022-05-06,7.685,5.5615
The Marked Heart,"Soap, Mystery",2022-04-20,7.69,5.4659
Too Hot to Handle: Brazil,Reality,2021-07-21,7.311,5.906
Ganglands,"Crime, Action & Adventure",2021-09-24,7.104,6.6534
Soul Mate,Drama,2026-05-14,8.4,5.7339
Celebrity,"Drama, Mystery",2023-06-30,7.801,5.4318
Little Bheem,"Animation, Action & Adventure, Comedy, Kids, Family, Sci-Fi & Fantasy",2008-12-31,6.4,5.9252
The Witness,"Drama, Crime",2026-06-04,6.413,6.0174
Unstable,"Comedy, Drama",2023-03-30,6.904,5.4264
Better Late Than Single,Reality,2025-07-08,8.219,5.2495
Unnatural,"Drama, Crime, Mystery",2018-01-12,8.4,5.4738
RIDE ON TIME,Documentary,2018-10-06,6.0,5.2073
Are You Human?,"Sci-Fi & Fantasy, Drama, Mystery",2018-06-04,8.124,5.8351
Monarca,Drama,2019-09-13,7.375,5.6821
Candy Online,"Drama, Family",2019-11-16,6.7,5.7487
Black Earth Rising,"Drama, Crime, Mystery",2018-09-10,6.462,5.977
Friends from College,Comedy,2017-07-14,6.259,5.6455
Barbie: Dreamhouse Adventures,"Animation, Family, Kids, Comedy",2018-05-03,7.788,5.3224
Light to the Night,"Crime, Mystery",2026-04-26,7.7,5.8792
A Gatherer's Adventure in Isekai,"Animation, Action & Adventure, Sci-Fi & Fantasy",2025-10-07,6.9,5.6406
The Survivors,"Drama, Mystery",2025-06-06,6.648,5.391
Crime Scene Zero,"Reality, Crime",2025-09-23,9.3,5.3833
A Love So Beautiful,"Drama, Comedy",2020-12-28,8.32,5.5192
Glory,"Drama, Mystery, Action & Adventure",2026-05-01,6.8,5.7168
Flower Crew: Joseon Marriage Agency,"Comedy, Drama",2019-09-16,6.1,5.314
True Haunting,"Documentary, Mystery",2025-10-07,6.431,6.2996
Desperate Lies,Drama,2024-07-05,7.712,6.487
"Hello, My Twenties!","Comedy, Drama",2016-07-22,7.232,5.7883
Reboot,"Mystery, Crime, Drama",2026-01-18,7.5,5.3791
Ancient Apocalypse,Documentary,2022-11-11,6.626,5.9581
Midnight at the Pera Palace,"Drama, Mystery, Crime",2022-03-03,7.6,5.5525
Melo Movie,"Comedy, Drama",2025-02-14,7.484,5.7565
The InBESTigators,"Comedy, Crime, Kids",2019-06-21,8.0,6.0905
The Freak Brothers,"Animation, Comedy",2021-11-14,5.524,5.6797
Everything Sucks!,"Drama, Comedy",2018-02-16,7.123,5.4322
Soar High!,Drama,2022-10-03,6.0,5.44
Narco-Saints,Crime,2022-09-09,7.691,5.8857
Mine,"Mystery, Drama",2021-05-08,7.553,5.6756
Crash Course in Romance,"Drama, Comedy",2023-01-14,8.182,6.2636
Masha's Spooky Stories,"Kids, Animation",2014-12-26,5.3,5.5592
Erased,"Drama, Mystery, Crime",2017-12-15,7.385,5.6531
Where Stars Land,Drama,2018-10-01,7.4,5.4
Bad Influencer,"Drama, Crime",2025-10-31,5.8,5.5221
Pinocchio,"Drama, Comedy, Mystery",2014-11-12,8.2,5.7641
Surviving Summer,Drama,2022-06-03,7.22,6.5143
Cocomelon,"Animation, Kids",2020-05-31,6.3,4.6711
Archive 81,"Drama, Mystery, Sci-Fi & Fantasy",2022-01-14,7.221,6.3521
Golden Kamuy -The Hunt of Prisoners in Hokkaido-,"Action & Adventure, Comedy, Mystery",2024-10-06,7.842,5.1682
Kuromukuro,"Animation, Comedy, Drama, Mystery",2016-04-07,6.33,5.3181
Survival of the Thickest,"Comedy, Drama",2023-07-13,6.8,5.151
The Girl from Oslo,Drama,2021-04-11,0.0,5.6309
Sanctuary,Drama,2023-05-04,7.782,5.7926
The Last Kids on Earth,"Animation, Comedy, Sci-Fi & Fantasy",2019-09-17,8.176,5.6795
Queen Mantis,"Crime, Mystery, Drama",2025-09-05,7.138,5.7589
Long Vacation,Drama,1996-04-15,8.6,6.091
Once Upon a Small Town,"Drama, Comedy",2022-09-05,7.5,5.4526
Senna,Drama,2024-11-29,8.105,5.4779
Agents of Mystery,Reality,2024-06-18,7.638,5.6
Doctors,"Drama, Comedy",2016-06-20,8.125,6.4458
The Tick,Comedy,2001-11-08,7.338,5.7839
I Am Georgina,Reality,2022-01-27,7.054,5.5979
The Bastard Son & the Devil Himself,"Sci-Fi & Fantasy, Action & Adventure, Mystery",2022-10-28,7.311,5.1316
The Signal,"Sci-Fi & Fantasy, Drama, Mystery",2024-03-07,6.384,5.397
Dear Child,"Crime, Drama, Mystery",2023-09-07,7.312,5.2742
Woman of the Dead,"Drama, Crime",2022-11-07,7.016,5.7795
Team Kaylie,"Comedy, Family",2019-09-23,6.1,5.1578
The Ba***ds of Bollywood,"Comedy, Action & Adventure",2025-09-18,6.82,5.0928
Capitani,Crime,2019-10-01,6.735,5.706
My Sunshine,Drama,2015-01-10,6.4,5.4326
Onimusha,"Animation, Action & Adventure, Sci-Fi & Fantasy",2023-11-02,7.5,5.7481
The Queen and the Conqueror,Drama,2020-05-20,8.2,4.4678
Hot Wheels Let's Race,"Animation, Kids, Action & Adventure",2024-03-04,8.4,5.6865
Criminal: Germany,"Crime, Drama",2019-09-20,6.925,5.5917
Dew Drop Diaries,"Kids, Animation, Sci-Fi & Fantasy",2023-07-24,7.5,4.4369
Class Act,Drama,2023-09-13,7.192,5.2969
Blue Period,"Animation, Drama",2021-10-02,7.167,5.6387
Love to Hate You,"Drama, Comedy",2023-02-10,8.2,5.2175
The Unwanted Undead Adventurer,"Animation, Mystery, Action & Adventure, Sci-Fi & Fantasy",2024-01-08,7.663,5.3952
Between Lands,Drama,2023-09-10,7.2,6.2452
Pararescue Jumper,Drama,2025-04-24,6.7,5.2406
The Full-Time Wife Escapist,"Comedy, Drama",2016-10-11,7.9,5.6823
Beat Bugs,"Animation, Family",2016-07-25,5.1,5.1351
Home for Christmas,"Drama, Comedy",2019-12-05,7.387,5.5915
Reunited Worlds,Drama,2017-07-19,7.6,5.3251
The 8 Show,"Mystery, Comedy, Drama",2024-05-17,7.249,5.4335
Kübra,Drama,2024-01-18,6.9,5.1328
Requiem,"Mystery, Drama",2018-02-02,6.226,5.2055
Mobius,"Drama, Mystery, Crime, Action & Adventure",2025-09-17,7.4,5.5584
La Révolution,Drama,2020-10-16,6.7,5.3914
THE DAYS,"Drama, Crime",2023-06-01,7.727,5.2937
A Virtuous Business,"Drama, Comedy",2024-10-12,8.067,5.9038
Bonding,"Drama, Comedy",2019-04-24,6.881,5.3223
Di4ries,"Kids, Family, Drama",2022-05-18,7.4,6.0307
Dash & Lily,"Comedy, Drama",2020-11-10,7.803,5.548
The Billion Dollar Code,Drama,2021-10-07,7.882,5.8231
The Sound of Your Heart,Animation,2016-07-19,2.0,5.1117
Hi Score Girl,"Comedy, Animation",2018-07-14,8.142,5.1629
Brotherhood,"Drama, Action & Adventure",2019-10-25,8.0,5.588
I'm Not Afraid,Drama,2026-07-08,9.0,5.3128
"With Love, Meghan",Reality,2025-03-04,3.478,5.3271
Extremely Inappropriate!,"Drama, Sci-Fi & Fantasy, Comedy",2024-01-26,7.85,5.713
Bebefinn,"Animation, Kids",2022-11-01,0.0,4.5057
When the Weather Is Fine,Drama,2020-02-24,7.3,5.1595
EastSiders,"Drama, Comedy",2012-12-14,6.319,5.2809
Thus Spoke Kishibe Rohan,"Mystery, Animation",2017-09-20,8.1,4.9616
Record of Youth,Drama,2020-09-07,8.035,5.2662
Blazing Transfer Students,"Action & Adventure, Comedy, Drama",2017-11-10,7.3,5.3932
Women at War,"Drama, War & Politics",2022-09-19,6.984,5.5375
Tiger King,"Documentary, Crime",2020-03-20,6.893,5.4138
Away,"Sci-Fi & Fantasy, Drama",2020-09-04,6.544,4.9294
The World of the Married,Drama,2020-03-27,7.527,5.1951
Who Are You: School 2015,"Drama, Mystery",2015-04-27,7.6,4.9165
Goodbye Earth,Drama,2024-04-26,5.952,5.477
Captivating the King,"Drama, War & Politics, Mystery",2024-01-21,7.6,5.1833
Misaeng: Incomplete Life,"Comedy, Drama",2014-10-17,8.623,5.4927
Too Much,"Comedy, Drama",2025-07-10,5.7,5.0897
The Pride of the Temp,"Drama, Comedy",2007-01-10,7.3,5.8295
"Dr. Seuss's Red Fish, Blue Fish","Animation, Kids",2025-09-08,6.0,4.8327
Lady Voyeur,"Drama, Mystery",2023-01-01,6.67,5.2086
Offline Love,Reality,2025-02-18,8.6,4.4804
Ronaldinho: The One and Only,Documentary,2026-04-16,7.49,5.8117
Don't Dare to Dream,"Comedy, Drama",2016-08-24,8.1,5.4265
Under the Queen's Umbrella,Drama,2022-10-15,8.277,5.409
Pray Speak What Has Happened,Drama,2025-10-01,8.3,4.7256
Castaway Diva,"Comedy, Drama",2023-10-28,7.969,6.1646
SWORD GAI: The Animation,"Animation, Sci-Fi & Fantasy, Action & Adventure",2018-03-23,6.713,4.684
Until You Burn,"Drama, Mystery",2024-10-28,7.8,4.6436
Behind Your Touch,"Drama, Comedy, Sci-Fi & Fantasy, Mystery",2023-08-12,8.13,5.2534
The Beauty Inside,"Drama, Comedy, Sci-Fi & Fantasy",2018-10-01,7.9,5.5481
V Wars,"Sci-Fi & Fantasy, Drama",2019-12-05,7.254,4.9204
The Irregulars,"Drama, Mystery, Sci-Fi & Fantasy",2021-03-26,7.104,5.5331
Who Saw the Peacock Dance in the Jungle?,"Drama, Mystery",2025-01-24,7.4,5.2461
Cheer,Documentary,2020-01-08,7.33,5.5078
Amsterdam Empire,"Drama, Crime",2025-10-30,6.298,4.7076
The Sound of Your Heart,"Comedy, Drama",2016-11-07,7.864,5.2424
One Spring Night,Drama,2019-05-22,8.006,5.5734
Collateral,"Drama, Crime, Mystery",2018-02-12,6.433,4.9368
Anthracite,"Mystery, Crime, Drama",2024-04-10,6.178,4.8682
StarBeam,"Animation, Kids",2020-04-03,6.741,5.5365
The Boyfriend,Reality,2024-07-09,8.672,5.4356
Julie and the Phantoms,"Family, Comedy, Sci-Fi & Fantasy",2020-09-10,8.4,4.7766
Divorce Lawyer,Drama,2004-04-15,6.0,5.3403
Maamla Legal Hai,"Comedy, Drama",2024-03-01,7.672,5.5547
My Sesame Street Friends,Kids,2020-11-12,5.5,4.6094
Start-Up,"Drama, Comedy",2020-10-17,8.2,5.5012
The Glass Dome,"Drama, Crime, Mystery",2025-04-15,6.917,5.773
"Ashley Madison: Sex, Lies & Scandal","Crime, Documentary",2024-05-15,6.747,5.1028
Bill Nye Saves the World,"Reality, Talk, Documentary",2017-04-21,3.897,4.9985
Grand Army,Drama,2020-10-16,7.4,5.3573
Living with Yourself,"Comedy, Drama",2019-10-18,6.773,5.2775
Dee & Friends in Oz,"Kids, Animation, Sci-Fi & Fantasy",2024-02-05,3.0,4.3948
Military Prosecutor Doberman,Drama,2022-02-28,7.4,5.036
The Midnight Club,"Mystery, Drama",2022-10-07,6.745,5.492
Fated to Love You,"Comedy, Drama",2014-07-02,8.3,5.3012
Somewhere Between,"Crime, Drama",2017-07-24,6.443,4.6662
Beautiful Gong Shim,"Comedy, Drama",2016-05-14,6.9,5.5964
My Family,"Drama, Comedy",2025-02-19,7.359,4.7917
Single Papa,"Comedy, Drama",2025-12-12,7.6,5.7407
The Last Empress,"Drama, Action & Adventure, Mystery",2018-11-21,6.259,4.9024
Kong: King of the Apes,"Animation, Kids",2016-04-15,6.8,5.0581
Mech Cadets,"Action & Adventure, Animation, Family, Sci-Fi & Fantasy",2023-08-10,7.1,4.839
100 Days My Prince,"Comedy, Drama, Mystery",2018-09-10,7.9,4.973
Captain Fall,"Comedy, Animation",2023-07-28,6.569,5.4657
Case Closed: Zero's Tea Time,"Animation, Mystery, Comedy, Crime",2022-04-05,6.7,5.7229
Seis Manos,"Action & Adventure, Animation, Sci-Fi & Fantasy",2019-10-03,6.612,5.7565
Matori & Kyoken Men in the Back Alleys,"Crime, Drama, Action & Adventure",2026-01-21,7.0,5.3561
Tastefully Yours,"Comedy, Drama",2025-05-12,8.3,5.3443
Daybreak,"Sci-Fi & Fantasy, Action & Adventure",2019-10-24,6.967,5.2855
Dolly Parton's Heartstrings,Drama,2019-11-22,7.067,4.6216
Heavenly Ever After,"Sci-Fi & Fantasy, Drama",2025-04-19,8.5,4.9858
Life on Our Planet,Documentary,2023-10-25,8.0,5.4965
Pine Gap,"Drama, Mystery",2018-10-14,6.682,5.493
StoryBots: Answer Time,"Kids, Animation",2022-11-21,7.0,4.9816
Romantics Anonymous,"Comedy, Drama",2025-10-16,8.197,5.1336
Put Your Head on My Shoulder,"Drama, Comedy",2019-04-10,7.941,5.2507
Transformers: War for Cybertron: Siege,"Animation, Action & Adventure, Sci-Fi & Fantasy",2020-07-30,7.503,4.6729
My 2 Cents,"Animation, Comedy, Drama, Crime",2026-05-27,8.423,5.3791
Letters from the Past,Drama,2025-07-23,5.2,5.1314
My Girlfriend Is a Gumiho,"Comedy, Drama",2010-08-11,7.264,5.1506
Through the Darkness,"Crime, Drama, Mystery",2022-01-14,7.809,4.6415
A Storm for Christmas,"Drama, Comedy",2022-12-16,6.707,5.7906
ISHIKO and HANEO: You're Suing Me?,"Drama, Comedy",2022-07-15,7.5,4.8132
The King's Avatar,"Action & Adventure, Drama",2019-07-24,7.9,5.7077
Legend Quest,"Animation, Kids, Comedy",2017-02-24,7.947,5.0962
Country Comfort,"Comedy, Drama, Family",2021-03-19,7.312,5.8737
LEGO City Adventures,"Animation, Action & Adventure, Family, Comedy, Kids",2019-06-22,7.2,4.5473
Nothing to See Here,Comedy,2023-11-17,7.9,4.8565
The Greatest Teacher,"Mystery, Drama, Crime",2023-07-15,7.3,5.3396
My Little Pony: Tell Your Tale,"Animation, Kids, Family, Sci-Fi & Fantasy, Comedy",2022-04-07,7.0,5.0008
Angry Birds: Summer Madness,"Animation, Action & Adventure, Sci-Fi & Fantasy, Comedy, Kids",2022-01-28,7.221,5.0685
Dare You to Death,"Mystery, Crime, Drama",2025-12-18,7.767,5.9721
Detective Forst,"Crime, Drama, Mystery",2024-01-11,6.155,5.5737
Mr. McMahon,Documentary,2024-09-25,7.741,4.7293
My Little Pony: Make Your Mark,"Animation, Comedy, Kids, Family, Sci-Fi & Fantasy",2022-05-26,8.0,5.0322
Luna Park,Drama,2021-09-30,6.5,4.7122
The Hijacking of Flight 601,Drama,2024-04-10,7.979,4.8936
Rebelde,"Drama, Comedy",2022-01-05,7.4,5.495
RIV4LRIES,Family,2025-10-01,7.385,4.8677
Painkiller,"Drama, Crime",2023-08-10,7.211,5.2602
Re:Monster,"Animation, Action & Adventure, Sci-Fi & Fantasy",2024-04-05,8.04,5.1969
Two Summers,"Mystery, Drama",2022-02-06,6.545,4.9272
Stories of a Generation - with Pope Francis,Documentary,2021-12-25,7.071,4.3859
Kakegurui,"Drama, Mystery",2018-01-16,7.8,5.4631
"Hyde, Jekyll, Me","Comedy, Drama",2015-01-21,7.1,4.8311
Agency,Drama,2023-01-07,6.706,4.9395
Behind Every Star,"Drama, Comedy",2022-11-07,7.3,4.5509
A Love So Beautiful,"Comedy, Drama",2017-11-09,7.868,5.8067
Sky Rojo,"Action & Adventure, Crime, Drama",2021-03-19,7.487,5.8447
The Legend of Anle,Drama,2023-07-12,7.8,4.7154
Bling Empire,Reality,2021-01-15,6.893,4.8881
Treason,"Drama, Action & Adventure",2022-12-26,6.857,6.0113
Physical: 100,Reality,2023-01-24,7.613,5.6181
The Ultimatum: Marry or Move On,Reality,2022-04-06,6.0,4.9949
Chicken Nugget,"Comedy, Mystery, Sci-Fi & Fantasy",2024-03-15,6.4,5.0037
Tokyo Dogs,"Drama, Comedy",2009-10-19,7.4,5.2119
My Instant Death Ability Is Overpowered,"Action & Adventure, Animation, Comedy, Sci-Fi & Fantasy",2024-01-05,6.3,5.637
Love Generation,Drama,1997-10-13,8.5,4.9408
Spinning Out,Drama,2020-01-01,7.862,5.5387
Unorthodox,Drama,2020-03-26,7.715,4.5549
Motorvalley,"Drama, Action & Adventure",2026-02-10,7.216,5.2611
Starting 5,"Documentary, Reality",2024-10-09,7.274,4.586
Boss & Me,"Comedy, Drama",2014-07-08,7.0,4.8469
Glow Up: Britain's Next Make-Up Star,Reality,2019-03-05,6.798,4.6573
American Manhunt: Osama bin Laden,Documentary,2025-05-14,7.638,9.5277
Clickbait,"Drama, Mystery, Crime",2021-08-25,7.115,5.4
Royal Blood,"Action & Adventure, Drama, Family",2023-06-19,0.0,4.8097
The Surrogacy,Drama,2023-06-14,8.2,5.4928
Uncontrollably Fond,Drama,2016-07-06,7.525,5.2583
Sounds of Winter,Drama,2026-01-14,8.0,4.6748
Doctor Stranger,"Drama, Crime",2014-05-05,8.0,4.9794
The Woods,"Drama, Mystery",2020-06-12,6.857,5.2386
The Mothers of Penguins,"Drama, Comedy",2024-11-13,7.0,4.7631
Shahmaran,"Drama, Sci-Fi & Fantasy, Mystery, Action & Adventure",2023-01-20,6.72,4.5706
Thunder 3,"Animation, Sci-Fi & Fantasy",2026-07-09,8.7,4.8659
Harry & Meghan,Documentary,2022-12-08,5.8,4.9421
Colin in Black and White,Drama,2021-10-29,6.662,4.5307
Jamtara – Sabka Number Ayega,"Drama, Crime",2020-01-10,7.0,4.9307
Lookism,"Comedy, Drama, Animation",2022-12-08,8.298,5.2598
My Melody & Kuromi,"Animation, Sci-Fi & Fantasy, Kids",2025-07-24,8.488,4.7881
Post Mortem: No One Dies in Skarnes,"Drama, Comedy, Mystery",2021-08-25,7.1,5.4503
"Sacchan, Boku wa.",Drama,2024-06-11,7.444,5.3132
Our Blooming Youth,"Drama, Mystery",2023-02-06,6.5,4.8105
Kino's Journey,"Animation, Sci-Fi & Fantasy, Drama, Action & Adventure",2003-04-08,7.887,4.8489
Beyond Stranger Things,"Talk, Documentary",2017-10-27,7.488,4.2029
Cherry Magic! Thirty Years of Virginity Can Make You a Wizard?!,"Animation, Comedy",2024-01-11,7.6,4.4668
My Next Guest Needs No Introduction with David Letterman,"Talk, Comedy",2018-01-12,7.046,4.3919
Open Your Eyes,"Sci-Fi & Fantasy, Mystery, Drama",2021-08-25,6.9,5.7171
The Believers,"Drama, Crime",2024-03-27,7.5,5.3954
GOOD NIGHT WORLD,"Animation, Sci-Fi & Fantasy",2023-10-12,6.791,4.4827
Why I Dress Up for Love,Drama,2021-04-20,6.5,8.0681
Mismatched,"Comedy, Drama",2020-11-20,6.233,5.3401
Tales of the City,"Drama, Mystery",2019-06-07,6.803,4.6389
Bloodride,"Sci-Fi & Fantasy, Mystery, Action & Adventure",2020-03-13,6.808,5.4208
The Joel McHale Show with Joel McHale,"Comedy, Talk",2018-02-18,6.08,4.1656
Doctor John,Drama,2019-07-19,7.64,5.111
My Country: The New Age,"Drama, Action & Adventure",2019-10-04,6.898,5.1176
AJ and the Queen,"Comedy, Drama",2020-01-10,7.485,4.6024
I AM A KILLER,"Documentary, Crime",2018-05-29,6.861,4.7188
The New Force,Drama,2025-10-03,6.1,4.8948
Back to 15,"Comedy, Drama",2022-02-25,6.9,4.3583
Sakuna: Of Rice and Ruin,"Animation, Action & Adventure, Sci-Fi & Fantasy",2024-07-06,7.412,4.4867
PIECES OF HER,"Crime, Mystery, Drama",2022-03-04,6.491,4.6232
Doctor Cha,"Drama, Comedy",2023-04-15,8.183,4.6728
After School Doctor,Drama,2024-10-12,6.75,4.7799
Borgen - Power & Glory,"Drama, War & Politics",2022-02-13,8.0,5.5884
Bank Under Siege,"Crime, Drama, Action & Adventure",2024-11-08,6.709,4.5484
Mad for Each Other,"Drama, Comedy",2021-05-24,8.145,4.7288
Shine,"Drama, War & Politics",2025-08-02,8.7,5.337
Vampire in the Garden,"Animation, Drama, Sci-Fi & Fantasy, Action & Adventure",2022-05-16,7.086,4.6343
From Scratch,Drama,2022-10-21,7.557,5.5842
Baby Bandito,"Crime, Drama",2024-01-31,7.8,4.8759
Let’s Marry Harry,Reality,2026-08-05,10.0,4.8292
Fermat's Cuisine,Drama,2023-10-20,7.6,5.2471
October Faction,"Sci-Fi & Fantasy, Drama",2020-01-23,6.628,4.644
Kylie,Documentary,2026-05-20,8.696,4.8146
Chip and Potato,"Kids, Animation",2018-10-15,8.7,4.9012
Robozuna,"Animation, Sci-Fi & Fantasy, Kids",2018-10-25,7.5,4.4738
Medical Police,Comedy,2020-01-10,6.367,4.8094
Selena: The Series,Drama,2020-12-04,7.485,4.689
KAKEGURUI TWIN,"Animation, Mystery",2022-08-04,7.4,4.5466
The Atypical Family,"Drama, Sci-Fi & Fantasy",2024-05-04,8.229,4.8284
Equinox,"Sci-Fi & Fantasy, Drama",2020-12-30,7.107,4.7517
Sasaki and Peeps,"Animation, Comedy, Sci-Fi & Fantasy",2024-01-05,6.959,4.5753
Your Turn to Kill,"Mystery, Drama",2019-04-14,7.474,5.2076
The Dream Life of Mr. Kim,"Comedy, Drama",2025-10-25,8.3,4.7776
I Woke Up a Vampire,"Comedy, Family, Sci-Fi & Fantasy, Drama",2023-05-05,7.2,4.6849
The Girl Who Sees Smells,"Comedy, Sci-Fi & Fantasy, Drama, Crime",2015-04-01,7.244,4.2067
Uzumaki,"Mystery, Drama, Animation",2024-09-29,7.003,5.2797
Gypsy,Drama,2017-06-30,6.63,4.6901
If My Wife Becomes an Elementary School Student,"Family, Comedy, Drama",2022-01-21,8.6,5.753
Be Melodramatic,"Comedy, Drama",2019-08-09,7.9,4.5724
Karate Sheep,"Animation, Kids, Comedy",2022-05-09,6.0,3.7667
Halston,Drama,2021-05-14,7.029,4.4593
Brown and Friends,"Kids, Comedy, Animation",2022-12-29,7.4,4.3876
Poong The Joseon Psychiatrist,"Drama, Mystery",2022-08-01,5.56,5.526
Blood Ties,"Drama, Soap",2022-04-18,7.9,4.2653
The Orbital Children,"Animation, Action & Adventure, Sci-Fi & Fantasy",2022-01-28,7.262,5.0575
Go Back Couple,"Comedy, Sci-Fi & Fantasy",2017-10-13,7.716,4.5548
The Railway Men - The Untold Story of Bhopal 1984,Drama,2023-11-18,8.1,4.5609
Alexander: The Making of a God,"Documentary, Drama",2024-01-31,6.3,4.2568
Love After Divorce,Reality,2021-07-11,9.1,4.7652
Midsummer Night,Drama,2024-04-11,6.14,4.8393
Quicksand,"Crime, Drama",2019-04-05,7.1,5.2269
Abyss,"Comedy, Sci-Fi & Fantasy, Mystery, Drama",2019-05-06,8.1,4.7875
Fated to Love You,"Drama, Comedy, Family",2008-03-16,6.6,5.2859
Ingobernable,"War & Politics, Drama, Crime",2017-03-24,6.8,4.8418
The Disastrous Life of Saiki K.: Reawakened,"Animation, Comedy",2019-12-30,7.5,4.3564
YG Future Strategy Office,Comedy,2018-10-05,6.1,4.5857
Daniel Spellbound,"Animation, Action & Adventure",2022-10-27,7.762,4.7745
Bodkin,"Drama, Mystery",2024-05-09,6.45,4.5178
Tiny House Nation,Reality,2014-07-09,6.857,4.8081
Rana Naidu,"Crime, Drama, Mystery",2023-03-10,7.688,4.5266
Should I Marry a Murderer?,"Documentary, Crime",2026-04-29,6.581,5.0043
Strategist KANBE,"Drama, War & Politics",2014-01-05,9.4,5.0348
LEGO Friends: The Next Chapter,"Family, Animation",2023-06-17,7.4,4.5161
Holy Family,Drama,2022-10-14,7.333,5.303
Lost Song,"Animation, Action & Adventure, Sci-Fi & Fantasy",2018-04-08,7.577,3.9812
"Hi Bye, Mama!","Sci-Fi & Fantasy, Comedy, Drama",2020-02-22,8.11,5.4087
Chef's Table,Documentary,2015-04-26,7.674,4.6147
Office Girls,"Comedy, Drama",2011-08-21,6.6,5.2081
Crime Patrol,"Crime, Drama, Mystery, Action & Adventure",2003-05-09,7.833,4.7686
Children of the Whales,"Animation, Drama, Mystery, Sci-Fi & Fantasy",2017-10-08,7.367,4.7799
"To Love, To Lose",Drama,2026-01-15,6.6,4.7188
Family Business,Comedy,2019-06-28,7.122,4.3011
Trinkets,Drama,2019-06-14,7.62,5.2618
Our Universe,Documentary,2022-11-22,7.7,4.1641
Million-Follower Detective,"Mystery, Crime",2026-02-12,7.8,4.8611
I Heart Arlo,"Animation, Comedy, Kids",2021-08-27,5.1,4.3376
Still Shining,Drama,2026-03-06,7.8,4.5968
Rilakkuma's Theme Park Adventure,"Action & Adventure, Drama, Animation",2022-08-25,7.69,4.3081
The Confidence Man JP,"Comedy, Drama",2018-04-09,7.3,4.6532
The Secret Life of My Secretary,Comedy,2019-05-06,7.5,5.275
Lead Children,"Drama, War & Politics",2026-02-11,7.763,4.1306
Derek,"Comedy, Drama",2013-01-30,7.453,4.3386
Olympo,"Drama, Mystery",2025-06-20,7.744,4.8055
Tour de France: Unchained,Documentary,2023-06-08,8.239,4.1776
exception,"Animation, Sci-Fi & Fantasy, Mystery",2022-10-13,7.018,5.3473
Master's Sun,"Sci-Fi & Fantasy, Comedy, Drama",2013-08-07,8.0,4.6521
Karma’s World,"Animation, Comedy, Family, Kids",2021-10-15,7.2,4.4642
Masameer County,"Comedy, Animation",2021-07-01,8.714,4.9769
Luis Miguel: The Series,Drama,2018-04-22,7.999,4.7212
The 7 Lives of Lea,"Drama, Mystery",2022-04-28,7.5,4.6189
Public Enemy,"Crime, Drama",2016-05-01,6.9,4.6664
Dragons: Rescue Riders,"Animation, Action & Adventure, Comedy, Kids, Sci-Fi & Fantasy, Drama",2019-09-27,6.6,4.3732
Romantic Killer,"Animation, Comedy",2022-10-27,8.341,4.5479
Eden,"Animation, Drama, Sci-Fi & Fantasy",2021-05-27,6.634,5.1178
Danny Go!,Kids,2019-08-21,8.0,4.2817
Ikebukuro West Gate Park,"Drama, Crime, Comedy, Action & Adventure, Mystery",2000-04-14,7.4,4.7702
Platonic,Comedy,2025-09-18,5.8,5.1136
Outlast: The Jungle,Reality,2026-06-10,7.132,4.8677
The 101st Proposal,Drama,1991-07-01,7.8,4.5868
Savage Beauty,Drama,2022-05-12,7.026,4.8281
LOVED ONE,"Drama, Mystery",2026-04-08,6.0,4.6562
Antarctica,Drama,2011-10-16,8.333,4.2593
The Resurrected,"Crime, Drama, Mystery",2025-10-09,7.7,4.8881
The Potato Lab,"Comedy, Drama",2025-03-01,7.71,4.6332
At Eighteen,"Drama, Comedy",2019-07-22,6.8,4.3341
Terrace House: Opening New Doors,Reality,2017-12-19,7.7,4.0031
Five Came Back,"Documentary, War & Politics",2017-03-31,7.233,4.8067
The 19th Medical Chart,Drama,2025-07-13,7.75,4.3251
Unsolved Mysteries,,2020-07-01,0.0,4.7104
Santita,Drama,2026-04-22,5.071,4.4547
The Third Charm,Drama,2018-09-28,6.2,4.663
Sisyphus,"Sci-Fi & Fantasy, Drama, Mystery, Action & Adventure",2021-02-17,7.1,4.5432
The Magic School Bus Rides Again,"Kids, Animation",2017-09-29,6.9,4.4993
AARO -All-domain Anomaly Resolution Office-,"Drama, Mystery",2024-10-09,7.313,4.4707
WHAT / IF,Drama,2019-05-24,6.43,4.6435
Testament: The Story of Moses,"Documentary, Drama, Sci-Fi & Fantasy",2024-03-27,7.299,4.7152
Black Pean,"Drama, Mystery",2018-04-22,7.6,4.3442
Nevertheless: The Shapes of Love,Drama,2024-12-09,7.559,4.3601
Beach Boys,"Drama, Comedy",1997-07-07,7.9,4.3591
Typhoon Family,Drama,2025-10-11,8.4,4.7511
The Evil Lawyer,"Crime, Drama",2026-06-11,7.133,4.8399
Football Parents,Comedy,2025-05-16,6.118,4.3838
The Mess You Leave Behind,"Drama, Mystery",2020-12-11,6.91,4.4661
Tiger and Dragon,"Drama, Comedy",2005-04-15,7.1,4.4065
KLASS 95: The Power of Beauty,"Drama, Comedy, Family",2024-08-20,7.143,4.1489
Wasted Land,"Drama, Family",2009-10-15,6.3,4.4143
Mr. Iglesias,Comedy,2019-06-21,7.434,4.1165
Dirty Money,"Crime, Documentary",2018-01-26,7.13,4.2962
Gimbap and Onigiri,Drama,2026-01-12,5.9,4.1954
White Nights,Drama,2016-11-21,6.944,4.2468
Triptych,"Drama, Mystery",2023-02-22,7.566,4.829
AlRawabi School for Girls,Drama,2021-08-12,7.5,5.4745
Glitch,"Drama, Comedy, Mystery, Sci-Fi & Fantasy",2022-10-07,6.8,4.3719
Knight Flower,"Drama, Comedy, Mystery, Action & Adventure",2024-01-12,8.125,4.1564
Disjointed,Comedy,2017-08-25,6.231,4.888
Ghost Doctor,"Comedy, Drama, Sci-Fi & Fantasy",2022-01-03,7.938,4.6648
Blue Therapy,Reality,2026-03-04,8.4,4.4559
Extracurricular,"Crime, Drama",2020-04-29,8.1,4.7326
Her Private Life,"Comedy, Drama",2019-04-10,7.6,4.792
The A List,"Drama, Mystery, Family",2018-10-25,6.5,4.4648
Rust Valley Restorers,"Documentary, Reality",2018-12-06,7.5,3.8774
Back Street Girls -GOKUDOLS-,"Comedy, Animation",2018-07-03,6.2,4.5891
Romance in the House,"Family, Drama",2024-08-10,7.821,5.0036
Land of Sin,"Drama, Crime, Mystery",2026-01-02,5.5,3.9275
Worst Neighbor Ever,"Crime, Documentary",2026-07-01,7.5,4.3844
Thursday's Widows,"Drama, Crime",2023-09-14,6.5,4.0822
The Pentaverate,Comedy,2022-05-05,5.674,4.4297
The Cook of Castamar,"Drama, Soap",2021-02-21,6.947,4.6078
Sharkdog,"Animation, Comedy, Family, Kids",2021-09-03,8.042,4.3224
Doctor Prisoner,"Drama, Crime",2019-03-20,7.336,4.6184
The Eddy,Drama,2020-05-08,6.4,4.0707
Marianne,Mystery,2019-09-13,7.599,3.8935
Stove League,Drama,2019-12-13,8.3,4.7522
Ju-On: Origins,"Mystery, Drama",2020-07-03,6.456,5.326
"Good Morning, Verônica","Drama, Crime",2020-10-01,7.3,4.3927
Shut Up Evan,"Talk, Comedy",2026-05-01,5.5,4.1416
Go! Live Your Way,Drama,2019-02-22,8.608,4.1596
Glass Heart,Drama,2025-07-31,8.466,4.2982
Castle and Castle,Drama,2018-06-21,6.2,4.5057
Strongest Deliveryman,Drama,2017-08-04,6.77,4.7196
Magic for Humans,"Comedy, Reality",2018-08-17,6.437,4.2525
Salvador,"Drama, Mystery",2026-02-06,6.677,4.2381
The Club,"Comedy, Drama",2019-11-15,7.527,4.0473
Love of My Life,Drama,2024-04-16,7.25,4.1942
Sintonia,"Drama, Crime",2019-08-09,8.2,4.4435
War Sailor,Drama,2023-04-02,7.709,4.488
Oh My Ghost Clients,"Comedy, Mystery, Sci-Fi & Fantasy, Drama",2025-05-30,8.083,4.4972
Billionaire Island,"Comedy, Drama",2024-09-12,6.7,4.2692
Love Is Blind: Sweden,Reality,2024-01-12,5.857,3.7079
Kibaoh Klashers,"Animation, Kids, Sci-Fi & Fantasy",2017-02-01,7.0,4.7798
Florida Man,"Mystery, Comedy, Drama",2023-04-13,6.521,4.9602
Sexify,"Drama, Comedy",2021-04-28,7.145,4.6781
Romance Is a Bonus Book,"Comedy, Drama",2019-01-26,7.6,4.7411
"Boo, Bitch","Comedy, Sci-Fi & Fantasy",2022-07-08,7.269,4.1541
Keep Breathing,"Action & Adventure, Drama",2022-07-28,6.1,4.3286
Blippi's Job Show,"Family, Kids",2025-04-07,8.235,3.775
Metropolitan Police Department Narcotics Control Division MOGURA,"Drama, Crime, Mystery",2025-01-09,8.0,3.4148
Attack on London: Hunting the 7/7 Bombers,"Documentary, Crime",2025-07-01,7.741,4.2469
The Road to Love,Comedy,2019-11-26,8.0,3.6266
Ethos,"Drama, Mystery",2020-11-12,7.767,4.9318
Kyojo,Drama,2020-01-04,7.7,4.3896
Blown Away,Reality,2019-07-12,6.919,4.3492
Remarriage & Desires,Drama,2022-07-15,7.3,4.8299
Yakitori: Soldiers of Misfortune,"Animation, Sci-Fi & Fantasy",2023-05-18,6.788,5.0434
Under a Dark Sun,"Crime, Mystery, Drama",2025-07-09,6.6,4.4289
Kill Me Love Me,"Drama, Action & Adventure",2024-10-14,7.588,4.3801
Cassandra,Sci-Fi & Fantasy,2025-02-06,7.116,4.5785
Playing with Fire,Drama,2019-01-22,5.725,4.6161
Hulk Hogan: Real American,Documentary,2026-04-22,7.4,5.0318
Love from 9 to 5,Comedy,2026-01-01,7.5,4.6054
Shadowplay,Drama,2020-10-30,6.5,4.5832
"Innocence, Fight Against False Charges","Drama, Mystery",2019-01-19,7.2,4.3532
The Green Glove Gang,"Crime, Comedy",2022-10-19,7.2,4.8084
Red Rose,"Mystery, Drama",2022-08-15,6.3,3.7513
Mr. Midnight: Beware the Monsters,"Action & Adventure, Mystery, Drama",2022-10-24,5.9,4.5731
Little Baby Bum: Music Time,"Kids, Animation",2023-09-25,7.8,3.5191
Marseille,"Drama, Crime",2016-05-05,6.25,4.528
Master of the House,"Drama, Mystery",2024-07-18,8.594,4.4129
Snabba Cash,"Crime, Drama",2021-04-07,6.996,4.5739
Criminal: France,"Drama, Crime, Mystery",2019-09-20,6.766,4.4473
My Isekai Life: I Gained a Second Character Class and Became the Strongest Sage in the World!,"Animation, Comedy, Action & Adventure, Sci-Fi & Fantasy",2022-07-04,7.5,4.7531
The Gardener,"Crime, Drama",2025-04-11,6.766,4.4412
Stretch Armstrong & the Flex Fighters,"Animation, Action & Adventure, Sci-Fi & Fantasy",2017-11-16,6.6,3.7243
Rough Diamonds,"Drama, Crime",2023-04-21,6.887,4.9357
OATS Studios,Sci-Fi & Fantasy,2021-10-01,6.724,4.4619
One the Woman,"Comedy, Drama",2021-09-17,7.263,4.6149
Top Boy,Drama,2011-10-31,7.5,5.1441
The Victims' Game,"Drama, Crime, Mystery",2020-04-30,7.527,4.177
Ultimate Beastmaster,"Action & Adventure, Reality",2017-02-24,5.965,4.3583
Last One Standing,"Comedy, Mystery, Drama",2022-03-08,7.4,4.7613
Levius,"Animation, Action & Adventure, Sci-Fi & Fantasy",2019-11-28,7.533,4.0248
Mystic Pop-up Bar,"Drama, Sci-Fi & Fantasy, Comedy",2020-05-20,8.006,4.4472
That Girl Lay Lay,Comedy,2021-09-23,6.6,4.6114
Transatlantic,"Drama, War & Politics",2023-04-07,6.335,4.4932
Creature,"Drama, Sci-Fi & Fantasy",2023-10-20,7.109,4.4844
Cinderella and Four Knights,"Comedy, Drama",2016-08-12,7.352,4.8196
Kiss or Die,"Reality, Comedy",2025-09-09,10.0,4.5565
Law School,"Drama, Crime, Mystery",2021-04-14,7.791,4.5268
Gangs of Galicia,"Drama, Crime",2024-06-21,6.898,4.3634
Bulgasal: Immortal Souls,"Drama, Sci-Fi & Fantasy, Action & Adventure",2021-12-18,7.773,4.2934
Worst Ex Ever,"Crime, Documentary",2024-08-28,7.7,4.4292
Teenage Bounty Hunters,"Comedy, Action & Adventure, Drama",2020-08-14,7.686,4.4321
J-Style Trip,Reality,2020-03-21,8.1,4.0467
Dating Around,Reality,2019-02-14,4.2,4.1829
High Heat,"Action & Adventure, Drama",2022-08-17,7.638,4.3221
The Lying Life of Adults,Drama,2023-01-04,7.3,8.149
The Bequeathed,"Drama, Mystery, Crime",2024-01-19,7.113,4.3447
The Snow Girl,"Crime, Mystery",2023-01-27,7.181,4.4348
Caught,"Drama, Crime",2025-03-26,7.108,4.3923
Sugar Rush: The Baking Point,Reality,2023-07-12,7.2,4.4244
The Vacation Principle,"Drama, Comedy",2026-07-27,7.0,3.957
Connection,"Drama, Crime, Mystery",2024-05-24,7.68,4.7107
Tobot Galaxy Detectives,"Kids, Animation",2021-09-07,6.0,3.7071
Black Knight,"Drama, Action & Adventure, Sci-Fi & Fantasy",2023-05-12,7.4,4.5841
The Great Heist,"Crime, Drama",2020-08-14,7.265,3.9474
"Web of Make Believe: Death, Lies and the Internet","Documentary, Crime",2022-06-15,6.6,3.7932
6ixtynin9 the Series,"Comedy, Crime, Mystery, Drama",2023-09-06,5.786,4.4488
The Grimm Variations,"Animation, Sci-Fi & Fantasy, Drama, Mystery",2024-04-17,6.992,4.2163
Crap Happens,Comedy,2026-02-26,5.882,3.5315
A.I.C.O. -Incarnation-,"Animation, Action & Adventure, Sci-Fi & Fantasy",2018-03-09,6.463,4.3318
Sky High: The Series,"Action & Adventure, Drama, Crime",2023-03-17,7.076,4.4873
Meet Me After School,Drama,2018-10-09,7.3,4.0394
Judge Dee's Mystery,"Drama, Mystery",2024-02-06,8.2,4.4713
Hero Mask,"Animation, Action & Adventure, Mystery, Sci-Fi & Fantasy",2018-12-03,5.645,4.2078
She's Gotta Have It,Comedy,2017-11-23,6.272,3.92
Japan's Number One Jerk Salaryman,Drama,2025-01-09,8.0,3.9189
In From the Cold,"Drama, Action & Adventure",2022-01-28,6.708,4.658
Charlie's Colorforms City,"Animation, Kids",2019-03-22,7.2,4.2092
Full Swing,Documentary,2023-02-15,7.5,4.298
Investigation Alien,Documentary,2024-11-08,7.167,4.7199
Analog Squad,Drama,2023-12-07,8.1,4.4218
Babanba Banban Vampire,"Animation, Comedy",2025-01-11,7.3,3.9229
Love Is Blind: Japan,Reality,2022-02-08,6.4,3.9669
Spycraft,"Documentary, War & Politics",2021-01-20,6.9,3.8728
Chief of Staff,"Drama, War & Politics",2019-06-14,8.147,4.2316
Rooftop Prince,"Comedy, Drama, Sci-Fi & Fantasy",2012-03-21,7.5,4.0373
How to Become a Tyrant,"Documentary, War & Politics",2021-07-09,7.309,3.9206
Go! Go! Cory Carson,"Animation, Kids",2020-01-04,7.7,4.2566
Just One Look,"Mystery, Crime, Drama",2025-03-05,6.36,4.2543
Just a bit Espers,"Sci-Fi & Fantasy, Drama",2025-10-21,6.167,3.9268
Dabba Cartel,"Crime, Drama",2025-02-28,6.6,3.9209
Geek Girl,"Drama, Family, Comedy",2024-05-30,7.101,4.2845
Inside: USA,Reality,2025-09-21,4.9,4.057
Salish & Jordan Matter,"Reality, Kids",2026-04-11,7.8,4.2436
SCTV Channel,Comedy,1983-11-22,7.75,3.5211
Maledictions,"Mystery, Drama",2025-09-12,6.231,4.2707
The Hot Spot,"Comedy, Sci-Fi & Fantasy",2025-01-12,8.288,4.4158
The Secret of the River,Drama,2024-10-09,8.1,4.0438
The Whirlwind,"Drama, War & Politics",2024-06-28,6.964,3.9743
Birth of a Beauty,Comedy,2014-11-01,7.345,3.8615
"That Winter, the Wind Blows",Drama,2013-02-13,7.244,4.0945
Producing Nobuta,"Drama, Comedy",2005-10-15,7.587,4.291
Eric,"Drama, Mystery",2024-05-30,6.925,4.468
The Predator of Seville,"Documentary, Crime",2026-03-27,7.308,4.26
Cold Case: The Tylenol Murders,"Documentary, Crime",2025-05-26,6.811,3.8791
Tidelands,"Drama, Crime, Sci-Fi & Fantasy",2018-12-14,6.61,4.474
Love and Fortune,Drama,2018-09-14,6.9,4.4548
The Good Cop,"Comedy, Drama",2018-09-21,6.182,3.9839
Kings of Jo'Burg,Crime,2020-12-04,7.03,4.5688
Free Bert,Comedy,2026-01-22,7.4,3.9875
Bee and PuppyCat,"Animation, Comedy, Sci-Fi & Fantasy, Family",2014-11-06,8.2,4.3247
Somebody,"Drama, Crime, Mystery",2022-11-18,6.89,3.9843
Thicker Than Water,"Mystery, Crime",2023-04-07,6.5,4.1192
Cracow Monsters,Sci-Fi & Fantasy,2022-03-18,6.041,3.8839
Love Is Blind: Brazil,Reality,2021-10-06,6.419,4.1732
Kota Factory,"Comedy, Drama",2019-04-16,8.079,4.2097
Comedy Chaos,Comedy,2024-02-16,6.0,4.2861
Apple Cider Vinegar,"Drama, Crime",2025-02-06,6.731,4.8232
Inside,Reality,2024-06-02,5.6,3.8921
Garouden: The Way of the Lone Wolf,"Animation, Action & Adventure",2024-05-23,7.136,4.0912
Wedding Impossible,"Drama, Comedy",2024-02-26,6.6,4.2181
Ferry: The Series,"Crime, Drama",2023-11-03,7.224,4.2265
Barbecue Showdown,Reality,2020-09-18,6.067,4.1302
Miss King,Drama,2025-09-29,8.0,4.2713
John Mulaney Presents: Everybody's in L.A.,"Comedy, Talk",2024-05-03,5.875,3.4405
Rugal,"Action & Adventure, Crime, Mystery, Sci-Fi & Fantasy, Drama",2020-03-28,6.78,4.0799
Car Masters: Rust to Riches,Reality,2018-09-14,7.463,4.1302
Superstition,"Sci-Fi & Fantasy, Mystery, Drama",2017-10-20,5.904,4.234
Inspector Koo,"Action & Adventure, Comedy, Drama, Mystery, Crime",2021-10-30,7.4,4.0719
Gudetama: An Eggcellent Adventure,"Action & Adventure, Family, Animation",2022-12-13,7.9,3.9095
Tijuana,"Drama, Crime",2019-04-05,6.9,3.7923
TAGUSARI bros.,"Mystery, Crime",2026-04-17,6.6,4.0959
The Nurse,"Crime, Drama",2023-04-27,7.1,4.0724
Bad Sport,"Documentary, Crime",2021-10-06,6.773,3.909
Hoops,"Comedy, Animation",2020-08-21,6.723,4.3914
Dubai Bling,Reality,2022-10-27,6.25,4.1705
Turning Point: 9/11 and the War on Terror,"Documentary, War & Politics",2021-09-01,7.3,4.0983
Dalah: Death and the Flowers,"Drama, Crime, Mystery",2025-02-27,7.6,4.6284
Turning Point: The Bomb and the Cold War,Documentary,2024-03-12,7.915,4.0019
Who Is Erin Carter?,"Action & Adventure, Crime, Drama",2023-08-24,6.971,4.3367
Deepa & Anoop,"Kids, Animation",2022-08-15,6.9,5.0274
Fisk,"Comedy, Drama",2021-03-17,7.536,3.8317
Rookies,"Drama, Comedy",2008-04-19,7.8,4.0439
The Inmate,"Drama, Crime",2018-09-25,7.041,4.1048
The Devil Punisher,Sci-Fi & Fantasy,2020-10-25,6.4,3.6438
At the Moment,Drama,2023-11-10,6.941,3.7792
The Last Night at Tremore Beach,"Drama, Mystery",2024-10-25,7.017,3.9919
Ripple,Drama,2025-12-03,6.537,4.0998
Chasing Love,Drama,2026-05-29,7.667,4.3003
Young Wallander,"Drama, Mystery, Crime",2020-09-03,7.07,4.2534
Navillera,Drama,2021-03-22,8.6,4.5183
Captain Laserhawk: A Blood Dragon Remix,"Animation, Action & Adventure, Sci-Fi & Fantasy, Comedy",2023-10-19,7.542,4.3031
Seven Orifices,"Drama, Sci-Fi & Fantasy",2024-04-16,7.0,3.7056
The Girl in the Mirror,"Drama, Mystery",2022-08-19,6.3,4.0236
From Me to You: Kimi ni Todoke,Drama,2023-03-30,7.477,3.9839
White Lines,"Drama, Crime, Mystery",2020-05-15,6.527,4.3822
Special,Comedy,2019-04-12,6.34,3.3957
Larva Family,"Kids, Comedy, Animation",2023-05-04,7.7,3.5931
Haunted,Documentary,2018-10-19,6.905,4.296
Goddess Bless You from Death,"Drama, Mystery, Action & Adventure",2025-10-31,8.3,4.4968
Close to Home: Murder in the Coalfield,"Crime, Drama",2022-09-01,5.955,4.0957
L.O.L. Surprise! House of Surprises,"Animation, Kids",2021-08-28,7.4,3.9202
Cash Queens,"Comedy, Action & Adventure, Drama",2026-02-05,6.216,3.7532
Memories of the Alhambra,"Action & Adventure, Mystery, Sci-Fi & Fantasy, Drama",2018-12-01,7.592,4.2151
Love Never Lies: Poland,Reality,2023-01-25,5.9,3.5723
Crime Diaries: Night Out,"Crime, Drama",2019-05-03,7.3,3.6766
Ichikei's Crow,"Drama, Comedy, Mystery",2021-04-05,7.3,4.1142
Worst Roommate Ever,"Crime, Documentary",2022-03-01,6.916,4.0474
"El Rey, Vicente Fernández",Drama,2022-08-03,7.9,4.0471
Feria: The Darkest Light,Sci-Fi & Fantasy,2022-01-28,6.597,4.0943
The Monster of Florence,"Crime, Mystery, Drama",2025-10-22,6.315,4.3315
Mom Knows Best?,Reality,2026-08-26,0.0,3.7619
The Parisian Agency: Exclusive Properties,Reality,2020-09-24,6.763,4.1182
Lost Ollie,"Animation, Family, Drama",2022-08-24,7.814,3.8886
7 Bears,"Animation, Kids",2025-07-10,7.5,4.3876
Luz: The Light of the Heart,"Action & Adventure, Kids, Drama",2024-02-07,7.0,4.2205
Chosen Home,Drama,2025-10-12,6.75,3.9937
Marriage Contract,Drama,2016-03-05,7.8,4.4725
My Holo Love,"Drama, Sci-Fi & Fantasy",2020-02-07,8.471,3.9504
Club de Cuervos Presents: The Ballad of Hugo Sánchez,Comedy,2018-06-17,5.844,4.5218
The Makanai: Cooking for the Maiko House,Drama,2023-01-12,7.621,3.5743
Screwballs,"Reality, Comedy",2025-02-23,7.7,4.1053
Supa Team 4,"Action & Adventure, Animation, Kids",2023-07-20,6.4,4.0791
Copycat Killer,"Drama, Mystery, Crime",2023-03-31,7.8,4.3243
The Rest is Football,Talk,2026-06-10,0.0,4.1046
Just Between Lovers,Drama,2017-12-11,7.7,4.2429
aka Charlie Sheen,Documentary,2025-09-10,7.507,4.1057
The Club,Drama,2021-11-05,6.9,4.2631
She,"Crime, Drama",2020-03-20,6.0,3.9829
jeen-yuhs: A Kanye Trilogy,Documentary,2022-02-16,7.121,3.6086
Hound's Hill,"Mystery, Crime, Drama",2025-01-08,6.831,4.0769
Yong Pal,"Drama, Action & Adventure",2015-08-05,7.5,3.9221
The Influencer,Drama,2023-12-13,7.619,3.9764
CoComelon Lane,"Animation, Kids",2023-11-17,7.422,4.4829
The Mechanism,"Crime, Drama",2018-03-23,7.048,3.886
Hirugao: Love Affairs in the Afternoon,"Drama, Soap",2014-07-17,6.4,3.778
My Housekeeper Nagisa-san,"Drama, Comedy",2020-07-07,7.5,4.3474
Apache: The Life of Carlos Tevez,Drama,2019-08-16,7.722,4.5551
Legend Quest: Masters of Myth,"Animation, Action & Adventure",2019-10-05,8.0,3.6436
Conversations with a Killer: The Son of Sam Tapes,"Documentary, Crime",2025-07-30,7.2,3.6503
Cheer Up,"Drama, Mystery, Comedy",2022-10-03,6.518,3.8155
Rookie Historian Goo Hae-Ryung,Drama,2019-07-17,7.6,3.9377
Sara - Woman in the Shadows,"Mystery, Drama, Crime",2025-06-03,6.4,4.0629
Vai Anitta,Documentary,2018-11-16,5.5,4.2084
News Anchor,Drama,2025-04-13,7.5,3.9501
Challenger: The Final Flight,Documentary,2020-09-16,7.128,3.9591
"Sex, Explained",Documentary,2020-01-02,6.553,3.7643
The Queen's Classroom,Drama,2005-07-02,7.9,4.6329
Legal High,"Comedy, Drama, Mystery",2019-02-08,6.067,3.6878
Everything Will Be Fine,"Comedy, Drama",2021-08-20,6.769,3.7987
Bottersnikes & Gumbles,"Kids, Comedy, Animation, Action & Adventure",2016-07-25,6.0,3.4876
Big Tree City,"Action & Adventure, Comedy, Kids, Animation",2022-08-01,7.9,3.7582
Nodame Cantabile,"Drama, Comedy",2006-10-16,7.696,4.2516
Queenmaker,Drama,2023-04-14,7.316,4.1474
Elite Short Stories: Phillipe Caye Felipe,"Mystery, Comedy",2021-12-15,6.705,3.8153
Teasing Master Takagi-san,Comedy,2024-04-02,7.588,3.956
1983,"Drama, Crime, Mystery",2018-11-30,6.507,3.9391
Saturday Morning All Star Hits!,"Comedy, Animation",2021-12-10,5.8,3.2646
The Fierce Wife,"Drama, Family",2010-11-05,4.545,3.9106
#blackAF,Comedy,2020-04-17,5.94,4.1339
LEGO City,,2011-03-01,5.6,3.5759
Motown Magic,"Animation, Kids",2018-11-20,7.5,3.4841
Self Made: Inspired by the Life of Madam C.J. Walker,Drama,2020-03-20,7.467,4.1156
Subteran,"Crime, Drama",2025-01-08,6.709,3.9089
Summer Heat,Drama,2022-01-21,7.036,3.8894
Buddy Thunderstruck,"Comedy, Animation, Family, Sci-Fi & Fantasy",2017-03-10,7.571,3.6117
Toy Boy,"Drama, Mystery, Crime",2019-09-08,7.6,4.5648
Katla,"Drama, Mystery, Sci-Fi & Fantasy",2021-06-17,6.927,4.3221
On the Verge,"Comedy, Drama",2021-09-06,4.786,4.046
Kohrra,"Crime, Drama",2023-07-15,6.9,3.7387
High Score,Documentary,2020-08-19,7.412,3.986
Fabulous Lives of Bollywood Wives,Reality,2020-11-27,4.5,3.9048
Cupcake & Dino - General Services,"Animation, Comedy, Kids",2018-07-27,7.091,3.9222
Inheritance Detective,"Drama, Mystery",2025-01-25,7.364,3.839
Onmyoji,"Animation, Drama, Sci-Fi & Fantasy, Mystery",2023-11-28,6.444,4.0846
Asura,Drama,2025-01-09,7.917,4.0388
I Will Be Your Bloom,"Drama, Comedy",2022-10-18,7.7,3.6835
IC 814: The Kandahar Hijack,"Drama, War & Politics",2024-08-29,6.321,3.8884
Misty,"Drama, Crime, Mystery",2018-02-02,7.4,3.8906
Kotaro Lives Alone,"Animation, Drama, Comedy",2022-03-10,7.865,3.633
Kian's Bizarre B&B,Reality,2025-04-08,8.0,3.4923
The Chair,"Drama, Comedy",2021-08-20,6.546,3.7655
This Is Pop,Documentary,2021-03-06,5.913,3.7529
Blockbuster,Comedy,2022-11-03,5.44,3.9165
Money Heist: From Tokyo to Berlin,Documentary,2021-09-03,8.2,4.3652
The Neighbor,Comedy,2019-12-31,6.639,4.4323
Let's Get Divorced,"Comedy, Drama",2023-06-22,7.7,3.7375
Frankly Speaking,"Comedy, Drama",2024-05-01,7.0,3.6775
The Letdown,Comedy,2016-05-04,6.929,3.666
Designated Survivor: 60 Days,"Drama, Crime, Mystery, War & Politics",2019-07-01,7.804,3.8696
Simon Superlapin,"Animation, Kids, Family",2022-04-13,7.3,3.5059
Watership Down,"Animation, Drama, Family",2018-12-22,6.9,3.7898
Partner Track,Drama,2022-08-26,7.014,3.8426
Scaredy Cats,"Family, Sci-Fi & Fantasy, Comedy, Kids",2021-10-01,6.6,3.6366
Ashley Garcia: Genius in Love,Comedy,2020-02-17,6.9,4.0383
Omniscient,"Sci-Fi & Fantasy, Drama",2020-01-29,6.4,4.0809
Wave Makers,Drama,2023-04-28,8.4,3.6999
Shards of Her,"Mystery, Drama",2022-10-28,7.8,3.9132
Neymar: The Perfect Chaos,Documentary,2022-01-25,7.333,3.6105
Hot Girls Wanted: Turned On,Documentary,2017-04-21,6.318,4.4166
The I-Land,"Drama, Sci-Fi & Fantasy",2019-09-12,5.43,3.9317
Masha's tales,"Animation, Kids, Family, Comedy",2012-01-01,6.125,3.907
Medal of Honor,Documentary,2018-11-09,6.548,3.5513
Larva Island,"Animation, Kids",2018-10-19,7.118,3.2184
Lady Dynamite,"Comedy, Drama",2016-05-20,6.797,3.3594
Paquita Salas,Comedy,2016-07-06,7.063,4.2871
Malibu Rescue: The Series,"Family, Comedy",2019-06-03,6.9,3.9063
Miraculous Brothers,"Mystery, Drama, Sci-Fi & Fantasy, Comedy",2023-06-28,6.947,4.002
Alba,Drama,2021-03-28,6.955,4.0879
Run On,Drama,2020-12-16,7.456,3.7893
"Go Ahead, Brother","Action & Adventure, Crime, Drama",2024-10-30,7.213,4.648
Live from the Other Side with Tyler Henry,Reality,2024-09-17,7.0,3.4445
Q-Force,"Animation, Comedy, Action & Adventure",2021-09-02,6.6,3.1838
Absolute Beginners,Drama,2023-10-25,6.6,4.1328
Delightfully Deceitful,"Drama, Comedy, Crime",2023-05-29,5.9,4.0782
Autumn's Concerto,"Drama, Family",2009-10-04,6.9,4.0831
All For Love,Drama,2020-01-07,7.569,4.3176
Chihayafuru: Full Circle,Drama,2025-07-09,9.5,3.7909
The Hockey Girls,Drama,2019-04-29,6.618,3.6327
50M²,"Crime, Mystery",2021-01-27,7.4,3.2999
The Search,"Crime, Drama, Comedy",2020-06-12,7.222,4.0737
Project Mc²,"Family, Comedy",2015-08-07,7.377,3.6981
Gentefied,"Comedy, Drama",2020-02-21,6.815,3.4803
Luna Nera,"Sci-Fi & Fantasy, Drama",2020-01-31,7.543,3.5442
Chico Bon Bon: Monkey with a Tool Belt,"Animation, Kids",2020-05-08,7.6,3.4389
Heaven and Hell: Soul Exchange,"Crime, Drama",2021-01-17,7.2,3.881
Light of My Lion,"Drama, Family, Mystery",2024-10-11,7.7,3.6534
Super Subbu,"Comedy, Drama",2026-07-02,7.25,3.8985
Possessed,"Mystery, Crime, Comedy, Drama",2019-03-06,6.167,4.3998
"Money, Explained",Documentary,2021-05-11,7.188,4.28
Mighty Little Bheem,"Animation, Kids, Comedy, Family",2019-04-12,8.1,3.3141
Hit & Run,"Action & Adventure, Drama, Crime",2021-08-06,6.9,4.1291
The Kingdom,"Crime, Drama",2021-08-13,7.4,4.5251
Learning to Love,Drama,2025-07-10,6.6,4.0386
Japan Sinks: 2020,"Sci-Fi & Fantasy, Animation, Action & Adventure, Drama",2020-07-09,7.157,3.9704
The Queen of Lunchtime Cuisine,"Drama, Comedy",2002-07-01,7.4,3.8382
Funny AF with Kevin Hart,"Comedy, Reality",2026-04-20,7.167,3.7023
Iron Reign,"Crime, Drama",2024-03-15,6.6,3.5012
Queen Cleopatra,"Documentary, Drama",2023-05-10,2.665,3.7995
Country Queen,Drama,2022-07-15,7.2,4.003
"A Friend, a Murderer","Documentary, Crime",2026-03-05,7.357,3.6407
The American Experiment,Documentary,2026-06-24,5.1,3.9326
Dragon's Dogma,"Animation, Action & Adventure, Sci-Fi & Fantasy",2020-09-17,6.9,3.6108
Black & White,"Action & Adventure, Drama, Crime",2009-04-11,8.0,3.7045
Elite Short Stories: Patrick,"Mystery, Comedy",2021-12-23,6.7,3.539
My First First Love,Drama,2019-04-18,8.2,3.6721
The Royals,"Drama, Comedy",2025-05-09,6.44,4.0884
Lucas the Spider,"Animation, Comedy, Kids",2017-11-06,6.4,3.8323
Rafa,Documentary,2026-05-29,8.5,4.1908
I Cannot Reach You,Drama,2023-09-27,8.5,3.6335
True and the Rainbow Kingdom,"Animation, Kids, Comedy",2017-08-11,8.5,3.6808
Boca Juniors Confidential,Documentary,2018-09-04,6.0,3.9704
Fragrance of the First Flower,Drama,2021-11-12,7.1,3.8548
Diary of a Prosecutor,Drama,2019-12-16,6.789,3.8486
Gameboys,"Comedy, Drama",2020-05-22,6.6,3.6241
Quartet,Drama,2017-01-17,8.0,3.2375
Almost Happy,Comedy,2020-05-01,7.1,3.689
Beyond Goodbye,Drama,2024-11-14,7.8,3.8294
Diablero,"Sci-Fi & Fantasy, Mystery",2018-12-21,7.333,3.9759
Kayko and Kokosh,"Animation, Family, Sci-Fi & Fantasy, Comedy, Action & Adventure",2021-02-28,6.6,3.494
Get Organized with The Home Edit,Reality,2020-09-09,6.643,3.4111
The Åre Murders,"Drama, Crime, Mystery",2025-02-06,6.669,3.4833
"I'm Mita, Your Housekeeper",Drama,2011-10-12,7.4,3.9418
The Asunta Case,"Crime, Drama",2024-04-26,7.268,3.8045
Public Affairs Office in the Sky,Drama,2013-04-14,8.2,4.5562
Unicorn Academy: Secrets Revealed,"Animation, Kids, Sci-Fi & Fantasy",2026-03-19,8.1,3.7026
W/ Bob & David,Comedy,2015-11-13,6.763,3.1295
The Hooligan,"Drama, Crime",2025-01-29,6.908,3.794
My Korean Boyfriend,Reality,2026-01-01,7.111,3.5692
Hold Tight,"Mystery, Crime, Drama",2022-04-22,6.577,3.5316
Waffles + Mochi,Kids,2021-03-16,6.9,3.6456
Harmony Secret,Drama,2025-07-26,7.789,4.0549
The Lady's Companion,"Drama, Comedy",2025-03-28,7.327,3.5922
Saving My Stupid Youth,"Comedy, Drama",2014-10-12,7.7,3.5992
Toxic Town,Drama,2025-02-27,7.067,3.5376
Prison Cell 211,"Drama, Crime",2025-02-05,7.396,3.3836
SPRIGGAN,"Animation, Action & Adventure, War & Politics, Sci-Fi & Fantasy",2022-06-18,6.736,3.7082
You're Beautiful,"Comedy, Drama",2009-10-07,7.54,3.9023
Young Millionaires,"Comedy, Drama",2025-08-13,6.552,3.7164
Kazoops!,"Kids, Animation",2016-06-20,5.0,3.3632
Lovers Anonymous,"Drama, Comedy",2025-01-16,5.792,3.7837
GAMERA -Rebirth-,"Animation, Sci-Fi & Fantasy, Action & Adventure",2023-09-07,7.833,3.4998
The Life You Wanted,Drama,2024-05-29,6.828,3.208
Quarterback,Documentary,2023-07-12,7.99,3.5304
Hibana: Spark,Drama,2016-06-02,8.2,3.3888
The Stranded,"Drama, Action & Adventure, Mystery",2019-11-14,6.669,3.8609
"Young, Famous & African",Reality,2022-03-18,7.2,3.8823
Inside the World's Toughest Prisons,"Crime, Documentary",2016-04-20,7.0,3.9986
Their Marriage,Drama,2025-07-17,7.5,3.7051
Fatma,"Crime, Drama",2021-04-27,6.915,3.3843
Represent,Comedy,2023-01-20,6.47,3.7092
Rotten Legacy,Drama,2025-05-16,5.9,3.7376
Thermae Romae Novae,"Animation, Comedy, Sci-Fi & Fantasy",2022-03-28,6.392,3.6449
Pretty Smart,"Comedy, Drama",2021-10-08,6.2,3.5633
Hello Bachhon,Drama,2026-03-06,8.417,3.6479
Khakee: The Bengal Chapter,"Drama, Crime",2025-03-20,7.875,3.4688
Reflection of You,Drama,2021-10-13,5.2,4.0816
"Ready, Set, Love",Comedy,2024-02-15,7.8,3.8114
"Hello, Me!","Drama, Sci-Fi & Fantasy, Comedy",2021-02-17,7.4,3.8142
Secrets of Summer,"Kids, Drama, Family, Comedy",2022-02-16,7.5,3.525
VIP,"Mystery, Drama",2019-10-28,6.5,3.4466
The Guardians of Justice,"Animation, Sci-Fi & Fantasy, Action & Adventure, Comedy",2022-03-01,5.444,3.2622
Fake Marriage,"Drama, Comedy",2015-10-07,5.2,3.5956
Gundam: Requiem for Vengeance,"War & Politics, Sci-Fi & Fantasy",2024-10-17,7.058,3.7574
"Newly Rich, Newly Poor","Drama, Family, Comedy",2025-02-10,7.0,3.1288
Tiny Pretty Things,"Drama, Mystery",2020-12-14,7.271,3.2756
"Eden, Descendants of Instinct",Reality,2022-06-14,5.0,3.7876
Police University,"Comedy, Drama, Crime",2021-08-09,7.613,3.6032
Dynasty: The Murdochs,Documentary,2026-03-13,7.857,3.7811
Tear Along the Dotted Line,"Animation, Comedy, Drama",2021-11-17,8.404,3.4843
Floor Is Lava,"Reality, Family, Kids",2020-06-19,6.5,3.285
Night Shift for Cuties,"Comedy, Drama",2026-06-04,6.0,3.6194
Children of the Church Steps,Drama,2024-10-30,6.5,3.3806
Hache,"Drama, Crime",2019-11-01,6.4,4.3888
Hyperdrive,Reality,2019-08-21,7.1,3.6016
The Crew,Comedy,2021-02-15,6.876,3.756
Navarasa,Drama,2021-08-06,5.412,3.4397
Pending Train,"Drama, Sci-Fi & Fantasy, Mystery",2023-04-21,7.0,3.4857
Next in Fashion,Reality,2020-01-29,6.713,3.2722
Take a Hike!,Reality,2026-08-18,10.0,3.3221
AMERICA'S SWEETHEARTS: Dallas Cowboys Cheerleaders,Documentary,2024-06-20,8.219,3.1832
The Breakthrough,"Drama, Crime",2025-01-07,7.028,3.3839
Miss Adrenaline: A Tale of Twins,"Drama, Soap",2023-05-31,7.918,3.3389
Northern Rescue,Drama,2019-03-01,6.179,3.4639
Neo Yokio,"Animation, Action & Adventure, Sci-Fi & Fantasy, Comedy",2017-09-22,5.3,3.5466
Was It Love?,"Comedy, Drama",2020-07-08,6.7,3.2071
The Interest of Love,Drama,2022-12-21,6.106,4.1084
The Big Show Show,"Comedy, Kids, Family",2020-04-06,7.432,3.8085
Beautiful Life,Drama,2000-01-16,8.2,3.3881
The Family,Drama,2007-01-14,7.8,3.3606
The Fabulous,"Drama, Comedy",2022-12-23,7.7,3.5757
The Forest of Love: Deep Cut,"Crime, Drama",2020-04-30,6.607,3.3917
Shinjuku Field Hospital,"Drama, Comedy",2024-07-03,8.0,3.8433
The Five Juanas,"Drama, Mystery, Crime",2021-10-06,7.31,3.7391
Baby Fever,Drama,2022-06-08,5.4,3.7497
Perfect Woman,"Comedy, Drama",2000-10-09,7.3,3.6354
Camarón Revolution,"Documentary, Reality",2018-07-16,3.7,3.6077
Someone Has to Know,"Drama, Crime, Mystery",2026-04-15,6.767,3.2682
Hip Hop Evolution,Documentary,2016-09-05,7.508,3.1427
Sugar Rush,Reality,2018-07-13,6.827,3.2831
Ingress: The Animation,"Animation, Sci-Fi & Fantasy",2018-10-18,6.353,3.8785
Owning Manhattan,Reality,2024-06-28,6.7,3.6691
Alien TV,"Animation, Comedy, Family, Kids",2020-08-21,6.57,3.7186
King of Boys: The Return of the King,Drama,2021-08-27,8.2,3.5328
Woman,"Drama, Family",2013-07-03,7.5,3.3959
Traitors,"War & Politics, Drama",2019-02-17,6.1,3.6709
The Black Swindler,"Drama, Crime, Action & Adventure",2022-10-21,7.2,3.4391
Somos.,Drama,2021-06-30,7.49,4.6998
Queer Eye: Brazil,Reality,2022-08-24,5.4,3.3623
Bad Dinosaurs,"Comedy, Animation, Kids",2024-03-28,7.5,3.6098
ID-0,"Animation, Sci-Fi & Fantasy",2017-04-09,6.1,3.1017
Norway: The Dark Horse,Documentary,2026-06-09,5.6,3.2774
Love Village,Reality,2023-05-02,8.2,3.1426
Selling the OC,Reality,2022-08-24,6.229,4.0815
ONI: Thunder God's Tale,"Animation, Action & Adventure, Sci-Fi & Fantasy",2022-10-21,7.553,3.5653
Being Gordon Ramsay,Documentary,2026-02-18,7.75,3.5402
Ties of Shooting Stars,"Comedy, Family, Mystery",2008-10-17,7.6,3.4082
Spy Kids: Mission Critical,"Animation, Action & Adventure, Kids",2018-04-20,7.2,3.4871
A Model Family,"Drama, Crime",2022-08-12,6.833,3.905
Pasta,"Comedy, Drama",2010-01-04,8.3,3.5978
Chocolate,Drama,2019-11-29,7.845,3.2533
Dogs of Berlin,"Crime, Drama",2018-12-07,7.0,3.5108
Divorce Attorney Shin,Drama,2023-03-04,7.857,3.4491
Mandala Murders,"Crime, Drama, Mystery",2025-07-25,7.241,3.9926
Everyone Is Doing Great,Comedy,2021-01-13,5.692,3.3722
Skip Intro,Talk,2026-01-26,0.0,3.7508
No One Saw Us Leave,Drama,2025-10-15,7.2,3.6369
The War Next-door,Comedy,2021-07-07,7.2,4.0015
Lenox Hill,Documentary,2020-06-10,6.807,3.9576
Informa,"Drama, Mystery, Crime",2023-01-20,7.6,3.1318
Café Minamdang,"Drama, Mystery, Comedy",2022-06-27,7.625,3.4361
Private Banker,Drama,2025-01-09,6.7,3.6596
Affair,Drama,2024-08-30,8.263,3.6868
The Lady in Dignity,"Drama, Family",2017-06-16,6.25,3.1797
Twelve Forever,"Animation, Action & Adventure, Comedy, Family, Kids",2019-07-29,6.72,3.7806
Man to Man,"Action & Adventure, Drama",2017-04-21,7.309,4.3636
Thirty-Nine,Drama,2022-02-16,8.25,3.468
Is It Cake? Holiday,Reality,2024-11-28,7.3,2.9599
Fiasco,Comedy,2024-04-30,6.324,3.4079
Allegedly with Ellison Barber,"Crime, Talk",2026-04-29,0.0,3.2192
Conversations with a Killer: The Jeffrey Dahmer Tapes,"Documentary, Crime",2022-10-07,7.8,3.4243
Norm Macdonald Has a Show,"Talk, Comedy",2018-09-14,8.179,3.0982
Risqué Business: Taiwan,Reality,2023-08-29,7.0,3.8742
Copenhagen Cowboy,"Crime, Drama",2023-01-05,6.816,3.3969
"The Mind, Explained",Documentary,2019-09-12,7.5,3.3026
Chimp Empire,Documentary,2023-04-19,8.0,3.2366
Ray,Drama,2021-06-25,6.313,3.6369
Don't Come Home,"Mystery, Drama, Sci-Fi & Fantasy",2024-10-31,7.903,3.6432
The Royal Family,Drama,2025-10-12,8.7,3.5338
I Hate Christmas,"Comedy, Drama",2022-12-07,6.6,2.9612
Hometown Romance,Comedy,2026-04-03,8.5,3.5738
Trailer Park Boys: Out of the Park: Europe,"Action & Adventure, Comedy",2016-10-28,6.306,3.5053
Resurrected Rides,Reality,2024-07-24,5.0,3.3482
Beckham,Documentary,2023-10-04,8.028,3.2088
Stokes Twins,Reality,2017-01-16,4.0,3.2337
The Lies Within,"Mystery, Drama, Crime",2019-10-12,6.857,3.0693
Antihero,"Drama, Crime, Mystery",2024-04-14,7.867,3.5094
Kitz,"Drama, Mystery",2021-12-30,6.882,3.2866
Heweliusz,"Drama, Mystery",2025-11-05,7.3,3.7736
"The Old Dog, New Tricks?",Drama,2022-06-26,7.667,3.7954
New Heights,Drama,2021-09-26,6.828,3.1547
Love Like a Bike,"Drama, Action & Adventure",2026-03-02,7.143,3.0706
The Keepers,"Documentary, Mystery, Crime",2017-05-19,7.448,3.0172
Outlast,Reality,2023-03-10,6.524,3.0263
Animal,Documentary,2021-11-10,7.9,3.6052
Barracuda Queens,"Drama, Crime",2023-06-05,5.7,3.1546
SHAMAN KING FLOWERS,Animation,2024-01-10,7.828,3.6181
True Story,"Drama, Crime",2021-11-24,7.081,3.231
Calabasas Confidential,Reality,2026-05-29,0.0,3.7222
The Sons of Sam: A Descent into Darkness,"Documentary, Crime",2021-05-05,6.936,3.2474
The One,"Crime, Drama, Sci-Fi & Fantasy",2021-03-12,6.478,3.6692
Dearest,"Drama, Mystery",2021-10-15,7.1,3.5635
City of Ghosts,"Kids, Animation, Sci-Fi & Fantasy",2021-03-05,6.606,3.5508
Attenborough's Life in Colour,Documentary,2021-02-28,7.565,3.4475
Nicky Jam: El Ganador,Drama,2018-11-30,7.309,3.2077
Jeffrey Epstein: Filthy Rich,"Crime, Documentary",2020-05-27,7.053,3.3129
Down to Earth with Zac Efron,Documentary,2020-07-10,7.648,3.1373
A Perfect Story,Comedy,2023-07-28,7.797,3.4757
"Belascoaran, PI","Crime, Drama",2022-10-12,8.0,3.4839
The Circle Brazil,Reality,2020-03-11,6.9,3.7355
American Nightmare,"Crime, Documentary",2024-01-17,7.442,3.2427
High Water,Drama,2022-10-05,6.786,3.377
Freud,"Crime, Drama, Mystery",2020-03-15,7.065,3.4091
Against the Ropes,Drama,2023-01-25,8.6,3.2665
More Than Friends,Drama,2020-09-25,5.5,3.6238
A Nearly Normal Family,"Crime, Drama",2023-11-24,6.893,3.6032
Conversations with a Killer: The Charles Manson Tapes,Documentary,2026-08-12,7.182,3.3639
Reborn,Mystery,2026-04-14,6.7,2.9831
ARASHI's Diary -Voyage-,Documentary,2019-12-31,8.2,3.5675
The Midnight Romance in Hagwon,Drama,2024-05-11,7.1,3.973
Aitana: Metamorphosis,Documentary,2025-02-28,7.1,2.8805
Sexy Beasts,Reality,2021-07-21,5.5,3.0362
Ugly Delicious,Documentary,2018-02-23,6.8,3.4734
Like Flowers in Sand,"Drama, Comedy, Mystery",2023-12-20,7.6,3.4504
Go!,Drama,2025-03-21,7.5,3.3078
Unseen,"Crime, Drama",2023-03-29,6.696,3.8466
Greatest Events of World War II in Colour,"Documentary, War & Politics",2019-07-12,8.042,3.0033
Reality Check: Inside America's Next Top Model,"Reality, Documentary",2026-02-16,6.976,3.1534
The Family,Documentary,2019-08-09,6.689,3.3401
Sicily Express,"Comedy, Family",2025-12-05,7.023,3.3991
Gangnam Project,"Kids, Comedy, Drama, Family",2024-03-08,9.0,3.4873
Public Disorder,"Action & Adventure, Crime, Drama",2025-01-15,6.857,3.6052
Brand New Cherry Flavor,"Drama, Mystery, Sci-Fi & Fantasy",2021-08-13,6.978,3.0226
More than Blue: The Series,Drama,2021-10-22,6.947,2.9897
The Auditors,"Crime, Drama",2024-07-06,7.765,3.702
My Husband Won't Fit,Drama,2019-03-19,6.25,3.2366
Kisarazu Cat's Eye,Drama,2002-01-18,6.9,3.6855
Private Lives,"Action & Adventure, Comedy, Crime, Mystery, Drama",2020-10-07,5.625,3.7854
Nineteen to Twenty,Reality,2023-07-11,7.8,3.3857
Yankee,"Crime, Drama",2019-06-14,6.16,3.2941
The Bletchley Circle: San Francisco,"Crime, Drama",2018-07-25,6.854,3.1268
Followers,Drama,2020-02-27,6.7,3.0748
Love Like a K-Drama,Reality,2023-11-28,8.5,3.5185
Love Is Blind: Poland,Reality,2026-05-06,8.667,3.2254
Too Hot to Handle: Latino,Reality,2021-09-15,7.224,3.0366
Aunty Donna's Big Ol House of Fun,"Comedy, Sci-Fi & Fantasy",2020-11-11,7.342,3.1049
Trillion Game,Drama,2023-07-14,7.6,3.2456
Churchill at War,"Documentary, War & Politics",2024-12-04,7.563,3.2953
Date My Daughter!,Drama,2021-01-13,7.8,2.8492
Merlí. Sapere Aude,"Comedy, Drama",2019-12-05,8.246,3.0661
The Roshans,Documentary,2025-01-17,7.9,3.2328
Merry Happy Whatever,Comedy,2019-11-28,6.438,3.1333
Rhythm + Flow,Reality,2019-10-09,7.054,3.1597
Live to Lead,Documentary,2022-12-31,4.278,3.457
Welcome to Wedding Hell,Drama,2022-05-23,7.0,3.0638
Cooking Up Murder: Uncovering the Story of César Román,Documentary,2024-05-10,6.333,3.7679
Earthstorm,Documentary,2022-10-27,7.132,2.893
Elite Short Stories: Nadia Guzmán,Drama,2021-06-15,7.2,3.3777
Finding Ola,"Comedy, Drama",2022-02-03,7.182,3.7526
Hell for You,Drama,2025-01-14,7.273,3.2823
Little Things,"Drama, Comedy",2016-10-25,7.594,3.1357
Black Butterflies,"Crime, Drama",2022-09-22,6.8,3.1266
Dive Club,Drama,2021-05-29,7.1,3.1261
The Queen of Villains,Drama,2024-09-19,7.4,3.6019
Treehouse Detectives,"Animation, Kids",2018-06-08,7.8,3.2951
Hyena,"Drama, Crime",2020-02-21,7.616,3.53
Too Hot to Handle: Spain,Reality,2025-06-13,7.4,3.2129
Song of the Bandits,"Action & Adventure, Drama",2023-09-22,7.357,3.3051
Desi Bling,Reality,2026-05-20,7.7,3.4851
The Final Table,Reality,2018-11-20,6.667,2.8672
The Exchange,Drama,2023-02-08,7.471,3.6934
What's Next? The Future with Bill Gates,Documentary,2024-09-18,5.389,2.7919
Dr. Seuss's Horton!,"Animation, Kids",2025-10-06,5.0,3.0522
Rhyme Time Town,"Kids, Animation, Family",2020-06-19,7.3,2.7581
Jae-seok's B&B Rules!,"Reality, Comedy",2026-05-26,8.6,3.1305
Tribhuvan Mishra CA Topper,"Drama, Comedy, Crime",2024-07-18,7.1,3.2708
Elite Short Stories: Carla Samuel,Drama,2021-06-17,7.4,3.4654
MAKE MY DAY,"Animation, Sci-Fi & Fantasy, Drama",2023-02-02,6.2,2.8219
Cleaning Up,"Comedy, Crime, Drama",2022-06-04,5.9,3.3609
Wild Abandon,"Drama, Comedy",2022-03-30,6.619,3.277
Drug Lords,Documentary,2018-01-19,7.283,3.1675
Terror Tuesday: Extreme,"Drama, Mystery",2024-08-20,6.258,3.0868
Invisible,"Crime, Drama",2022-04-15,6.222,2.8322
A Girl and an Astronaut,"Sci-Fi & Fantasy, Drama",2023-02-17,5.644,3.1737
D.B. Cooper: Where Are You?!,"Documentary, Crime",2022-07-13,5.877,2.9583
Destiny,"Drama, Mystery",2024-04-09,5.6,3.0088
Delirium,Drama,2025-07-18,6.912,3.0811
Women of the Night,"Drama, Crime",2019-11-10,5.944,3.0959
Everything Now,"Comedy, Drama",2023-10-05,7.0,3.0288
Song Exploder,Documentary,2020-10-02,7.4,3.0709
Ainori Love Wagon: African Journey,Reality,2019-09-05,7.9,3.336
Headspace Guide to Meditation,"Documentary, Animation",2021-01-01,7.854,3.0628
Pop Star Academy: KATSEYE,Documentary,2024-08-21,7.736,3.5217
McGREGOR FOREVER,Documentary,2023-05-17,7.465,3.1357
Turning Point: The Vietnam War,"Documentary, War & Politics",2025-04-30,7.192,2.7941
Framed! A Sicilian Murder Mystery,Comedy,2022-01-01,7.0,2.8483
Man of Virtue,"Action & Adventure, Drama",2026-07-31,0.0,3.533
The Get Down,Drama,2016-08-12,7.337,3.1
Do Do Sol Sol La La Sol,"Comedy, Drama",2020-10-07,6.707,3.2745
COMEDIANS of the world,Comedy,2019-01-01,5.6,2.865
Riding a Unicorn,Drama,2022-07-05,6.6,2.3854
The Trial,"Crime, Drama",2019-11-29,6.974,3.1946
Persona,Drama,2019-04-11,6.596,3.1452
Playing Gracie Darling,"Drama, Mystery",2025-08-14,6.2,3.6663
Don't F**k with Cats: Hunting an Internet Killer,"Crime, Documentary",2019-12-18,7.592,3.3966
Wrestlers,Documentary,2023-09-13,7.1,3.0573
Frankenstein's Love,"Drama, Sci-Fi & Fantasy",2017-04-23,7.0,2.8101
Goedam,"Mystery, Drama",2020-08-20,6.9,3.3103
A-List to Playlist,Reality,2024-08-30,9.3,3.1915
Erin & Aaron,"Comedy, Family, Drama",2023-04-20,7.188,2.8382
Black Warrant,"Drama, Crime",2025-01-10,7.743,3.4378
The Last Czars,"Drama, War & Politics",2019-07-03,7.3,2.9423
The Standups,Comedy,2017-07-04,5.867,2.8761
Till Death,Drama,2021-04-13,6.375,3.488
Nowhere Man,"Crime, Action & Adventure",2019-10-31,5.7,3.3423
Love Deeply!,"Comedy, Drama",2021-04-14,6.8,3.2344
Not Quite Narwhal,"Kids, Animation",2023-06-19,6.7,2.8068
I Am Married...But!,"Comedy, Drama, Family",2025-02-14,7.5,3.0691
Trainwreck: Storm Area 51,Documentary,2025-07-29,6.105,3.2006
Kiss Me First,"Drama, Mystery, Sci-Fi & Fantasy",2018-04-02,6.438,2.9708
The Patients of Dr. García,Drama,2023-04-19,6.7,3.0366
Prince of Peoria,"Comedy, Kids",2018-11-16,5.4,3.1404
The Unlisted,"Family, Sci-Fi & Fantasy",2019-09-15,7.6,3.0694
Meekah,,2022-12-31,6.3,2.9601
Always a Witch,"Sci-Fi & Fantasy, Drama",2019-02-01,7.1,2.9259
Doubt,"Drama, Crime, Mystery",2024-10-11,8.095,3.368
Samantha!,Comedy,2018-07-06,6.2,2.8841
Transformers: War for Cybertron: Earthrise,"Animation, Action & Adventure, Sci-Fi & Fantasy",2020-12-30,7.79,3.2997
The Perfect Match,"Comedy, Drama",2017-03-03,6.7,3.2673
The Lost Pirate Kingdom,Documentary,2021-03-15,7.241,3.1189
Run for the Money,"Reality, Action & Adventure",2022-11-15,6.286,3.1798
Triad Princess,"Comedy, Drama",2019-12-06,6.6,2.9525
Hitler and the Nazis: Evil on Trial,Documentary,2024-06-05,7.486,3.1735
UNDER NINJA,"Animation, Drama, Comedy, Action & Adventure",2023-10-06,7.0,2.9862
Nothing Uncovered,"Crime, Mystery, Drama",2024-03-18,7.1,2.9712
Dig Deeper: The Disappearance of Birgit Meier,"Documentary, Crime",2021-11-26,7.15,3.2863
Blood Sisters,"Crime, Drama",2022-05-05,8.11,3.0754
A Suitable Boy,Drama,2020-07-26,5.955,3.0957
Get Even,"Drama, Crime, Mystery",2020-02-14,7.671,2.9956
History of Swear Words,"Documentary, Comedy",2021-01-05,6.469,3.4128
The School Nurse Files,"Sci-Fi & Fantasy, Drama",2020-09-25,7.28,3.0596
The Light in Your Eyes,"Drama, Comedy",2019-02-11,7.6,3.4377
Paranormal,"Drama, Mystery, Sci-Fi & Fantasy",2020-11-05,7.054,3.5205
Real Men,Comedy,2025-05-21,6.489,3.2011
Intimacy,"Drama, Mystery",2022-06-10,6.7,2.96
The Seven Deadly Sins,"Animation, Action & Adventure, Sci-Fi & Fantasy",2014-10-05,8.411,3.2392
Barbie Dreamhouse Adventures: Go Team Roberts,"Animation, Family, Kids, Comedy",2019-11-01,8.3,2.8229
Room 2806: The Accusation,Documentary,2020-12-07,6.839,3.0851
Jimmy: The True Story of a True Idiot,"Comedy, Drama",2018-07-20,5.3,3.3795
Cinderella Closet,Drama,2025-07-02,7.6,3.208
Yeh Kaali Kaali Ankhein,"Crime, Drama, Mystery",2022-01-14,6.7,3.4049
Born for the Spotlight,Drama,2024-11-07,8.1,3.1436
Fakes,"Crime, Comedy",2022-09-02,6.9,3.6377
Getaway and Go with Jangdobari,"Reality, Comedy",2025-06-28,9.0,3.0395
Killer Sally,"Documentary, Crime",2022-11-02,6.704,3.4054
Someone Has to Die,Drama,2020-10-16,7.004,2.9628
A Perfect Crime,Documentary,2020-09-25,7.011,2.8417
The Playlist,Drama,2022-10-13,7.206,3.0292
Neon,Comedy,2023-10-19,6.5,2.9129
Snakes and Ladders,"Comedy, Drama",2025-05-14,7.5,2.7232
Jewish Matchmaking,Reality,2023-05-03,5.25,3.4213
Time Flies,"Drama, Comedy, Crime",2026-01-01,8.4,2.3688
Bill Russell: Legend,Documentary,2023-02-08,7.204,2.7608
The Toys That Made Us,Documentary,2017-12-22,7.525,2.884
Wild Wild Country,"Documentary, Crime",2018-03-16,7.706,2.9219
So Not Worth It,"Drama, Comedy",2021-06-18,7.701,3.0465
Criminal: Spain,"Crime, Drama",2019-09-20,6.595,2.8971
The Ghost Bride,"Mystery, Drama, Sci-Fi & Fantasy",2020-01-23,6.404,2.9018
Bet Your Life,"Comedy, Sci-Fi & Fantasy",2025-03-20,5.3,3.2093
Haters Back Off,Comedy,2016-10-14,6.173,3.1437
Mighty Express,"Kids, Animation",2020-09-22,7.2,2.9781
Once Upon a Time... Happily Never After,Sci-Fi & Fantasy,2022-03-11,6.6,2.7483
Whale Store xoxo,"Comedy, Drama",2025-06-25,8.476,3.2153
Hitler's Circle of Evil,"Documentary, War & Politics",2018-01-30,7.162,3.0156
"Pepsi, Where's My Jet?",Documentary,2022-11-17,6.824,3.0671
Rilakkuma and Kaoru,"Animation, Comedy, Drama, Kids",2019-04-19,7.4,3.049
Khakee: The Bihar Chapter,"Crime, Drama",2022-11-25,7.826,2.6097
Yoh! Christmas,"Drama, Comedy",2023-12-15,6.1,2.8605
Aniela,"Comedy, Drama",2025-06-11,6.1,3.0627
"Coronavirus, Explained",Documentary,2020-04-26,7.009,2.7979
Age of Samurai: Battle for Japan,"Documentary, War & Politics",2021-02-24,7.107,3.2257
How to Win the Lottery,"Drama, Comedy",2025-11-14,7.8,2.8982
GG Precinct,"Comedy, Mystery, Crime",2024-08-22,7.2,2.6449
Phantom Pups,Family,2022-09-30,7.97,2.9737
Dance & Sing with True,"Animation, Kids",2018-12-08,6.0,2.9808
In Love All Over Again,Drama,2023-02-14,6.083,3.1862
The Adam Ray Show,"Talk, Comedy",2026-06-19,0.0,2.847
He's Expecting,"Drama, Comedy",2022-04-21,4.0,3.3993
Flower Shop Without Rose,"Drama, Family",2008-01-14,7.0,2.9481
Replacing Chef Chico,Drama,2023-11-24,7.0,2.8167
A Clean Sweep,Reality,2022-06-06,5.0,3.223
Mighty Morphin' Power Rangers Re-Ignition,"Family, Action & Adventure",2023-10-01,0.0,2.9433
The Science Club,Drama,2024-10-08,9.0,2.4304
Crashing Eid,Comedy,2023-11-15,7.0,3.1581
YOLANTHE,Reality,2025-06-18,6.0,4.3582
Golden Boy,Comedy,2019-07-16,7.6,2.9464
Carizzma,Comedy,2026-05-20,8.545,2.6542
A Queen Is Born,Reality,2020-11-11,6.8,3.2654
"Juan Gabriel: I Must, I Can, I Will",Documentary,2025-10-30,8.564,3.1149
Predators,Documentary,2022-12-11,8.242,2.9161
Elite Short Stories: Guzmán Caye Rebe,"Drama, Crime",2021-06-14,7.9,3.2205
Rotten,"Documentary, Crime",2018-01-05,7.22,2.7533
Tribes of Europa,"Sci-Fi & Fantasy, Drama",2021-02-19,6.935,3.2333
1992,"Drama, Mystery",2024-12-13,6.451,2.8917
Pact of Silence,"Drama, Mystery",2023-10-11,7.395,2.5579
Comedy Revenge,"Reality, Comedy",2024-10-15,8.0,3.3189
"Sex, Love & Goop","Reality, Talk, Documentary",2021-10-21,6.657,2.5292
Un bandido honrado,"Comedy, Drama, Family, Crime",2019-06-10,7.2,2.7332
Untold: The Girlfriend Who Didn't Exist,Documentary,2022-08-16,7.47,2.6364
The Day I Met El Chapo: The Kate del Castillo Story,Documentary,2017-10-20,5.76,3.3379
The Fix,"Talk, Comedy",2018-12-14,6.37,2.679
Die Lotto-Show,Reality,1998-08-29,5.0,2.8887
Samurai Gourmet,Comedy,2017-03-17,7.7,3.1704
Pretend It's a City,"Documentary, Comedy",2021-01-08,7.4,3.6725
F1: The Academy,Documentary,2025-05-28,6.5,2.8802
God's Favorite Idiot,Comedy,2022-06-15,6.18,2.8312
Forget You Not,"Comedy, Drama",2025-05-23,9.0,3.1961
The Andy Warhol Diaries,Documentary,2022-03-09,6.7,2.9628
Action Pack,"Animation, Family, Kids, Action & Adventure",2022-01-04,7.6,2.8156
Love After Music,Drama,2023-04-26,7.986,2.8895
Receiver,Documentary,2024-07-10,7.583,2.6576
Green Frontier,"Crime, Mystery, Drama, Sci-Fi & Fantasy",2019-08-16,6.688,2.9627
Social Distance,Drama,2020-10-15,6.238,2.7204
MaveriX,"Action & Adventure, Comedy, Family",2022-04-01,7.1,3.1213
Catalog,"Drama, Comedy",2025-07-17,6.6,2.8941
Sneakerheads,Comedy,2020-09-25,7.284,3.083
Dogs,Documentary,2018-11-16,7.4,2.8239
Bad Surgeon: Love Under the Knife,"Crime, Documentary",2023-11-29,7.523,2.8529
Immigration Nation,Documentary,2020-08-03,6.862,2.364
"Whose Vote Counts, Explained",Documentary,2020-09-28,6.676,2.5035
Marked,"Crime, Drama",2025-07-31,6.825,3.0059
Hype House,Reality,2022-01-07,4.5,3.1233
Elite Short Stories: Samuel Omar,"Mystery, Comedy",2021-12-20,6.5,2.979
Everything Calls for Salvation,Drama,2022-10-14,7.442,2.8126
Abstract: The Art of Design,Documentary,2017-02-10,7.843,3.0173
This Love Doesn't Have Long Beans,Drama,2024-07-05,7.7,2.921
Barbie: A Touch of Magic,"Animation, Sci-Fi & Fantasy, Kids, Comedy, Family",2023-07-27,6.4,3.2729
How to Become a Mob Boss,Documentary,2023-11-14,7.422,2.7618
Made with Love,"Drama, Comedy",2026-04-15,8.1,3.179
Super Rich in Korea,Reality,2024-05-07,4.8,2.4767
Jodoh Wasiat Bapak Reborn,,2026-08-31,0.0,3.2775
Tokyo Tarareba Girls,Drama,2017-01-18,7.9,3.0072
Alkhallat+: The Series,Comedy,2026-04-02,8.5,2.8029
American Murder: Gabby Petito,"Documentary, Crime",2025-02-17,7.188,2.6915
Tuiskoms,Drama,2025-02-28,6.0,2.7999
The Chosen One,Drama,2019-06-28,6.8,2.7712
Love Is Blind: Germany,Reality,2025-01-03,5.5,3.076
Dog Man,Drama,2026-06-20,8.0,2.8108
Clark,"Crime, Drama",2022-05-05,6.9,2.6882
Barbie: It Takes Two,"Family, Kids, Animation, Comedy",2022-04-08,7.9,2.7721
Ponysitters Club,"Kids, Family",2018-08-10,7.3,2.6223
Kaala Paani,Drama,2023-10-18,7.265,2.9852
No Side Game,Drama,2019-07-07,7.1,3.4758
Infamy,Drama,2023-09-06,6.889,2.7181
Critical: Between Life and Death,Documentary,2025-07-23,6.909,2.752
Too Hot to Handle: Germany,Reality,2023-02-28,6.482,2.6694
The Principles of Pleasure,Documentary,2022-03-22,6.4,2.5298
Detention,"Drama, Mystery",2020-12-05,7.5,3.0969
Delete,"Mystery, Drama",2023-06-26,7.173,3.3554
Heirs to the Land,Drama,2022-04-15,6.8,2.9692
Leila,"War & Politics, Sci-Fi & Fantasy, Drama",2019-06-14,6.426,2.9363
Cigarette Girl,Drama,2023-11-02,8.067,2.9956
Invisible Us,"Crime, Drama",2024-09-16,6.5,3.1636
Maradona in Mexico,Documentary,2019-11-13,6.575,3.2057
Love Is Blind: Argentina,Reality,2024-11-06,6.9,2.6783
Mortel,"Sci-Fi & Fantasy, Crime, Drama",2019-11-21,7.3,2.6349
Too Hot to Handle: Italy,Reality,2025-07-18,7.208,2.8503
Orange Days,Drama,2004-04-11,7.923,2.5447
Tiny Creatures,Documentary,2020-08-07,6.8,2.7971
Rikuoh,Drama,2017-10-15,7.583,3.0343
Mark Rober's CrunchLabs,"Family, Documentary",2025-11-19,8.25,2.8621
Age of Attraction,Reality,2026-03-11,6.313,2.912
My Love: Six Stories of True Love,"Documentary, Reality",2021-04-13,4.5,3.0333
Smiley,Comedy,2022-12-07,8.166,2.9061
Chastity High,Drama,2024-08-29,7.514,2.9175
Mystery Lab,"Documentary, Comedy, Family",2020-08-04,7.1,2.58
Gangs of Oslo,"Crime, Drama",2023-01-19,7.0,2.6407
We Are the Wave,Drama,2019-11-01,6.023,2.7783
Yakamoz S-245,"Sci-Fi & Fantasy, Drama",2022-04-20,6.688,2.9307
My Golden Life,"Drama, Family",2017-09-02,6.13,2.8582
The Prosecutor,"Documentary, Crime",2026-03-26,9.0,3.1332
Hell Teacher Nube,"Action & Adventure, Sci-Fi & Fantasy, Comedy",2014-10-11,8.2,2.6481
Dance Monsters,Reality,2022-12-16,5.5,2.754
School Tales the Series,Mystery,2022-08-10,7.353,2.9619
The Devil Next Door,"Documentary, Crime",2019-11-04,7.159,2.7312
Six Nations: Full Contact,"Documentary, Reality",2024-01-24,7.208,2.9291
Switched,"Drama, Sci-Fi & Fantasy",2018-08-01,7.429,2.9464
Siempre Reinas,Reality,2022-10-02,6.8,2.6172
Luna Petunia,"Kids, Animation",2016-12-09,6.5,3.0434
Life,Drama,2018-07-23,7.1,2.7792
Talentless TAKANO,"Drama, Comedy",2024-10-11,7.0,2.6459
Devil's Diner,Mystery,2025-01-26,8.0,2.8414
Ultramarine Magmell,"Animation, Action & Adventure",2019-04-07,6.886,2.7902
Wormwood,"Documentary, Crime, Drama",2017-12-15,6.061,2.4349
Love Is a Poison,"Drama, Mystery",2024-09-10,8.444,2.687
Last Chance U,Documentary,2016-07-29,7.22,2.7893
On Children,"Drama, Sci-Fi & Fantasy",2018-07-07,7.6,2.7492
Captains of the World,Documentary,2023-12-30,8.423,3.1992
If Only,"Sci-Fi & Fantasy, Drama, Comedy",2022-10-28,6.813,2.6464
Toon,"Comedy, Drama",2016-04-22,7.25,2.4751
Edha,Drama,2018-03-16,6.227,2.3423
Into the Fire: The Lost Daughter,"Mystery, Crime, Documentary",2024-09-12,7.746,2.5939
Ares,Mystery,2020-01-17,6.384,3.0363
Tatsuki: Too Kind for School,Drama,2026-04-11,8.5,2.7643
Our Living World,Documentary,2024-04-17,8.06,2.6978
A Taiwanese Tale of Two Cities,Drama,2018-09-01,7.4,2.9713
Man on Pause,"Family, Comedy, Drama",2022-10-07,6.5,2.7555
World War II: From the Frontlines,"Documentary, War & Politics",2023-12-07,7.981,2.9072
Closet Battle,Reality,2025-08-04,10.0,2.6122
Tomorrow and I,"Drama, Sci-Fi & Fantasy",2024-12-04,6.7,3.0859
Our Oceans,Documentary,2024-11-20,7.5,2.6751
Encounters,Documentary,2023-09-27,6.824,2.7765
Wanderlust,"Drama, Comedy",2018-09-04,6.074,2.4064
Prison Princesses,"Drama, Comedy",2017-10-17,6.4,2.6369
Spectros,Sci-Fi & Fantasy,2020-02-20,6.184,3.3527
The Ultimatum: Queer Love,Reality,2023-05-24,5.0,2.8586
Chambers,"Mystery, Drama",2019-04-26,6.596,2.3621
Paranoid,"Mystery, Crime",2016-09-22,6.328,2.8017
Making Fun,"Reality, Family",2022-03-04,6.2,2.7992
The 43,"Documentary, War & Politics",2019-02-15,6.741,3.2579
Eye Love You,"Drama, Sci-Fi & Fantasy, Comedy",2024-01-23,7.3,2.5417
Superwog,Comedy,2018-10-09,5.9,3.0526
Reality Z,Sci-Fi & Fantasy,2020-06-10,6.562,2.6184
Girls from Ipanema,Drama,2019-03-22,6.7,2.6859
Zero,Sci-Fi & Fantasy,2021-04-21,7.182,2.6267
The Trust,Reality,2024-01-10,6.229,2.6802
Santo,"Crime, Drama",2022-09-16,5.6,2.8596
Dad Stop Embarrassing Me!,Comedy,2021-04-14,6.4,2.6568
Wyatt Earp and the Cowboy War,Drama,2024-08-21,7.1,2.4094
The Endless Night,Drama,2023-01-25,7.563,2.652
Yanxi Palace: Princess Adventures,Drama,2019-12-31,7.9,2.9165
Fugitiva,"Drama, Crime",2018-04-05,6.174,2.7561
The Wind Blows,Drama,2019-05-27,6.2,2.6162
LEGO Elves: Secrets of Elvendale,"Animation, Kids, Sci-Fi & Fantasy, Family",2017-09-01,7.4,2.7003
Two Graves,"Mystery, Crime, Drama",2025-08-29,6.547,2.8519
Super PupZ,"Comedy, Family, Kids",2022-03-31,8.5,2.7653
H2O: Mermaid Adventures,"Animation, Family, Kids, Comedy",2015-06-01,7.0,2.6179
Netflix Presents: The Characters,Comedy,2016-03-11,4.957,2.644
Curon,"Drama, Mystery, Sci-Fi & Fantasy",2020-06-10,6.572,2.5493
Coach Snoop,Documentary,2016-05-19,5.857,3.2395
The Black Swindler,"Drama, Crime",2006-04-14,7.5,2.7003
Cold Case: Who Killed JonBenét Ramsey,"Documentary, Mystery, Crime",2024-11-25,7.278,2.7371
Dance Brothers,Drama,2023-05-10,6.3,2.7317
Dancing for the Devil: The 7M TikTok Cult,Documentary,2024-05-29,6.637,2.778
Evil Genius,"Documentary, Crime, Mystery",2018-05-11,7.291,2.7795
This World Can't Tear Me Down,"Animation, Comedy, Drama",2023-06-09,8.088,2.8927
Ratu Ratu Queens: The Series,"Drama, Comedy",2025-09-12,8.071,2.8956
The Letter for the King,"Action & Adventure, Sci-Fi & Fantasy, Family",2020-03-20,6.742,2.9785
The English Game,Drama,2020-03-20,7.385,2.5497
Who Were We Running From?,"Crime, Mystery, Drama",2023-03-24,6.683,2.9633
Buddi,"Kids, Animation",2020-03-20,6.0,2.6253
Pop the Balloon LIVE,Reality,2025-04-10,10.0,2.6141
Hataraki Man,Drama,2007-10-10,6.2,2.6941
Alien Worlds,Documentary,2020-12-02,6.852,3.3236
Glitter,Drama,2022-12-14,4.909,2.636
Extreme Engagement,"Documentary, Reality",2019-07-12,6.0,2.8645
Paava Kadhaigal,Drama,2020-12-18,7.646,2.9792
"Love Is Blind, Habibi",Reality,2024-10-10,5.269,3.1933
Off the Hook,Comedy,2022-09-01,6.443,2.7584
The Innocent Man,"Documentary, Crime",2018-12-14,6.891,2.4544
Dated and Related,Reality,2022-09-02,6.0,2.3626
A Kidnapping Scandal: The Florence Cassez Affair,"Documentary, Crime",2022-08-25,7.333,2.4411
Tidying Up with Marie Kondo,Reality,2019-01-01,6.596,2.5113
Love Deadline,Reality,2024-01-23,7.6,2.4849
This is Not a Business Expense!,"Comedy, Drama",2019-07-26,8.0,2.6907
The Last Bus,"Sci-Fi & Fantasy, Family",2022-04-01,6.482,2.7711
Echoes of the Past,"Mystery, Crime, Drama",2024-12-06,6.944,2.7751
Conversations with a Killer: The John Wayne Gacy Tapes,Documentary,2022-04-20,7.4,2.4797
Revelations: The Masters of the Universe: Revelation Aftershow,Talk,2021-07-23,3.917,2.251
Suburræterna,"Crime, Drama",2023-11-14,6.62,2.5835
Feedback,"Drama, Mystery",2023-11-15,6.759,2.9037
Gone for Good,"Crime, Drama, Mystery",2021-08-13,5.699,2.815
Transformers: War for Cybertron: Kingdom,"Animation, Action & Adventure, Sci-Fi & Fantasy",2021-07-29,7.736,2.9919
The Society,"Drama, Reality",2025-07-21,0.0,2.187
Project UFO,"Comedy, Drama, Sci-Fi & Fantasy",2025-04-16,6.586,2.5432
Class,Drama,2023-02-03,6.419,2.6123
Reign Supreme,Drama,2022-10-20,7.28,2.7905
The Last Word,"Comedy, Drama",2020-09-17,6.2,2.3799
Bard of Blood,"Action & Adventure, Drama",2019-09-27,7.1,2.6763
Raël: The Alien Prophet,Documentary,2024-02-07,6.197,2.6016
Cannon Busters,"Animation, Sci-Fi & Fantasy, Action & Adventure",2019-08-14,5.929,2.6197
Guardian: The Lonely and Great God 10th Anniversary,Reality,2026-07-04,6.9,2.6503
Remember You,"Drama, Action & Adventure, Crime",2021-08-16,5.9,2.931
Reporting for Duty,Comedy,2023-09-06,7.7,2.6851
Island of the Sea Wolves,Documentary,2022-10-11,8.424,2.5415
One More Time,"Drama, Sci-Fi & Fantasy",2016-10-26,6.944,2.8582
Depp V Heard,"Reality, Documentary",2023-05-21,5.952,2.6847
Guns & Gulaabs,"Comedy, Drama",2023-08-18,7.4,2.62
Okura: Cold Case Investigation,"Drama, Mystery, Crime",2024-10-08,6.0,2.6364
"I Didn't Love You Because I Was a Family, But I Loved You as a Family","Drama, Comedy",2023-05-14,7.8,2.9113
Sneaky Links: Dating After Dark,Reality,2025-05-21,7.0,2.8993
Absurd Planet,Documentary,2020-04-22,5.033,2.3929
The Lørenskog Disappearance,"Crime, Drama",2022-09-14,5.211,3.0785
American Manhunt: O.J. Simpson,"Documentary, Crime",2025-01-29,7.24,2.8596
At Home with the Furys,"Reality, Family, Documentary",2023-08-16,8.094,2.6196
How to Become a Cult Leader,"Documentary, Crime",2023-07-28,6.849,2.368
Glamorous,"Drama, Comedy",2023-06-22,5.772,2.6642
Surviving Black Hawk Down,"Documentary, War & Politics",2025-02-10,7.4,3.093
Best.Worst.Weekend.Ever.,Comedy,2018-10-19,6.733,2.4585
Night on Earth,Documentary,2020-01-29,7.4,2.5462
Dating Game,"Drama, Comedy",2025-07-14,6.2,2.8143
Files of the Unexplained,"Documentary, Crime, Mystery",2024-04-03,6.605,2.6453
Love Me to Death,"Crime, Family",2025-03-27,5.0,2.2528
Asaf,"Drama, Crime",2024-11-28,5.84,2.8169
Heist,"Documentary, Crime",2021-07-14,6.798,2.7799
In the Name of God: A Holy Betrayal,"Documentary, Crime",2023-03-03,7.7,2.6495
Notre-Dame,Drama,2022-10-19,5.764,2.683
We're Back! With Brian Williams,Talk,2026-06-18,0.0,2.312
Betaal,"Action & Adventure, Drama",2020-05-24,6.5,2.5537
Ainori Love Wagon: Asian Journey,Reality,2017-10-26,7.5,2.7097
A Nation of Kimchi,Documentary,2023-09-10,10.0,3.0017
42 Days of Darkness,"Drama, Mystery",2022-05-11,6.464,2.2257
Surviving Paradise,Reality,2023-10-20,5.9,2.8276
Adventures of the Super Monkey -Journey to the West-,"Drama, Comedy",2006-01-09,6.2,2.9018
Kulipari: An Army of Frogs,"Action & Adventure, Animation",2016-09-02,6.3,2.0843
Making a Murderer,"Documentary, Crime",2015-12-18,7.845,2.4105
Be Nice to People,Drama,2002-01-07,6.3,2.7889
Superstar,"Drama, Comedy",2025-07-18,6.063,2.4749
Choona,"Comedy, Crime, Drama",2023-09-29,7.0,2.7627
Trial by Media,"Documentary, Crime",2020-05-11,7.163,2.0358
Escaping Twin Flames,Documentary,2023-11-08,6.324,2.7263
Crime Scene: The Texas Killing Fields,"Documentary, Crime",2022-11-29,6.489,2.549
Till Murder Do Us Part: Soering vs. Haysom,Documentary,2023-11-01,6.833,2.5246
Flint Town,"Documentary, Crime, Action & Adventure",2018-03-02,7.0,2.2973
An Astrological Guide for Broken Hearts,Comedy,2021-10-27,6.4,2.4268
"Blood, Sex & Royalty",Drama,2022-11-23,7.045,2.5932
Madoff: The Monster of Wall Street,"Documentary, Crime",2023-01-04,7.076,2.247
My Perfect Landing,Family,2020-01-08,7.725,2.4045
Takki,Drama,2012-09-20,7.4,2.8828
Blue Ribbon Baking Championship,Reality,2024-08-09,7.5,2.0991
Whispers,"Mystery, Drama",2020-06-11,7.1,2.9829
The Duchess,"Comedy, Drama",2020-09-11,6.478,2.7044
The Minions of Midas,"Mystery, Drama, Crime",2020-11-13,6.772,2.6086
Diary of a Ditched Girl,Comedy,2025-09-11,6.0,2.5787
I'm the Most Beautiful Count,"Comedy, Drama",2025-08-01,8.5,2.8688
GHOUL,"Mystery, Sci-Fi & Fantasy, Drama",2018-08-24,6.8,2.6131
Trainwreck: Woodstock '99,Documentary,2022-08-03,7.28,3.0964
Typewriter,"Drama, Mystery",2019-07-19,6.2,3.4241
Samuel,"Animation, Comedy, Drama",2024-03-11,9.3,2.2698
Kitti Katz,"Animation, Action & Adventure",2023-05-18,7.8,2.4752
Top Secret UFO Projects Declassified,Documentary,2021-01-19,7.265,2.7368
The Journalist,"Drama, Crime",2022-01-13,7.466,2.8501
The Romantics,Documentary,2023-02-14,6.375,2.4853
Unlocked: A Jail Experiment,Reality,2024-04-10,6.771,2.6599
Mermaze Mermaidz,"Animation, Drama, Comedy",2022-05-08,6.5,2.5576
The Golden Egg,Drama,2025-10-08,6.7,2.7473
Kissing Game,"Drama, Mystery",2020-07-17,6.973,2.118
My Runway,"Comedy, Drama",2016-12-30,7.337,2.541
A Life: A Love,Drama,2017-01-15,7.0,2.6939
The Longest Night,Crime,2022-07-08,6.833,2.4921
Saare Jahan Se Accha: The Silent Guardians,Drama,2025-08-13,6.0,2.3703
Story of My Family!!!,"Comedy, Drama",2021-01-22,7.9,2.7738
A Thousand Goodnights,"Family, Drama",2019-03-29,4.7,2.5798
Rivers of Fate,"Action & Adventure, Drama, Crime",2025-08-20,6.603,2.5651
Beecham House,Drama,2019-06-23,7.0,2.5009
Welcome to the Family,"Comedy, Drama",2025-03-12,6.909,2.7357
Ai's Kitchen,Reality,2024-10-05,7.0,2.5902
Connected,Documentary,2020-08-02,6.419,2.7381
Night Stalker: The Hunt for a Serial Killer,"Documentary, Crime, Mystery",2021-01-13,7.467,2.5575
Ripe for the Picking,Drama,2024-01-23,7.6,2.4575
Why Didn't I Tell You a Million Times?,"Drama, Mystery, Sci-Fi & Fantasy",2023-01-13,6.9,3.1395
Aranyak,"Crime, Drama, Mystery",2021-12-10,7.048,2.8919
Dollar,"Drama, Action & Adventure",2019-08-08,5.8,2.4722
The Comedy Lineup,Comedy,2018-07-03,5.278,2.2491
Unnatural Selection,Documentary,2019-10-18,7.218,2.3047
King of Stonks,"Drama, Comedy, Crime",2022-07-06,6.594,2.4541
Zero Chill,"Drama, Comedy, Family",2021-03-15,7.257,2.4537
Osmosis,"Sci-Fi & Fantasy, Drama",2019-03-29,5.539,2.7997
Elite Short Stories: Omar Ander Alexis,Drama,2021-06-16,7.3,2.7912
씰룩,"Animation, Kids",2022-12-01,8.0,2.6824
Roosters,Comedy,2025-02-28,5.7,2.7453
Stay Here,Reality,2018-08-17,5.364,2.3078
Jinn,"Drama, Sci-Fi & Fantasy",2019-06-13,5.455,2.5357
True: Magical Friends,"Animation, Comedy",2018-06-15,8.4,2.4793
Dark Tourist,"Action & Adventure, Documentary",2018-07-20,6.695,2.6959
Building the Band,Reality,2025-07-09,7.4,2.6215
Smother-in-Law,Comedy,2022-04-13,5.8,2.4862
Savage Rhythm,Drama,2022-03-02,7.1,2.5559
Tunnel,"Mystery, Drama, Crime",2019-09-09,6.6,2.581
Brigands: The Quest for Gold,Drama,2024-04-23,6.7,2.9405
Prank Encounters,"Reality, Comedy",2019-10-25,7.1,2.3121
Julie's Greenroom,"Family, Kids",2017-03-17,6.6,2.4932
Surviving Death,Documentary,2021-01-06,6.6,2.6182
Pitta Kathalu,Drama,2021-02-19,4.6,2.4667
Bangkok Breaking,Crime,2021-09-23,6.754,2.6986
The Business of Drugs,"Documentary, Crime",2020-07-14,6.948,2.5931
Team Zenko Go,"Animation, Action & Adventure, Kids",2022-03-15,8.1,2.2272
Headspace Guide to Sleep,"Documentary, Animation",2021-04-28,7.206,2.1689
anone,Drama,2018-01-10,7.688,2.2712
Vampires,"Sci-Fi & Fantasy, Drama",2020-03-20,7.382,2.5684
CAT,"Crime, Drama",2022-12-09,7.4,2.7081
Freeridge,"Comedy, Drama, Mystery",2023-02-02,6.6,2.6286
James.,Documentary,2026-05-21,7.826,2.7416
Killer Soup,"Comedy, Crime, Drama",2024-01-11,6.558,2.4054
Street Food: Asia,Documentary,2019-04-26,7.614,2.7636
We Were Kings,"Drama, Crime",2024-09-25,6.5,2.3129
MH370: The Plane That Disappeared,Documentary,2023-03-08,6.562,2.4805
Jimmy Savile: A British Horror Story,"Documentary, Crime",2022-04-06,6.766,2.3296
Adoration,"Drama, Mystery",2024-11-20,6.1,2.3041
Tokyo Trial,"Drama, War & Politics",2016-12-12,6.7,2.3094
House of Secrets: The Burari Deaths,"Documentary, Crime",2021-10-08,7.056,2.5451
JAPAN SINKS: People of Hope,"Sci-Fi & Fantasy, Drama, War & Politics",2021-10-10,6.5,2.3396
Move,Documentary,2020-10-23,6.936,2.6214
The Big Nailed It Baking Challenge,Reality,2023-08-04,7.8,2.4055
Emergency: NYC,Documentary,2023-03-29,6.85,2.456
America's Team: The Gambler and His Cowboys,Documentary,2025-08-19,7.0,2.1958
Sins of Our Mother,"Crime, Documentary",2022-09-14,7.035,2.0882
Get Gotti,"Documentary, Crime",2023-10-24,7.235,2.4602
Hitmakers,Reality,2025-07-24,8.0,2.4528
Spirit Riding Free: Riding Academy,"Kids, Animation, Family, Action & Adventure",2020-03-20,7.857,2.3511
The Degenerates,"Comedy, Talk",2018-10-30,4.895,2.4168
The Unlikely Murderer,Drama,2021-11-05,6.619,2.6661
The Idhun Chronicles,"Sci-Fi & Fantasy, Animation, Action & Adventure",2020-09-10,6.789,2.3927
My Only Love Song,Drama,2017-07-01,8.1,2.4018
Queen,Drama,2022-06-23,5.386,2.4251
I Love You Just a Little Bit,Drama,2017-04-18,6.0,2.3121
WWE Raw Top 10,Action & Adventure,2025-01-01,8.333,2.5301
Nailed It! Mexico,Reality,2019-02-08,6.9,2.3436
SanPa: Sins of the Savior,Documentary,2020-12-30,7.381,2.3748
Worn Stories,"Documentary, Animation",2021-04-01,6.818,2.6205
The Ripper,"Documentary, Crime",2020-12-16,6.552,2.2731
Wellmania,"Comedy, Drama",2023-03-29,6.37,2.2888
Zona Rosa,Comedy,2019-11-26,5.7,2.526
Koinaka,Drama,2015-07-20,6.6,2.2793
Shafted,Comedy,2025-01-24,5.6,2.3769
Turn Up Charlie,"Comedy, Drama",2019-03-15,6.55,2.3257
Simone Biles Rising,Documentary,2024-07-17,6.803,2.2677
"The Program: Cons, Cults, and Kidnapping",Documentary,2024-03-05,7.479,2.3648
Endless Night,"Drama, Mystery",2022-08-03,3.9,2.7598
Sunderland 'Til I Die,Documentary,2018-12-14,7.579,2.3029
Turn to Me Mukai-kun,"Comedy, Drama",2023-07-12,6.6,2.4954
The Playbook,Documentary,2020-09-22,6.404,2.562
Selection Day,Drama,2018-12-28,7.3,2.2098
Gone Girls: The Long Island Serial Killer,"Documentary, Crime",2025-03-31,7.272,2.2875
Murder Mountain,"Documentary, Crime",2018-09-23,6.716,2.3971
Is She the Wolf?,Reality,2023-06-11,5.0,2.3269
Selling the City,Reality,2025-01-03,7.3,1.9873
The Future Of,Documentary,2022-06-21,5.217,2.088
Bros,Comedy,2024-04-18,7.0,2.3884
Love Is Blind: Italy,Reality,2025-12-01,7.5,2.5379
Time: The Kalief Browder Story,Documentary,2017-03-01,7.194,2.4251
YooHoo to the Rescue,"Animation, Kids",2019-03-15,6.6,2.2019
The Cabin with Bert Kreischer,"Reality, Comedy",2020-10-13,6.447,1.9501
Family Secrets,"Comedy, Drama",2022-08-31,5.929,2.5524
Dirty Lines,Drama,2022-04-08,6.182,2.0635
Bake Squad,"Family, Reality",2021-08-11,7.053,2.4007
You Are What You Eat: A Twin Experiment,Documentary,2024-01-01,6.606,2.1914
Deliver Me,"Drama, Mystery",2024-04-24,6.156,2.3576
Iron Chef: Quest for an Iron Legend,Reality,2022-06-15,7.294,2.168
Franklin,"Drama, Crime",2025-05-15,5.7,2.4392
Together: Treble Winners,Documentary,2024-04-02,6.6,2.5572
Nailed It! Spain,"Family, Reality",2019-10-25,6.9,2.2626
Green Door,"Drama, Crime",2019-02-16,6.8,2.3079
AMO,"Crime, Drama",2018-04-10,4.8,2.5624
If I Hadn't Met You,"Drama, Sci-Fi & Fantasy, Mystery",2018-10-15,7.035,2.6241
The Later Daters,Reality,2024-11-29,5.5,2.097
Catching Killers,"Documentary, Crime",2021-11-04,6.746,2.2481
Victoria Beckham,Documentary,2025-10-09,6.7,2.5043
Ya Boy Kongming!,"Drama, Comedy",2023-09-27,7.083,2.2139
Light the Wild,Reality,2023-04-16,9.0,2.1907
Fortune Seller: A TV Scam,Documentary,2022-09-21,6.363,2.2937
African Queens: Njinga,Documentary,2023-02-15,5.9,2.2264
Captive,"Documentary, Crime",2016-12-09,6.353,2.5593
Bad Influence: The Dark Side of Kidfluencing,Documentary,2025-04-09,6.709,2.5287
Jack Whitehall: Travels with My Father,"Comedy, Reality",2017-09-22,6.919,2.1725
Amy Bradley Is Missing,"Documentary, Crime, Mystery",2025-07-16,6.935,2.2119
Dream Home Makeover,Reality,2020-10-16,6.824,2.0028
Dave Chappelle,Comedy,2017-03-21,7.284,2.7009
Three Days of Christmas,Drama,2019-12-06,6.808,2.1376
Love Alarm Clap! Clap! Clap!,Reality,2022-12-09,6.8,2.2583
Raw Weekly Recap,"Action & Adventure, Reality",2026-01-05,9.0,2.2227
The Disappearance of Madeleine McCann,"Crime, Documentary",2019-03-15,6.408,2.184
Generation 56k,"Comedy, Drama",2021-07-01,7.129,2.2844
Pop Culture Jeopardy!,Reality,2026-05-11,4.5,1.9852
Baking Impossible,Reality,2021-10-06,7.071,2.1846
Til Death Do Us Part,"Sci-Fi & Fantasy, Drama",2019-08-15,7.0,2.4975
Call My Agent Bollywood,"Comedy, Drama",2021-10-29,5.667,1.9179
World's Most Wanted,"Documentary, Crime",2020-08-05,6.705,2.2594
Decoupled,"Drama, Comedy",2021-12-17,7.182,2.2109
Conversations with a Killer: The Ted Bundy Tapes,"Documentary, Crime",2019-01-24,7.468,2.2905
The Indrani Mukerjea Story: Buried Truth,"Documentary, Crime",2024-02-29,5.8,1.9583
Lunatics,Comedy,2019-04-19,5.259,2.1839
Elves,"Drama, Mystery, Sci-Fi & Fantasy",2021-11-28,6.9,2.8757
Over Christmas,Comedy,2020-11-27,5.934,2.2486
Hasmukh,"Crime, Drama, Comedy",2020-04-17,5.0,2.3031
End of the Line,Comedy,2024-01-17,7.0,2.3398
How to Ruin Love,Comedy,2024-05-31,6.833,2.2493
Inside West Coast Customs,Reality,2011-02-20,6.8,2.0789
Babies,Documentary,2020-02-21,7.333,2.0994
Baby Farm,Drama,2025-03-21,10.0,2.3556
"Mom, Don't Do That!",Comedy,2022-07-15,8.296,1.9617
Sing On! Spain,"Reality, Family",2020-07-24,6.8,2.4158
Kulipari: Dream Walker,"Animation, Kids",2018-11-20,7.2,1.9907
Off Road,"Reality, Documentary",2025-07-10,7.0,2.1532
Taco Chronicles,Documentary,2019-07-11,7.692,2.2435
There is a Reason for Undressed Love,Drama,2021-04-20,8.083,1.7974
Skylines,"Drama, Crime",2019-09-27,6.613,2.2091
Big Timber,Reality,2020-10-08,6.357,2.3515
Keep Sweet: Pray and Obey,"Documentary, Crime",2022-06-08,7.453,1.9881
Indian Predator: Murder in a Courtroom,"Crime, Documentary",2022-10-28,6.4,2.4634
Fred and Rose West: A British Horror Story,"Documentary, Crime",2025-05-14,6.91,2.1784
Take 1,Documentary,2022-10-14,6.1,1.9896
Love on the Spectrum,Documentary,2019-11-19,7.457,2.3192
Members Only: Palm Beach,Reality,2025-12-29,4.5,2.0023
GAME ON: A Comedy Crossover Event,"Comedy, Family",2020-08-10,6.9,2.0669
Champion,Drama,2023-07-01,6.8,1.9222
Try? Choo-ry!,Talk,2025-02-26,10.0,2.2305
Dino Girl Gauko,"Animation, Family, Kids, Comedy",2019-11-22,7.2,2.1697
Secret World of Sound,Documentary,2024-02-15,8.136,2.7254
This Is the Zodiac Speaking,"Documentary, Crime",2024-10-23,7.325,2.3763
Life After Death with Tyler Henry,Reality,2022-03-11,5.7,1.7926
American Conspiracy: The Octopus Murders,"Documentary, Crime",2024-02-28,6.909,2.145
Crime Scene: The Vanishing at the Cecil Hotel,"Documentary, Crime, Mystery",2021-02-10,6.9,2.5947
Love Is Blind: France,Reality,2025-09-10,6.8,2.2844
MARINES,Documentary,2025-11-10,6.2,2.1188
"Jerry Springer: Fights, Camera, Action",Documentary,2025-01-07,6.671,2.4975
Fear City: New York vs The Mafia,"Documentary, Crime",2020-07-22,6.766,2.1729
Comedy Royale,"Reality, Comedy",2023-11-28,6.0,2.0528
Best Leftovers Ever!,Reality,2020-12-30,6.2,2.2585
Fanático,Drama,2022-07-29,5.0,2.2912
Devil's Advocate,"Drama, Crime",2023-07-13,8.7,2.4954
The Hungry and the Hairy,Reality,2021-12-11,6.6,2.0111
We Are the Champions,Documentary,2020-11-17,6.024,2.2334
Crime Scene Berlin: Nightlife Killer,"Crime, Documentary",2024-04-03,6.568,2.3415
Rhythm + Flow: Brazil,Reality,2024-11-12,6.0,2.1618
SCAMS,"Action & Adventure, Crime, Drama",2019-07-01,5.8,1.8124
LIGHTHOUSE,"Talk, Reality",2023-08-22,8.2,2.2746
Living Undocumented,Documentary,2019-10-02,6.8,2.1198
Street Food: Latin America,Documentary,2020-07-21,7.128,2.1836
American Murder: Laci Peterson,"Crime, Documentary",2024-08-14,7.1,2.1386
Three Idiots in Kenya,Reality,2025-11-25,8.2,2.5924
The Fastest,Reality,2021-11-23,5.2,2.4169
Penguin Town,Documentary,2021-06-16,7.455,2.0551
Simon Cowell: The Next Act,Reality,2025-12-10,7.5,2.4671
Siren: Survive the Island,Reality,2023-05-30,7.5,1.9628
Fit for TV: The Reality of the Biggest Loser,Documentary,2025-08-15,5.931,2.352
I Am Ilary,"Reality, Documentary",2025-01-09,6.0,2.3679
Voice,"Crime, Drama",2019-11-04,8.3,2.1901
Stranded with My Mother-in-Law,Reality,2023-10-09,7.4,2.1241
Suspended,Drama,2022-04-02,2.0,2.2792
BREAK IT ALL: The History of Rock in Latin America,Documentary,2020-12-16,7.579,1.8289
The Blank Menu for You,Reality,2025-02-22,10.0,2.2648
Anxious People,"Comedy, Drama, Mystery",2021-12-29,6.153,1.9933
A Round of Applause,"Drama, Comedy",2024-02-29,6.773,2.411
Glória,Drama,2021-11-05,6.536,2.5187
Trailer Park Boys: The Animated Series,"Animation, Comedy",2019-03-31,6.976,2.1176
How to Change Your Mind,"Documentary, Mystery",2022-07-12,7.755,2.1901
Inside Bill's Brain: Decoding Bill Gates,Documentary,2019-09-20,7.299,2.2195
Ms. Rachel,Kids,2025-01-27,7.3,2.5644
Last Chance U: Basketball,Documentary,2021-03-10,7.416,2.4455
School of Chocolate,Reality,2021-11-26,7.208,2.0903
Happy Jail,Documentary,2019-08-14,5.75,2.162
No Regrets In Life,Drama,2022-06-18,5.0,2.174
The Innocence Files,Documentary,2020-04-15,7.41,2.2213
The Pharmacist,"Documentary, Crime",2020-02-05,7.369,2.363
White Rabbit Project,Reality,2016-12-09,6.375,2.0995
Deep Fake Love,Reality,2023-07-06,5.8,2.1683
Indian Predator: The Butcher of Delhi,"Documentary, Crime",2022-07-20,5.844,2.2608
American Manhunt: The Boston Marathon Bombing,"Documentary, Crime",2023-04-12,7.487,2.1606
Eternally Confused and Eager for Love,Comedy,2022-03-18,6.8,2.0662
The TikTok Killer,"Documentary, Crime",2026-03-06,5.9,2.2639
Gunther's Millions,Documentary,2023-02-01,5.5,2.2028
The Diamond Heist,"Documentary, Crime",2025-04-16,6.75,2.175
Mob War: Philadelphia vs. the Mafia,"Documentary, Crime",2025-10-22,6.6,2.0641
Izzy's Koala World,"Family, Documentary",2020-09-15,9.0,1.8849
Sing On!,Reality,2020-09-16,7.6,2.1588
Bobby Kennedy for President,"Documentary, Drama",2018-04-27,7.789,1.999
Tore,Drama,2023-10-27,5.8,2.2155
CoComelon JJ's Animal Time,"Animation, Kids, Family",2022-09-28,0.0,2.043
Queer Eye: We're in Japan!,"Comedy, Reality",2019-11-01,7.338,1.9987
The Houseboat,Documentary,2021-03-09,6.696,2.1673
"Cocaine Air: Smugglers at 30,000 Ft.","Documentary, Crime",2025-06-11,7.5,1.8355
Ladies First: A Story of Women in Hip-Hop,Documentary,2023-08-09,7.8,7.2992
Maldivas,"Comedy, Drama",2022-06-15,6.7,2.0317
Middleditch & Schwartz,Comedy,2020-04-21,7.912,2.0026
Cat People,Documentary,2021-07-07,5.25,2.1022
King of Collectibles: The Goldin Touch,Reality,2023-04-28,6.265,2.1061
The Circle France,Reality,2020-04-09,6.906,2.2652
Killer Ratings,Documentary,2019-05-31,7.375,2.1446
The Fight for Justice: Paolo Guerrero,Drama,2022-10-05,7.3,1.9695
The Good Cop,"Comedy, Drama",2015-08-15,6.3,2.3644
Vortex,"Crime, Sci-Fi & Fantasy, Drama",2023-01-02,6.825,2.4029
Nailed It! Holiday!,Reality,2018-12-07,7.089,2.1345
The Liberator,"War & Politics, Drama, Animation",2020-11-11,7.103,2.516
Reverse 4 You,"Sci-Fi & Fantasy, Drama",2024-09-03,7.45,2.5768
The Influencer,Reality,2024-08-06,6.559,2.0602
Dead End,"Comedy, Drama",2022-12-01,6.2,2.1741
Is It Cake? Halloween,Reality,2025-10-08,7.0,2.2662
Spirit Riding Free: Pony Tales,"Animation, Action & Adventure, Kids",2019-08-09,7.457,2.0262
ReBoot: The Guardian Code,"Family, Sci-Fi & Fantasy, Action & Adventure, Comedy, Drama",2018-06-04,5.926,2.0491
Carlos Alcaraz: My Way,Documentary,2025-04-23,6.2,1.9234
What the Love! with Karan Johar,"Reality, Talk",2020-01-30,5.0,2.1714
Cheat: Unfinished Business,Reality,2025-04-30,7.4,2.0626
Katrina: Come Hell and High Water,Documentary,2025-08-27,6.325,2.3876
"Breakfast, Lunch & Dinner",Documentary,2019-10-23,6.286,2.2345
Fightworld,Documentary,2018-10-12,6.368,1.8989
Cindy la Regia: The High School Years,"Comedy, Drama",2023-12-20,6.333,1.975
You Cannot Hide,"Crime, Action & Adventure",2019-09-30,7.1,2.1466
LALIGA: All Access,Documentary,2024-07-15,7.4,1.9459
Is Love Sustainable?,"Comedy, Family",2022-04-19,6.286,2.354
Wild Babies,Documentary,2022-05-05,7.611,1.8128
"Love, Life & Everything in Between","Drama, Comedy",2022-03-10,3.3,2.2022
Love Song,Drama,2016-04-11,8.0,1.8508
"Nevenka, Breaking the Silence",Documentary,2021-03-05,6.654,2.233
Murder Among the Mormons,"Documentary, Crime",2021-03-03,6.951,1.9849
Murdaugh Murders: A Southern Scandal,"Documentary, Crime",2023-02-22,6.776,2.2618
Standing Up,"Comedy, Drama",2022-03-18,6.8,2.3852
The Who Was? Show,"Kids, Comedy, Family",2018-05-11,7.3,2.0027
Ángel Di María: Breaking Down the Wall,Documentary,2024-09-12,7.731,1.9379
Lies and Deceit,Mystery,2020-04-19,4.871,1.9462
We Married as a Job: New Year's Special,Drama,2020-05-19,9.0,2.1783
Glitter & Gold: Ice Dancing,"Documentary, Reality",2026-02-01,7.5,1.9281
Bookmarks: Celebrating Black Voices,"Kids, Family",2020-09-01,5.4,1.7841
Monique Olivier: Accessory to Evil,"Documentary, Crime",2023-03-02,7.3,1.8855
Trump: An American Dream,Documentary,2017-11-09,6.627,1.9087
The Trials of Gabriel Fernandez,"Documentary, Crime",2020-02-26,7.4,2.1019
Chasing Cameron,"Documentary, Reality",2016-12-27,4.6,2.2734
Instant Dream Home,Reality,2022-08-10,6.667,2.0491
100 Humans: Life's Questions. Answered.,"Documentary, Reality",2020-03-13,5.902,2.3217
The Kevin Langue Show,"Comedy, Reality",2026-09-05,0.0,2.3325
From Rock Star to Killer,"Documentary, Crime",2025-03-27,7.671,2.1602
This Is a Robbery: The World's Biggest Art Heist,"Documentary, Crime",2021-04-07,6.606,2.265
Emily's Wonder Lab,"Family, Kids",2020-08-25,5.9,1.8721
Missing: Dead or Alive?,"Crime, Documentary",2023-05-10,6.686,2.046
Hack My Home,Reality,2023-07-07,4.433,1.8003
Drug Squad: Costa del Sol,"Action & Adventure, Drama, Crime",2019-05-06,6.475,2.352
Becoming Champions,Documentary,2018-08-01,5.8,2.1455
Waco: American Apocalypse,"Documentary, Crime",2023-03-22,7.044,1.9118
Crazy Delicious,Reality,2020-01-21,6.533,2.0124
New World,"Reality, Comedy",2021-11-20,6.429,2.2353
You're Nothing Special,"Comedy, Sci-Fi & Fantasy, Drama",2022-09-02,5.58,1.9225
Garnachas: Glorious Street Food!,Documentary,2025-04-02,7.0,2.1669
Pandemic: How to Prevent an Outbreak,Documentary,2020-01-22,6.878,1.7391
Nobody's Looking,Comedy,2019-11-22,6.808,1.9692
Our Great National Parks,Documentary,2022-04-13,7.561,2.0423
The Future Diary,"Reality, Drama",2021-12-14,5.6,1.9678
If I Were Luísa Sonza,Documentary,2023-12-13,7.2,1.9643
Social Currency,Reality,2023-06-22,2.0,2.3032
Tales by Light,Documentary,2015-05-24,7.438,1.8153
Part-Time Idol,Drama,2017-11-27,6.167,1.968
Brainchild,"Documentary, Kids",2018-11-02,7.0,1.9945
Jaguar,"Drama, War & Politics",2021-09-22,7.1,2.2141
The Puzzle Room with David Kwong,Talk,2026-05-11,0.0,1.9533
Abla Fahita: Drama Queen,"Comedy, Drama",2021-03-15,6.9,1.6859
Cobra Kai: Inside the Dojo,Talk,2024-07-18,8.863,1.9614
The Most Beautiful Flower,Comedy,2022-12-07,8.296,1.9986
Bad Guys,Drama,2022-09-02,6.3,2.2922
The Ingenuity of the Househusband,Comedy,2021-08-29,6.676,2.1059
Broken,Documentary,2019-11-27,6.24,2.0782
Sexy Central,Comedy,2019-07-19,7.4,1.8662
Don't Hate the Player,Reality,2024-04-17,7.2,1.7785
Muscles & Mayhem: An Unauthorized Story of American Gladiators,Documentary,2023-06-28,7.122,1.9101
Puerta 7,"Drama, Crime",2020-02-21,7.0,1.8545
Crazyhead,Comedy,2016-10-19,6.549,1.8194
The World's Most Amazing Vacation Rentals,"Reality, Documentary",2021-06-18,7.639,1.85
All About the Washingtons,Comedy,2018-08-10,5.364,1.9148
High on the Hog: How African American Cuisine Transformed America,Documentary,2021-05-26,7.0,1.8328
Medianoche en Asia: Comer · Bailar · Soñar,Documentary,2022-01-20,5.4,1.948
Little Angel,"Animation, Kids",2022-10-01,0.0,1.9151
Baby Einstein Classics,"Family, Kids",2010-11-24,6.0,1.6146
Naomi Osaka,Documentary,2021-07-16,6.577,2.0358
Mai: A Mother's Rage,"Crime, Drama, Mystery",2022-04-15,7.304,2.1795
Far from Home,Drama,2022-12-16,8.1,1.9451
WWE Legend Profiles,Documentary,2025-01-01,8.333,2.293
Gymnastics Academy: A Second Chance,Drama,2022-09-16,8.2,2.0583
I Am a Stalker,"Documentary, Crime",2022-10-18,6.275,1.7849
Love Con Revenge,"Crime, Documentary",2025-09-05,7.2,1.7632
Hard Cell,Comedy,2022-04-12,5.28,1.8911
Losers,Documentary,2019-03-01,7.19,1.9247
The Unremarkable Juanquini,Comedy,2020-05-15,6.9,1.9833
Haunted: Latin America,Reality,2021-03-31,7.315,1.9069
The Manhattan Alien Abduction,Documentary,2024-10-30,6.525,1.5748
The Echoes of Survivors: Inside Korea's Tragedies,"Documentary, War & Politics",2025-08-15,8.2,2.2058
An Encouragement of Love,"Drama, Comedy",2023-11-22,4.5,1.9789
BINI Docuseries,Documentary,2024-09-26,0.0,2.0366
Tiger King: The Doc Antle Story,"Documentary, Crime",2021-12-10,6.276,2.1398
The Clubhouse: A Year with the Red Sox,"Documentary, Reality",2025-04-08,7.7,1.7659
50 Seconds: The Fernando Báez Sosa Case,"Documentary, Crime",2025-11-13,7.975,2.1654
Battle Camp,Reality,2025-04-23,6.474,1.9573
Girls Incarcerated,"Reality, Documentary",2018-03-01,7.094,2.0534
Crime Diaries: The Candidate,"Drama, Crime, Mystery, War & Politics",2019-03-22,7.366,1.9146
Countdown: Inspiration4 Mission to Space,Documentary,2021-09-06,6.961,1.6674
Hyena,"Mystery, Comedy",2023-10-20,2.0,1.6223
Only for Love,Drama,2022-09-21,5.8,1.9697
Street Food: USA,Documentary,2022-07-26,6.9,1.8767
Shot in the Dark,"Reality, Documentary",2017-11-17,7.129,1.6467
Soil,"Drama, Comedy",2021-10-26,6.176,1.7481
"Salcedo, Leather, and Boogaloo",Drama,2026-07-08,7.0,1.9733
Напарники,"Crime, Comedy, Mystery",2023-09-18,0.0,2.049
Voir,Documentary,2021-12-06,6.543,1.7472
The G Word with Adam Conover,"Documentary, Comedy",2022-05-19,6.357,1.9518
Shanty Town,"Crime, Drama",2023-01-20,8.4,1.9606
The Healing Powers of Dude,"Kids, Comedy, Drama",2020-01-13,7.112,1.8412
Meltdown: Three Mile Island,Documentary,2022-05-04,6.854,1.8411
Faussaires,Mystery,,0.0,1.7433
Killer Inside: The Mind of Aaron Hernandez,"Documentary, Crime",2020-01-15,7.201,1.8349
Fastest Car,"Reality, Action & Adventure",2018-04-06,6.3,2.106
Trial by Fire,"Drama, Crime",2023-01-13,7.786,1.7927
LEGO Bionicle: The Journey to One,"Animation, Kids",2016-03-04,7.34,1.8933
Korean Pork Belly Rhapsody,Documentary,2020-12-20,7.3,1.9453
Bad Boy Billionaires: India,"Crime, Documentary",2020-10-05,7.9,1.8794
Club América vs. Club América,Documentary,2022-08-31,8.7,1.7359
Scoop,"Drama, Crime",2023-06-02,6.28,2.2502
ONE PIECE: Into the Grand Line: Official Podcast,Talk,2026-03-13,10.0,1.8137
"Crime Patrol: 26 Jurm, 26 Cases","Crime, Drama",2025-04-12,0.0,1.697
Aníkúlápó: Rise of the Spectre,Drama,2024-03-01,7.0,1.9267
13 Reasons Why: Beyond the Reasons,Talk,2017-03-31,7.049,1.7221
Star Search,Reality,2026-01-20,4.8,1.7588
SPRINT,Documentary,2024-07-02,7.357,1.7195
The Most Hated Man on the Internet,Documentary,2022-07-27,6.702,1.885
The Least Expected Day: Inside the Movistar Team 2019,Documentary,2020-03-29,6.7,1.7362
Futmalls.com,"Mystery, Sci-Fi & Fantasy",2020-12-03,6.4,1.8838
Enigma Black Stage,Mystery,2025-07-26,9.0,1.6805
Bombay Begums,Drama,2021-03-08,5.8,1.9638
Taj Mahal 1989,Drama,2020-02-14,6.4,1.6901
REA(L)OVE,Reality,2018-04-27,5.0,1.8595
One Night Only: GFW Amped Anthology,,2017-08-11,0.0,1.8028
I Wanna Be Sup'Tar,Comedy,2026-02-06,6.6,1.9412
We the People,"Animation, Kids",2021-07-04,7.9,1.4901
What's in the Box?,Reality,2025-12-17,5.4,1.8645
Spy Ops,"Documentary, Crime",2023-09-08,6.771,1.8254
Power Moves with Shaquille O'Neal,Documentary,2025-06-04,5.143,2.0205
Tooth Pari: When Love Bites,"Comedy, Mystery",2023-04-20,6.357,1.9536
Masaba Masaba,"Comedy, Drama",2020-08-28,6.5,2.016
How To Build a Sex Room,Reality,2022-07-08,7.276,1.721
Standup and Away! with Brian Regan,Comedy,2018-12-24,5.625,1.6789
Singapore Social,Reality,2019-11-22,4.8,1.8541
Hurts Like Hell,"Drama, Documentary",2022-07-13,7.7,1.9186
Persona: Sulli,"Drama, Documentary",2023-11-13,6.286,2.1683
Word Party Presents: Math!,"Kids, Animation",2021-12-28,3.5,1.5963
Justice Served,Action & Adventure,2022-07-29,6.677,1.6544
Sing Again,Drama,2022-07-01,6.8,2.0699
The Comeback: 2004 Boston Red Sox,Documentary,2024-10-23,7.65,1.8448
800 Meters,Documentary,2022-03-25,6.545,1.7222
The Alcàsser Murders,"Documentary, Crime",2019-06-14,7.125,1.8988
Chad and JT Go Deep,Comedy,2022-08-23,7.6,1.6388
Rebel Cheer Squad: A Get Even Series,"Family, Drama, Mystery",2022-02-14,6.817,1.7065
Part-Time Wife,Drama,2026-04-26,9.0,1.8803
Love Is Blind: Mexico,Reality,2024-08-01,5.2,1.6326
Misfit: The Series,Comedy,2021-10-16,7.0,1.4782
True Tunes,"Kids, Animation",2019-07-12,8.0,1.8287
The Many Deaths of Nora Dalmasso,"Documentary, Crime",2025-06-19,7.053,1.6568
WWE Road to WrestleMania,Action & Adventure,2025-01-01,8.4,1.6384
Ex-Addicts Club,"Comedy, Drama",2023-04-20,3.3,1.7172
Chef's Table: BBQ,Documentary,2020-09-02,7.38,1.7135
Carmel: Who Killed Maria Marta?,"Documentary, Crime",2020-11-05,7.455,1.802
Bad Vegan: Fame. Fraud. Fugitives.,"Documentary, Crime",2022-03-16,6.158,1.9224
Lady Tamara,"Documentary, Reality",2022-08-04,5.5,1.4575
Saudi Pro League: Kickoff,Documentary,2024-11-21,7.1,1.7849
Jjajangmyeon Rhapsody,"Reality, Documentary",2024-02-08,8.0,1.9069
Final Draft,Reality,2025-08-12,7.354,1.8931
My Encounter with Evil,"Documentary, Reality",2022-10-28,6.5,1.9313
FIFA Uncovered,"Documentary, Crime",2022-11-09,7.1,1.6154
The Girls at the Back,"Drama, Comedy",2022-09-23,7.625,1.6755
Tattoo Redo,Reality,2021-07-28,5.7,2.3936
Scarlet Hill,"Mystery, Crime, Action & Adventure, Drama",2022-11-04,5.5,1.6859
Tex Mex Motors,Reality,2023-06-09,6.833,1.5853
Ultimate Beastmaster Brasil,Reality,2017-02-24,7.0,1.4635
Cooked,Documentary,2016-02-19,7.22,1.9474
Cheat,Reality,2023-03-01,6.333,1.7648
Home Game,Documentary,2020-06-26,6.125,1.4187
To Kill a Monkey,"Crime, Drama",2025-07-18,8.154,1.8819
Huge in France,Comedy,2019-04-12,5.719,1.5711
Until Dawn,"Comedy, Reality",2020-01-10,2.9,1.7255
KL2,Reality,2026-09-05,0.0,1.5901
Elize Matsunaga: Once Upon a Crime,"Documentary, Crime",2021-07-08,6.5,1.7347
Anitta: Made in Honório,Documentary,2020-12-16,4.6,1.7691
Flinch,"Reality, Comedy",2019-05-03,5.1,1.7796
Paik's Spirit,Talk,2021-10-01,6.5,2.0533
I Changed My Mind with Dan Souza,Talk,2026-03-26,0.0,1.7626
Gold & Greed: The Hunt for Fenn's Treasure,"Documentary, Action & Adventure",2025-03-27,6.375,1.5728
Chef's Table: Noodles,Documentary,2024-10-02,8.0,1.7381
The Ultimatum: France,Reality,2022-12-30,5.1,1.4501
Paparazzi King,Documentary,2026-01-09,6.421,1.4342
Affection,,2002-08-28,0.0,1.7467
Ready or Not: Texas,Reality,2026-03-24,7.8,1.8057
Down for Love,Reality,2022-05-09,8.0,1.7553
Korea No.1,"Reality, Comedy",2022-11-25,6.529,1.7511
Working: What We Do All Day,Documentary,2023-05-17,7.0,1.711
Monsters Inside: The 24 Faces of Billy Milligan,"Documentary, Crime",2021-09-22,6.938,1.5671
Holiday Secrets,Drama,2019-11-20,6.3,1.7463
Mighty Raju,"Action & Adventure, Animation",2015-02-18,2.0,1.7532
Adventure Beast,"Comedy, Animation",2021-10-22,4.99,1.6949
Queen Sono,"Action & Adventure, Drama, Crime",2020-02-28,6.553,1.605
What She Put on the Table,,2017-07-14,4.3,1.7348
The Root of the Game,Documentary,2026-06-20,10.0,1.7611
Time Hustler,"Comedy, Drama",2022-12-25,7.5,1.9412
How to Ruin Christmas,"Comedy, Drama",2020-12-16,8.389,1.8176
A Little Help with Carol Burnett,"Comedy, Talk",2018-05-04,5.818,1.4629
Feels Like Ishq,"Comedy, Drama",2021-07-23,5.6,1.7647
Afflicted,"Documentary, Mystery, Reality, Talk",2018-08-10,5.077,1.631
Next Gen Chef,Reality,2025-09-17,7.286,1.7048
The Secret Life of Our Pets,Documentary,2022-01-11,7.481,1.5467
Keluarga Yang Tak Dirindukan,"Drama, Family, Soap",2026-02-13,8.0,1.7174
Insiders,Reality,2021-10-21,6.4,1.619
Human: The World Within,Documentary,2021-05-05,6.742,1.6211
ONE PIECE BONUS CONTENT,Documentary,2026-03-17,9.737,2.0221
The Apprentice: ONE Championship Edition,Reality,2021-03-18,7.0,1.846
Robbie Williams,Documentary,2023-11-08,7.537,1.7523
The Man with 1000 Kids,Documentary,2024-07-03,6.597,2.0553
Love Never Lies: South Africa,Reality,2024-11-29,10.0,2.2929
Exhibit A,"Crime, Documentary, Mystery",2019-06-28,7.05,1.6053
Itxaso,Drama,2023-09-27,5.0,1.4938
The Fame Game,"Drama, Crime",2022-02-25,5.769,1.843
Who Killed Jill Dando?,"Documentary, Crime",2023-09-26,6.707,1.6891
1994,Documentary,2019-05-17,7.682,1.92
The Indian Detective,"Crime, Comedy, Drama",2017-11-23,6.5,1.7385
"下一站,幸福",,2009-10-04,0.0,1.6855
Mad Crazy Colombian Comedians,Comedy,2021-06-10,1.333,1.8722
You Don't Know Me,Drama,2021-12-05,6.353,1.5112
Piñata Masters!,Reality,2022-12-23,8.5,1.6489
Cooking with Paris,Reality,2021-08-04,6.391,1.791
First Team: Juventus,"Documentary, Reality",2018-02-16,6.66,1.5704
迷你特工队之超威能量,"Animation, Kids",2023-07-17,0.0,1.7072
"Krish, Trish and Baltiboy: Bharat Hain Hum","Animation, Kids",2023-08-15,0.0,1.6905
Take That,Documentary,2026-01-27,7.091,1.3885
WWII in Color: Road to Victory,"Documentary, War & Politics",2021-12-22,7.532,1.7674
Why Are You Like This?,Comedy,2021-02-16,6.545,1.5276
My Unorthodox Life,Reality,2021-07-14,6.412,1.755
Buying Beverly Hills,Reality,2022-11-04,5.8,1.6899
SEC Football: Any Given Saturday,Documentary,2025-08-05,8.2,1.5689
Inside the Criminal Mind,"Crime, Documentary",2018-08-24,6.2,1.7008
Miseducation,"Comedy, Drama",2023-09-15,6.8,1.7206
The Confession Tapes,Documentary,2017-09-08,7.038,1.6078
ARA San Juan: The Submarine that Disappeared,Documentary,2024-03-07,7.611,1.8393
Polo,Documentary,2024-12-10,4.889,1.5126
Dope,"Documentary, Crime, War & Politics",2017-12-22,6.679,1.4877
Mysteries of the Faith,Documentary,2023-11-01,5.909,1.6962
The Law of the Jungle,Reality,2023-03-15,5.4,1.7668
72 Dangerous Animals: Latin America,Documentary,2017-12-05,6.8,1.672
Jack Whitehall: Fatherhood with My Father,"Reality, Comedy, Documentary",2024-09-10,6.667,1.8114
Creator's File: GOLD,Reality,2021-06-03,6.5,1.4977
Dealer,"Action & Adventure, Crime, Drama",2021-03-10,6.634,1.5316
Son of a Donkey,Comedy,2025-10-30,4.8,1.6189
Under Pressure: The U.S. Women's World Cup Team,Documentary,2023-12-12,7.222,1.5015
The Rotten Files with Stephanie Soo,"Crime, Talk",2026-08-14,0.0,1.4667
The Big Flower Fight,Reality,2020-05-18,6.152,1.3836
Eat the Rich: The GameStop Saga,Documentary,2022-09-28,5.981,1.5741
Rapture,Documentary,2018-03-30,5.6,1.6098
Fearless,Documentary,2016-08-19,7.8,1.6336
Queer Eye Germany,Reality,2022-03-09,5.1,1.5961
Perfect Match · Friendship Sharing,Reality,2025-01-29,10.0,1.7571
Super Drags,"Animation, Comedy",2018-11-09,5.671,1.5132
Love Never Lies,Reality,2021-11-11,5.9,1.805
Johnny Hallyday: Beyond Rock,Documentary,2022-03-29,6.167,1.8029
Teeny Tiny Creatures,Kids,2021-02-15,4.5,1.3231
Where Is Marta?,"Documentary, Crime, Mystery",2021-11-05,7.4,1.4114
Aaron Rodgers: Enigma,Documentary,2024-12-17,7.167,1.4607
Postcards,Drama,2024-05-03,6.0,1.4486
Who Killed Malcolm X?,Documentary,2019-09-30,7.16,1.4831
Rugged Rugby: Conquer or Die,Reality,2024-12-10,8.667,1.6203
Schulz Saves America,Comedy,2020-12-17,6.2,1.744
Ludik,"Crime, Drama",2022-08-26,7.3,1.582
November 13: Attack on Paris,Documentary,2018-06-01,7.88,1.5878
The Witcher: A Look Inside the Episodes,Documentary,2020-08-26,5.963,1.5509
That’s My Time with David Letterman,"Talk, Comedy",2022-06-07,6.2,1.5624
Trial 4,"Documentary, Crime, Reality",2020-11-11,6.981,1.8475
The Kings of Tupelo: A Southern Crime Saga,"Documentary, Crime",2024-12-11,6.067,1.5178
Getting Curious with Jonathan Van Ness,"Talk, Comedy",2022-01-28,6.75,1.5436
Cook at all Costs,Reality,2022-12-16,6.222,1.7472
The Motive,"Documentary, Crime",2020-12-27,5.474,1.474
Crime Scene: The Times Square Killer,"Documentary, Crime, Mystery",2021-12-29,6.699,1.6528
Pirate Gold of Adak Island,"Reality, Documentary",2022-06-29,6.0,1.5646
Newbie in the Club,"Reality, Talk",2025-02-24,0.0,1.5346
Bad Boy,Drama,2024-11-21,6.8,1.7947
Amazing Interiors,"Talk, Documentary, Reality",2018-07-20,5.85,1.6018
Lava Ka Dhaava,Reality,2021-05-05,2.0,1.4403
Five Star Kitchen: Britain's Next Great Chef,Reality,2023-06-08,6.1,1.4941
Wild Heroes,"Drama, Comedy",2015-04-19,0.0,1.492
La Línea: Shadow of Narco,"Documentary, Crime",2020-09-09,6.616,1.5028
Fight for Paradise: Who Can You Trust?,Reality,2024-04-23,5.0,1.5684
Big Vape: The Rise and Fall of Juul,Documentary,2023-10-11,6.762,1.6174
Aftershock: Everest and the Nepal Earthquake,Documentary,2022-09-14,7.4,1.5636
Jiva!,Drama,2021-06-24,7.2,1.6489
The Raincoat Killer: Chasing a Predator in Korea,Documentary,2021-10-22,6.622,1.6297
Follow This,Documentary,2018-08-23,4.917,1.4423
Sea of Love,"Comedy, Kids, Animation",2022-05-23,4.7,1.5585
Bullsh*t The Gameshow,Reality,2022-04-27,6.633,1.5774
Losmen Bu Broto: The Series,Drama,2025-05-29,7.0,1.5057
Hei$t: The Great Robbery of Brazil's Central Bank,Documentary,2022-03-16,6.5,1.4988
A Sinister Sect: Colonia Dignidad,Documentary,2021-10-01,6.571,1.6025
Sugar Rush Christmas,Reality,2019-11-29,6.5,1.5113
金枝玉叶,,2011-08-22,0.0,1.5515
True: Terrific Tales,"Kids, Animation",2020-05-12,8.5,1.4362
The Greatest Rivalry: India vs Pakistan,Documentary,2025-02-07,7.0,1.5273
How to Fix a Drug Scandal,"Documentary, Crime",2020-04-01,6.974,1.3809
Love Will Still Last Forever,,2020-01-14,6.0,1.3653
Magenta Coal,Drama,2023-10-27,0.0,1.4628
Khawater,Documentary,2005-10-04,8.9,1.5353
Comedy Premium League,Comedy,2021-08-20,5.6,1.4407
The Game: You Never Play Alone,"Crime, Mystery",2025-10-02,6.0,1.6251
All the Sharks,Documentary,2025-07-04,7.808,1.5552
Vatican Girl: The Disappearance of Emanuela Orlandi,Documentary,2022-10-20,7.434,1.3456
We Are: The Brooklyn Saints,Documentary,2021-01-29,7.5,1.5514
MerPeople,Documentary,2023-05-23,6.1,1.3381
UniverXO Dabiz,Documentary,2024-12-20,5.7,1.3095
Countdown: Canelo vs. Crawford,Documentary,2025-09-04,7.2,1.8662
Who Killed Little Gregory?,"Documentary, Crime",2019-11-20,7.477,1.5413
28 Days Haunted,Reality,2022-10-21,6.57,1.5977
Untold: Swamp Kings,Documentary,2023-08-22,7.026,1.5176
Larry Charles' Dangerous World of Comedy,"Documentary, Comedy",2019-02-15,6.0,1.6537
I Just Killed My Dad,Documentary,2022-08-09,7.114,1.5204
James Acaster: Repertoire,"Comedy, Talk",2018-03-27,8.043,1.6036
"Fresh, Fried & Crispy",Documentary,2021-06-09,6.688,1.4713
"Vendetta: Truth, Lies and the Mafia",Documentary,2021-09-24,6.941,1.3926
Stay Tuned!,Comedy,2019-03-18,7.464,1.4668
Salt Fat Acid Heat,Documentary,2018-10-11,7.889,1.4472
Let me tell your fortune,Reality,2020-01-04,0.0,1.6171
Toughest Forces on Earth,Documentary,2024-05-22,5.2,1.7127
Кукольный домик,"Mystery, Crime",2021-03-07,2.0,1.4738
(Un)Well,Documentary,2020-08-12,6.255,1.1798
Dancing Queen,Reality,2018-10-05,5.846,1.5314
Simon Superlapin,,2023-04-13,0.0,1.3552
Larva in Mars,"Animation, Comedy, Kids",2024-01-13,7.0,1.2268
Christmas Flow,Comedy,2021-11-17,6.4,1.7417
Unabomber: In His Own Words,"Documentary, Crime",2020-02-22,7.22,1.5038
I'm with the Band: Nasty Cherry,"Documentary, Reality",2019-11-15,7.0,1.1463
Terim,Documentary,2022-09-15,6.688,1.6914
Oh My Captain!,Drama,2018-07-20,5.0,1.6184
The Curious Creations of Christine McConnell,"Comedy, Talk, Reality",2018-10-12,7.0,1.4883
Coming Out Colton,Reality,2021-12-03,6.971,1.5678
Tahir's House,Comedy,2023-09-06,6.0,1.3189
Bling Empire: New York,Reality,2023-01-20,6.1,1.4766
The Iliza Shlesinger Sketch Show,Comedy,2020-04-01,5.3,1.6002
Running for my Truth: Alex Schwazer,"Crime, Documentary",2023-04-13,7.7,1.4019
Battlefish,"Documentary, Reality",2018-09-21,6.0,1.6099
Glow Up - Deutschlands nächster Make-up-Star,Reality,2022-09-22,5.0,1.3288
The Goop Lab,"Documentary, Talk",2020-01-24,2.9,1.5743
Country Ever After,Reality,2020-11-06,7.75,1.3038
Dirty Pop: The Boy Band Scam,"Documentary, Crime",2024-07-24,6.55,1.4183
Nailed It! France,Reality,2019-10-25,6.0,1.3538
The Confession Killer,"Documentary, Crime",2019-12-06,7.142,1.4998
Easy-Bake Battle: The Home Cooking Competition,Reality,2022-10-12,5.818,1.5508
Fire Chasers,Documentary,2017-09-08,5.7,1.3453
Matchroom: The Greatest Showmen,Documentary,2025-09-17,6.0,1.3838
The Yara Gambirasio Case: Beyond Reasonable Doubt,Documentary,2024-07-16,7.296,1.3348
THE MAGIC PRANK SHOW with Justin Willman,"Reality, Comedy",2024-04-01,6.9,1.3689
Tiffany Haddish Presents: They Ready,"Comedy, Reality",2019-08-14,5.818,1.3907
Hanwoo Rhapsody,Documentary,2021-12-09,8.0,1.2728
"Angi: Fake Life, True Crime",Documentary,2025-07-25,6.167,1.4553
Chef's Table: Legends,Documentary,2025-04-28,7.8,1.4113
From Dreams to Tragedy: The Fire that Shook Brazilian Football,Documentary,2024-03-14,8.083,1.5113
Les affaires reprennent...,"Comedy, Family",2026-07-04,0.0,1.4814
Not a Robot,Sci-Fi & Fantasy,2019-05-29,6.2,1.1667
Terrorism Close Calls,Documentary,2018-10-26,6.9,1.2392
"The Billionaire, the Butler, and the Boyfriend","Documentary, Crime",2023-11-08,6.84,1.4213
Home Run Derby,Reality,1960-01-10,8.5,1.4868
Ariyoshi Assists,"Comedy, Reality",2023-03-14,7.8,1.3142
Physical: Welcome to Mongolia,Reality,2025-12-24,10.0,1.2861
Secrets of Great British Castles,Documentary,2015-04-03,6.9,1.383
Who Likes My Follower?,Reality,2022-09-08,6.3,1.3959
Verified Stand-Up,Comedy,2023-11-28,4.667,1.3902
Chelsea Does,Documentary,2016-01-23,5.417,1.5246
Mighty Bheem's Playtime,"Animation, Kids",2024-01-29,5.5,1.3549
"Ça va bien se passer, Dadju",Documentary,2023-09-13,0.0,1.4624
Vasco Rossi: Living It,Documentary,2023-09-27,7.3,1.3203
Single's Inferno Reunion,Reality,2026-02-14,7.6,1.4808
Saitama Host Club,"Comedy, Drama",2023-07-26,5.0,1.5528
The Hunt for Veerappan,"Documentary, Crime",2023-08-04,8.143,1.3653
Pervert: Hunting the Strip Search Caller,"Documentary, Crime",2022-10-25,6.781,1.2115
STASSI with Tay,Talk,2026-01-26,0.0,1.1784
O Processo,Comedy,2021-08-02,0.0,1.4593
BORDELESS – Aぇ! group documentary,Documentary,2024-05-14,0.0,1.4959
Fame After Fame,"Comedy, Reality",2023-11-10,5.9,1.5149
Bling Ring: Hollywood Heist,"Documentary, Crime",2022-04-25,5.2,1.2643
Caught in the Web: The Murders Behind Zona Divas,"Documentary, Crime",2024-09-05,8.5,1.443
Deaf U,Documentary,2020-10-09,5.8,1.3559
First and Last,Documentary,2018-09-07,6.8,1.2495
Cocaine Cowboys: The Kings of Miami,Documentary,2021-08-04,6.694,1.4827
W.A.G.s to Riches,Reality,2025-01-22,6.8,1.2588
The Surgeon's Cut,Documentary,2020-12-09,7.574,1.3556
KPop Demon Hunters Lyric Videos,Animation,2025-10-08,9.155,1.155
The Ultimatum: South Africa,Reality,2024-05-10,4.0,1.2477
Countdown: Paul vs. Tyson,Documentary,2024-11-07,7.0,1.3904
The Rhythm of Revenge,"Action & Adventure, Drama",2026-05-04,0.0,1.4385
Heartstopper: The Official Podcast,Talk,2024-09-02,0.0,1.1804
Chef's Table: France,Documentary,2016-09-02,8.462,1.2804
Trailer Park Boys: Out of the Park: USA,Comedy,2017-11-24,7.3,1.3669
Hot Ones: Extra Heat,Talk,2026-07-13,5.5,1.8079
The Deep State,"Crime, Drama, Mystery",2023-09-14,9.0,1.1254
Die Caterina-Valente-Show,Reality,1966-09-01,1.5,1.1273
Race for the Crown,Documentary,2025-04-22,8.0,1.2309
The Break with Michelle Wolf,Comedy,2018-05-27,5.038,1.2964
The Playing Card Killer,"Crime, Drama, Documentary",2023-06-09,5.4,1.4854
New Key,"Comedy, Reality",2021-04-23,8.0,1.3836
Titletown High,Reality,2021-08-27,6.091,1.4887
Drink Masters,Reality,2022-10-28,6.794,1.3202
Por siempre o jamás,Reality,2022-06-06,5.75,1.4241
Matt Wright's Wild Territory,Reality,2022-04-26,7.0,1.3055
John of God: The Crimes of a Spiritual Healer,"Documentary, Crime",2021-08-25,6.375,1.5657
Buried by the Bernards,Reality,2021-02-12,6.778,1.0467
Metal Shop Masters,Reality,2021-09-10,5.917,1.1748
Daniel Sloss: Live Shows,Comedy,2018-09-11,8.035,1.4229
Iron Chef Brazil,Reality,2022-08-10,7.8,1.2412
Snack vs Chef,Reality,2022-11-30,5.455,1.2802
Can I Tell You a Secret?,Documentary,2024-02-21,4.375,1.3276
Indian Predator: The Diary of a Serial Killer,"Documentary, Crime",2022-09-07,6.333,1.2495
Òlòtūré: The Journey,"Drama, Crime",2024-06-28,6.2,1.148
DeMarcus Family Rules,Reality,2020-08-19,4.3,1.0854
Love Never Lies: Destination Sardinia,Reality,2022-11-10,7.324,1.165
Chef's Table: Pizza,Documentary,2022-09-07,6.9,1.2514
Historical Roasts,Comedy,2019-05-27,4.765,1.1711
Voices of Fire,Reality,2020-11-20,6.556,1.2119
Clickbait,,2023-07-15,0.0,1.2731
Dog Days Out,"Kids, Animation",2025-02-13,7.0,1.1627
A Killer Uncaged,Documentary,2020-06-28,6.41,1.3397
7 Days Out,Documentary,2018-12-21,5.6,1.1574
Time,"Mystery, Sci-Fi & Fantasy",2024-10-25,0.0,1.3977
How to Get Rich,Documentary,2023-04-18,6.35,1.1954
Sophie: A Murder in West Cork,"Documentary, Crime, Mystery",2021-06-30,6.39,1.2924
Land of Spirits: The Young Shaman,Comedy,2022-10-28,7.0,1.2685
Awake: The Million Dollar Game,Reality,2019-06-14,5.0,1.2432
Sing On! Germany,Reality,2020-08-07,6.8,1.2508
Mighty Little Bheem: Kite Festival,"Animation, Comedy, Kids",2021-01-08,6.0,1.198
Titipo Titipo,"Kids, Animation, Sci-Fi & Fantasy",2018-01-01,7.0,1.5232
The Secret of the Greco Family,Drama,2022-11-04,7.68,1.2612
Summer Job,Reality,2022-12-16,5.467,1.0223
Un cuento imperfecto,Talk,2023-10-23,0.0,1.0941
Race: Bubba Wallace,Documentary,2022-02-22,5.3,1.1937
C'est du gâteau !,Family,2024-10-15,10.0,1.1518
Kevin Hart: Don't F**k This Up,Documentary,2019-12-27,6.036,1.3271
Marriage or Mortgage,Reality,2021-03-10,5.0,1.1514
Rhythm + Flow: Poland,Reality,2025-05-14,8.0,1.2955
The White House with Michael Irvin,Talk,2026-01-19,0.0,1.1936
The Big Day,Reality,2021-02-14,4.75,1.2013
Reasonable Doubt: A Tale of Two Kidnappings,"Crime, Documentary",2021-11-23,7.2,1.2821
High: Confessions of an Ibiza Drug Mule,Documentary,2021-07-05,5.308,1.1683
The Big Shot Game Show,Reality,2022-02-09,6.0,1.1974
Basketball or Nothing,Documentary,2019-08-02,7.4,1.1145
Death by Magic,Reality,2018-11-30,5.9,1.1258
Heart of Invictus,Documentary,2023-08-30,6.667,1.2451
A Nation of Banchan,Documentary,2023-10-08,8.8,1.1861
Iron Chef: Mexico,Reality,2022-09-21,7.5,0.9361
Mind Your Manners,Reality,2022-11-16,5.2,1.0704
The Wedding Coach,"Reality, Comedy",2021-04-07,6.25,1.1303
Examination of Conscience,Documentary,2019-01-25,7.5,1.2138
Trigger Warning with Killer Mike,Documentary,2019-01-18,6.409,1.0185
Love between the lines,,2023-08-20,10.0,1.0912
Glitch!,,2018-01-01,0.0,1.1885
A Tragedy Foretold: Flight 3054,Documentary,2025-04-23,7.5,1.1669
Making It in Marbella,Reality,2024-10-01,5.3,1.0822
Win the Wilderness: Alaska,Reality,2020-04-22,5.5,1.0875
Luna Petunia: Return to Amazia,"Kids, Animation, Sci-Fi & Fantasy",2018-02-02,4.0,1.0173
Made in Mexico,Reality,2018-09-28,5.1,1.2718
Human Playground,Documentary,2022-09-30,6.9,1.0418
Crime Stories: India Detectives,"Crime, Documentary, Mystery",2021-09-22,6.625,1.5661
Pressure Cooker,Reality,2023-01-06,7.313,1.2412
Life's a Glitch with Julien Bam,Comedy,2021-10-21,5.556,1.2496
Canine Intervention,Documentary,2021-02-24,6.963,1.3429
Diagnosis,Documentary,2019-08-16,6.474,1.1911
In the Test Kitchen,Talk,2026-02-26,0.0,0.9742
Westside,Reality,2018-11-09,3.5,1.0811
1 in 7641,Documentary,2025-08-27,10.0,1.1097
Talking Tom and Friends Pets!,"Family, Kids, Animation",2023-04-10,0.0,0.9478
Korean Fried Chicken Rhapsody,Documentary,2024-05-30,0.0,1.3493
Volume,Drama,2023-12-20,9.0,1.3398
Better Late Than Single: After Service,Reality,2026-08-01,8.3,1.0866
900 Days Without Anabel,Documentary,2024-11-22,7.609,1.1986
Gupi,Animation,,0.0,1.3725
Hard Broken,"Drama, Crime, Mystery",2023-09-20,0.0,1.174
You're My Destiny,,2021-08-29,2.0,1.0036
The Search for Instagram's Worst Con Artist,Documentary,2023-11-02,7.0,1.3223
Ladies Up,"Reality, Comedy",2020-03-27,6.2,1.1974
Baby Einstein Ocean Explorers,"Kids, Animation",2023-01-07,0.0,1.0161
Sparking Joy with Marie Kondo,"Reality, Documentary",2021-08-31,6.875,1.3269
Magic for Humans by Mago Pop,,2021-03-26,2.0,0.9016
Pet Stars,Reality,2021-04-30,5.857,0.9909
Jailbirds,Reality,2019-05-10,6.6,1.0269
Skin Decision: Before and After,Reality,2020-07-15,6.0,1.054
Snowflake Mountain,Reality,2022-06-22,4.875,0.9999
Gameboys 2,"Comedy, Drama",2022-05-22,7.0,0.9434
The Outreau Case: A French Nightmare,"Documentary, Crime",2024-03-15,7.2,1.098
我的大叔,,2024-05-24,0.0,1.0506
The Cage,Drama,2022-09-23,6.2,1.0606
Magic for Humans Spain,"Comedy, Reality",2021-03-26,3.8,0.9963
Monster,Drama,2014-03-30,4.0,0.9669
Answer for Heaven,"Comedy, Crime, Drama",2019-04-18,6.7,1.3775
The Honeymoon Stand Up Special,Comedy,2018-04-17,6.143,1.0263
Myth & Mogul: John DeLorean,Documentary,2021-07-30,6.4,1.0704
Swap Shop,Reality,2021-11-09,7.0,0.9806
Designing Miami,Reality,2022-09-21,5.714,0.9762
Olóládé,"Drama, Comedy",2023-11-24,8.0,1.0423
Blown Away: Christmas,Reality,2021-11-19,6.25,0.9919
Super Monsters Monster Pets,"Animation, Kids",2019-06-07,6.8,0.9535
시그널,,2017-11-03,2.0,0.9
Drive Hard: The Maloof Way,Reality,2022-08-26,8.0,0.9162
Motel Makeover,Reality,2021-08-25,4.875,0.8994
Alessandro Cattelan: One Simple Question,"Documentary, Comedy",2022-03-18,6.1,0.9966
Buying London,Reality,2024-05-22,5.4,1.1621
Captains of America,Documentary,2022-11-21,6.0,0.9273
Buy My House,Reality,2022-09-02,7.1,1.0266
Ultimate Beastmaster France,Reality,2017-12-31,6.3,0.9944
Styling Hollywood,Reality,2019-08-30,5.1,0.9934
Bhaag Beanie Bhaag,"Comedy, Drama",2020-12-04,6.3,1.5411
Beauty and the Bester,"Documentary, Crime",2025-09-12,7.3,0.8963
Dance 100,Reality,2023-03-17,6.0,0.9264
The Family That Sings Together: The Camargos,Reality,2021-12-09,6.3,1.0483
Bumping Mics with Jeff Ross & Dave Attell,"Comedy, Talk",2018-11-27,7.0,1.0082
Your Life is a Joke,"Comedy, Documentary",2021-11-09,3.3,1.2856
Ultimate Beastmaster China,Reality,2017-12-15,2.0,0.9063
Narcoworld: Dope Stories,"Documentary, Crime",2019-11-22,8.0,0.8738
We Speak Dance,Documentary,2018-01-01,6.8,0.9891
最强战士之迷你特工队,"Animation, Kids",2014-09-03,0.0,0.9196
Rhyme Time Town Singalongs,"Comedy, Animation",2020-12-22,6.0,0.9259
Soju Rhapsody,Documentary,2025-01-23,0.0,1.0445
Only Jokes Allowed,Comedy,2022-02-09,6.0,1.0849
Korean Cold Noodle Rhapsody,Documentary,2021-08-20,4.7,0.8823
Cooked With Cannabis,Reality,2020-04-20,6.071,0.8356
Alma Matters: Inside the IIT Dream,"Documentary, Drama",2021-05-14,6.571,0.8468
Romanovs. The Last Word,Documentary,2023-11-04,0.0,1.0001
Word Party Songs,"Kids, Animation",2020-08-07,4.8,0.8042
Lugar de Mulher,Comedy,2019-11-28,5.7,0.9044
סיפור על אהבה ולחם,Reality,2020-11-19,0.0,0.7566
Million Dollar Beach House,Documentary,2020-08-26,4.875,0.9529
Talk Queens,"Reality, Talk",2020-11-18,0.0,0.9741
다시 만난 세계 : 쩌미문,"Drama, Sci-Fi & Fantasy",2022-07-29,2.0,0.9015
Mr. Good: Cop or Crook?,Documentary,2022-06-03,5.417,0.8415
War: Wrath and Revenge,Drama,2023-12-28,6.4,1.0014
Russell Howard: Lubricant,Comedy,2021-12-14,6.0,0.9659
Astronomy Club: The Sketch Show,Comedy,2019-12-06,6.1,0.9053
Little Nicholas: Life of a Scoundrel,Documentary,2024-02-15,6.636,0.8269
Mighty Little Bheem: Festival of Colors,"Comedy, Animation, Kids",2020-03-07,7.3,0.9146
Ari Shaffir: Double Negative,Comedy,2017-07-18,5.9,0.9327
Datsuryoku News Network,"Reality, Talk",2017-10-06,0.0,0.8912
Daughters of Destiny,Documentary,2017-07-28,6.9,0.7895
Reach You,Reality,2024-12-12,0.0,0.7518
Sue Perkins: Perfectly Legal,Documentary,2022-10-13,4.357,0.8323
Holiday Home Makeover with Mr. Christmas,Reality,2020-11-18,6.6,0.8195
Byron Baes,Reality,2022-03-09,4.2,0.7872
Baby Animal Cam,Documentary,2023-10-12,7.5,0.7721
Baby Gorilla Cam,"Family, Documentary",2023-09-07,10.0,0.8275
Felipe Esparza: Bad Decisions,Comedy,2020-09-01,6.8,0.8815
KPop Demon Hunters Bonus Content,Comedy,2026-03-06,10.0,0.8107
Inside,Reality,,0.0,0.6456
Selling Tampa,Reality,2021-12-15,5.3,1.0124
Rock Bottom,,2008-10-07,0.0,0.9021
"Start Up, Fall Down: From Billionaire to Convict","Documentary, Crime",2025-11-05,6.8,0.9672
Twentysomethings: Austin,Reality,2021-12-10,5.3,0.8115
StoryBots Super Songs,,2016-10-07,5.5,0.9449
Thomas the Tank Engine and Friends,"Kids, Action & Adventure, Animation",2022-02-27,0.0,0.7698
Fary: Hexagone,Comedy,2020-03-12,6.8,0.8342
Southern Survival,Reality,2020-07-03,5.571,0.8867
Last Podcast on the Left,Talk,,0.0,0.8351
Jailbirds New Orleans,"Documentary, Reality",2021-09-24,5.714,0.9132
I Love Filipino,Documentary,2025-06-12,1.0,0.8392
A Lion in the House,Documentary,2006-06-21,7.5,0.7857
Romesh Ranganathan: The Cynic,Comedy,2022-11-29,5.286,0.8114
The Breakfast Club,Talk,2023-04-17,0.0,0.7774
The Vampire Diaries: A Darker Truth,"Sci-Fi & Fantasy, Drama",2009-08-29,5.0,0.7808
el piso es lava,,2020-06-19,0.0,0.6733
Heroji Vukovara,,,0.0,0.6588
最强战士迷你特工队之英雄的诞生,,2021-05-02,0.0,0.8221
How to Be a Cowboy,Reality,2021-09-01,6.0,1.1483
Senzo: Murder of a Soccer Star,"Documentary, Crime",2022-04-07,6.25,0.7805
The Last Hours of Mario Biondo,"Documentary, Crime",2023-08-03,5.75,0.7122
Nailed It! Germany,Reality,2020-01-17,7.3,0.6779
Chhota Bheem Rangda,Kids,2023-04-02,0.0,0.639
Bridgerton: The Official Podcast,Talk,2026-01-29,1.0,0.7826
Pinkfong Little Dino School,"Animation, Kids",2024-07-04,0.0,0.7287
命中注定我爱你,,2021-08-18,0.0,0.8414
Glitch!,,2018-01-01,0.0,0.6535
Say I Do,Reality,2020-07-01,5.2,1.0427
Beast of Bangalore: Indian Predator,"Documentary, Crime",2022-12-16,5.2,1.0344
Catch! Teenieping,"Animation, Kids",2022-06-01,2.0,0.6984
Bid Coin Chef,Reality,2022-07-03,0.0,0.6941
"Wer kann, der kann!",Reality,2020-01-17,0.0,0.6393
Morphle,,2023-07-15,8.2,0.6513
东京审判,,,0.0,0.6617
Blippi's Ultimate Bounce House Challenges,,2024-10-28,0.0,0.6745
湯けむりバスツアー 桜庭さやかの事件簿,,2009-04-27,0.0,0.5955
JDM Legends,Reality,2018-04-17,0.0,0.8059
啦咘啦哆警长大战羚羚羊,Kids,2025-07-22,9.0,0.629
"Storybots Laugh, Learn, Sing","Animation, Kids",2021-11-16,2.0,0.6349
Chhota Bheem aur Gadadhari Bheem,"Animation, Kids",2024-03-07,0.0,0.6238
True: Wonderful Wishes,Animation,2018-06-15,5.5,0.6535
Chhota Bheem: Magic Block Buster,"Kids, Animation",2024-03-07,7.3,0.6203
베이비 주,,2020-01-17,2.0,0.5637
Rabid,Mystery,2021-11-12,0.0,0.5451
Chi era… - Lo show,,2018-07-11,0.0,0.6052
One Night Only,,,0.0,0.5174
Assaf,Animation,2026-02-18,0.0,0.6095
잔망루피,"Animation, Kids",2025-11-01,9.5,0.6096
To My Beautiful Woo Ri,,2019-05-16,2.5,0.5771
World Series Film,Documentary,2020-06-14,0.0,0.6613
乐高城市大冒险,,2022-11-01,0.0,0.5775
Wishbone Kitchen,Talk,2026-08-26,0.0,0.9036
大剑,,2024-08-27,10.0,0.6006
How To Get Rich,Documentary,2023-04-05,0.0,0.508
Crónica de la restauración de un reino,,2021-07-30,0.0,0.5411
Mighty Little Bheem: Diwali,"Comedy, Animation, Kids",2019-10-18,8.4,0.7265
Ellen DeGeneres: Relatable,,2018-12-18,5.667,0.5242
Buried Bones,Talk,2026-02-20,0.0,1.1517
Cien Años de Soledad,,,0.0,0.5581
Chhota Bheem Kirmada,Kids,2023-08-13,0.0,0.5131
Pinkfong Super Rescue Team,"Animation, Kids",2022-11-30,0.0,0.5988
핑크퐁과 체조해요,"Animation, Kids",2016-01-01,0.0,0.5321
Người Hùng Yếu Đuối 2 Full HD Vietsub 2025,,,0.0,0.4751
NASA+ Live on Netflix,,2025-07-31,5.0,0.5551
Dave Chappelle: Equanimity & The Bird Revelation,Comedy,2017-12-31,6.857,0.5357
10-FEET「コリンズ」SPECIAL,,2023-01-10,2.0,0.5235
Pororo & Fairy Tales,"Animation, Kids",2020-08-24,1.0,0.5331
Karma's World Music Videos,"Animation, Kids",2022-02-24,2.5,0.6925
Baby Shark Hospital Play,,2022-11-04,0.0,0.4822
Surviving Death,Documentary,2010-03-04,2.0,0.6567
Highland: Thailand's Marijuana Awakening,Documentary,2017-05-19,5.0,0.5418
Cooked,,2016-02-19,2.0,0.4648
Be;Twin,,2021-11-26,3.0,0.471
Parasyte : Los grises,,2024-04-05,0.0,0.5104
타요의 씽씽극장,"Animation, Kids",2013-08-30,0.0,0.4843
Tale of the Nine Tailed Season 2,,,0.0,0.4648
Spiritual House,,2017-12-29,0.0,0.4621
金枝玉葉,,2001-06-26,2.0,0.8171
东京审判,,2015-09-01,0.0,0.4614
Over the Limit,,,0.0,0.5089
Baby Shark Best Sing-Along Songs,"Animation, Kids",2023-09-23,0.0,0.4519
Five Came Back - The Reference Films,,2021-09-21,0.0,0.4649
Tiny House Nation: Unpacked,,2016-08-06,0.0,0.4554
Bebefinn Dance Time,"Animation, Kids",2024-11-03,0.0,0.4984
The Melon Patch,Kids,,0.0,0.4489
Yankee,,2023-09-05,0.0,0.4195
Pororo Super Super Show,"Animation, Kids",2024-04-01,0.0,0.4413
Tiny House Nation: Back to the Build,,2022-08-01,0.0,0.4242
חיים אחרים,Drama,2010-10-14,0.0,0.4222
下一站幸福,,2024-04-22,0.0,0.4538
Pinkfong Baby Shark  Brooklyn,"Animation, Kids",2020-01-01,10.0,0.6675
Babies 24/7: The Maternity Ward,,2022-11-22,2.0,0.4227
Bebefinn Playtime,"Animation, Kids",2024-03-18,0.0,0.4359
Pinkfong! Baby Shark Sing Along,,2017-01-01,0.0,0.426
WWE Armageddon,,1999-01-01,0.0,0.4375
名侦探柯南主线剧情,,1996-01-08,0.0,0.4514
The Many Deaths of Nora Dalmasso,"Documentary, Crime",2025-06-21,7.5,0.4316
Chi è Jack lo Squartatore,,2020-03-10,0.0,0.4083
再次十八岁,,2024-02-04,0.0,0.4115
Pinkfong Car Mechanic,,2024-01-01,0.0,0.4041
함부로 배우하게,Reality,2016-06-14,0.0,0.426
뮤지컬 레스큐 타요,"Animation, Kids",2023-06-01,0.0,0.4025
