title,genres,release_date,rating,popularity
Facing El Chapo,"Crime, Action, Thriller",2026-08-21,8.797,132.3604
The Whisper Man,"Crime, Drama, Thriller",2026-08-27,6.836,93.2893
Gandhari,"Action, Drama, Thriller",2026-09-03,5.063,58.4292
Spider-Man: Homecoming,"Action, Adventure, Science Fiction",2017-07-05,7.333,49.2178
Spider-Man: Across the Spider-Verse,"Animation, Action, Adventure, Science Fiction",2023-05-31,8.347,48.4686
Why Did I Get Married Again?,"Comedy, Romance, Drama",2026-09-08,6.6,49.0357
The Last House,"Horror, Science Fiction, Thriller",2026-08-06,6.887,41.3727
The Secret Woman,"Drama, Thriller, Mystery",2026-08-28,6.192,41.2689
Dune: Part Two,"Science Fiction, Adventure",2024-02-27,8.135,40.8596
Practical Magic,"Romance, Fantasy, Comedy",1998-10-16,6.782,48.5894
The Lord of the Rings: The Return of the King,"Adventure, Fantasy, Action",2003-12-17,8.505,41.58
Elize: Shadows of a Woman,"Thriller, Crime, Drama",2026-07-22,7.527,39.2186
Swapped,"Adventure, Animation, Family, Fantasy",2026-05-01,8.868,38.7123
The Lord of the Rings: The Fellowship of the Ring,"Adventure, Fantasy, Action",2001-12-18,8.445,37.9808
Fight Club,"Drama, Thriller",1999-10-15,8.437,36.7538
War Machine,"Action, Science Fiction, Thriller",2026-02-12,7.473,36.5306
The Batman,"Crime, Mystery, Thriller",2022-03-01,7.7,35.4627
Spirited Away,"Animation, Family, Fantasy",2001-07-20,8.5,35.7338
Dune,"Science Fiction, Adventure",2021-09-15,7.784,32.3735
The Amazing Spider-Man,"Action, Adventure, Science Fiction",2012-06-23,6.761,33.7121
GOAT,"Animation, Comedy, Family",2026-02-11,8.063,32.4033
Desire,"Mystery, Drama",2026-05-07,6.745,31.2349
KPop Demon Hunters,"Fantasy, Music, Comedy, Animation",2025-06-20,8.0,32.2287
Howl's Moving Castle,"Fantasy, Animation, Adventure",2004-09-09,8.386,32.748
Shrek,"Animation, Comedy, Fantasy, Adventure, Family",2001-05-18,7.778,30.1517
The Lord of the Rings: The Two Towers,"Adventure, Fantasy, Action",2002-12-18,8.428,29.2343
Spider-Man: Far From Home,"Action, Adventure, Science Fiction",2019-06-28,7.393,31.144
Dhamaal 4,Comedy,2026-07-10,3.35,30.6687
The Amazing Spider-Man 2,"Action, Adventure, Science Fiction",2014-04-16,6.56,29.0054
A Minecraft Movie,"Family, Fantasy, Comedy, Adventure",2025-03-31,6.224,27.5735
Kill Bill: Vol. 1,"Action, Crime",2003-10-10,7.97,27.4442
Apex,"Action, Thriller",2026-04-24,6.893,26.8099
Insidious: The Red Door,"Horror, Thriller",2023-07-05,6.518,25.1976
The Truman Show,"Comedy, Drama",1998-06-04,8.158,26.5036
The Debt Collector,"Action, Thriller, Crime",2026-07-20,7.989,25.3807
Scarface,"Action, Crime, Drama",1983-12-09,8.152,25.4154
G.D.N,Drama,2026-08-07,0.0,24.7252
Aquaman and the Lost Kingdom,"Action, Adventure, Fantasy",2023-12-20,6.503,23.7544
The Prestige,"Drama, Mystery, Science Fiction",2006-10-19,8.211,24.3435
World War Z,"Action, Horror, Science Fiction",2013-06-19,6.85,21.5992
The Brutalist,Drama,2024-12-20,6.928,23.525
Furiosa: A Mad Max Saga,"Action, Science Fiction, Adventure",2024-05-22,7.444,22.0572
28 Years Later,"Horror, Thriller, Science Fiction",2025-06-18,6.603,21.0857
Sonic the Hedgehog 3,"Action, Science Fiction, Comedy, Family",2024-12-19,7.601,23.7075
The Rip,"Action, Thriller, Crime",2026-01-13,7.088,21.2793
A Chinese Odyssey Part Two: Cinderella,"Action, Adventure, Fantasy, Comedy, Romance, Drama",1995-02-04,7.7,23.29
Man of Steel,"Action, Adventure, Science Fiction",2013-06-12,6.661,20.5438
Eyes Wide Shut,"Drama, Thriller, Mystery",1999-07-16,7.484,21.9126
365 Days: This Day,"Romance, Drama",2022-04-26,5.944,22.9494
Shrek the Third,"Fantasy, Adventure, Animation, Comedy, Family",2007-05-17,6.314,20.5657
2012,"Action, Adventure, Science Fiction",2009-10-10,5.896,21.0451
Gladiator II,"Action, Adventure, Drama",2024-11-13,6.593,20.9998
The Revenant,"Western, Drama, Adventure",2015-12-25,7.541,19.7851
Princess Mononoke,"Adventure, Fantasy, Animation",1997-07-12,8.319,20.6137
Taxi Driver,"Crime, Drama",1976-02-09,8.121,19.8138
Infernal Affairs,"Drama, Action, Thriller, Crime, Mystery",2002-12-12,7.808,28.181
Wicked,"Drama, Romance, Fantasy",2024-10-16,6.905,19.5097
The Croods,"Animation, Adventure, Family, Comedy",2013-03-15,6.945,18.5608
After We Fell,"Drama, Romance",2021-09-01,6.996,20.6449
Tenet,"Action, Thriller, Science Fiction",2020-08-22,7.17,18.242
Frankenstein,"Drama, Fantasy, Horror",2025-10-17,7.616,19.1742
The Suicide Squad,"Action, Comedy, Adventure",2021-07-28,7.447,20.3485
Batman v Superman: Dawn of Justice,"Action, Adventure, Fantasy",2016-03-23,6.011,19.2453
Voicemails for Isabelle,"Romance, Comedy, Drama",2026-06-20,8.306,18.5461
Shrek 2,"Animation, Comedy, Family, Fantasy, Romance",2004-05-19,7.328,18.7941
Meg 2: The Trench,"Action, Science Fiction, Horror",2023-08-02,6.363,19.9293
Godzilla Minus One,"Science Fiction, Horror, Action",2023-11-03,7.595,18.4071
No Country for Old Men,"Crime, Thriller, Western",2007-11-09,7.95,19.5801
Furious 7,"Action, Crime, Thriller",2015-04-01,7.213,18.1588
Godzilla x Kong: The New Empire,"Action, Adventure, Science Fiction",2024-03-27,7.039,18.7666
Fast & Furious Presents: Hobbs & Shaw,"Action, Adventure, Comedy",2019-07-31,6.823,20.0103
Venom: Let There Be Carnage,"Science Fiction, Action, Adventure",2021-09-30,6.731,17.1461
The Meg,"Action, Science Fiction, Horror",2018-08-08,6.253,18.5061
Kill Bill: Vol. 2,"Action, Crime, Thriller",2004-04-16,7.873,17.8002
Peaky Blinders: The Immortal Man,"Crime, Drama",2026-03-05,7.176,18.3683
Jurassic World,"Adventure, Science Fiction, Thriller, Action",2015-06-06,6.703,17.8899
Jurassic World: Fallen Kingdom,"Adventure, Science Fiction, Thriller, Action",2018-06-06,6.525,18.1994
Bullet Train,"Action, Comedy, Thriller",2022-08-03,7.409,17.2342
Puss in Boots,"Action, Adventure, Animation, Comedy, Family",2011-10-27,6.615,17.9185
Remarkably Bright Creatures,"Drama, Mystery",2026-05-07,8.424,16.8685
My Neighbor Totoro,"Fantasy, Animation, Family",1988-04-16,8.066,18.5032
Anaconda,"Adventure, Comedy, Horror",2025-12-24,5.81,16.6124
Shrek Forever After,"Comedy, Adventure, Fantasy, Animation, Family",2010-05-16,6.414,17.5206
Green Lantern,"Adventure, Action, Science Fiction",2011-06-14,5.19,17.0972
Alpha,"Action, Thriller",2026-07-02,4.818,16.0083
28 Years Later: The Bone Temple,"Horror, Thriller, Science Fiction",2026-01-14,7.091,16.6835
Edge of Tomorrow,"Action, Science Fiction",2014-05-27,7.643,17.0854
Beetlejuice Beetlejuice,"Comedy, Fantasy",2024-09-04,6.918,17.8207
American Psycho,"Thriller, Drama, Crime",2000-04-13,7.4,19.0468
Mission: Impossible - Fallout,"Action, Adventure",2018-07-25,7.451,16.759
Mickey 17,"Science Fiction, Comedy, Adventure",2025-02-28,6.827,16.1274
From Up on Poppy Hill,"Animation, Drama",2011-07-16,7.516,18.0651
Hotel Transylvania,"Animation, Comedy, Family, Fantasy",2012-09-20,6.969,17.1787
Raiders of the Lost Ark,"Adventure, Action",1981-06-12,7.928,17.0064
Warriors of the Wind,"Adventure, Animation, Fantasy",1984-03-11,7.94,15.5742
Mission: Impossible,"Adventure, Action, Thriller",1996-05-22,7.028,16.5204
300,"Action, Adventure, War",2007-03-07,7.209,16.2402
Nosferatu,"Horror, Fantasy",2024-12-25,6.713,15.4542
Companion,"Horror, Science Fiction, Thriller",2025-01-22,7.006,16.5966
The Creator,"Science Fiction, Action, Adventure",2023-09-27,7.025,15.7681
Wonka,"Comedy, Family, Fantasy",2023-12-06,7.033,14.6081
Aquaman,"Action, Adventure, Fantasy",2018-12-07,6.864,29.3368
Lucy,"Action, Science Fiction",2014-07-25,6.477,15.2136
The Devil's Advocate,"Horror, Drama, Mystery",1997-10-17,7.481,16.4105
Ejen Ali: The Movie,"Animation, Action, Adventure, Family, Science Fiction",2019-11-28,8.16,10.6124
Dilwale Dulhania Le Jayenge,"Comedy, Drama, Romance",1995-10-20,8.5,16.8272
Zodiac,"Crime, Mystery, Thriller",2007-03-02,7.532,13.28
"Shake, Rattle & Roll: Evil Origins",Horror,2026-06-05,5.762,15.7224
The Last Samurai,"Drama, Action, War",2003-12-05,7.612,15.006
The Nun,Horror,2018-09-05,5.91,15.9945
Anora,"Drama, Comedy, Romance",2024-10-14,7.077,16.1563
The Equalizer 3,"Action, Thriller, Crime",2023-08-30,7.294,18.217
Spider-Man 2,"Action, Adventure, Science Fiction",2004-06-25,7.329,15.3069
72 HOURS,"Comedy, Crime",2026-07-20,6.782,15.4689
Black Bag,"Drama, Mystery, Thriller",2025-03-12,6.381,14.7855
Superbad,Comedy,2007-08-17,7.273,14.2363
Indiana Jones and the Temple of Doom,"Adventure, Action",1984-05-23,7.309,15.5
Godzilla vs. Kong,"Action, Science Fiction, Adventure",2021-03-24,7.523,14.1084
Bee Movie,"Family, Animation, Adventure, Comedy",2007-10-28,6.052,13.1643
Mortal Kombat,"Action, Fantasy, Adventure",2021-04-07,7.039,15.2541
Pyaar Prema Kalyanam,"Romance, Comedy, Drama",2026-08-21,7.2,13.0867
Mr. & Mrs. Smith,"Action, Comedy, Drama, Thriller",2005-06-07,6.695,14.9531
Suicide Squad,"Action, Adventure, Fantasy",2016-08-03,5.917,15.0918
Uncharted,"Action, Adventure, Mystery",2022-02-10,6.9,14.6367
Primal Fear,"Crime, Drama, Thriller",1996-04-03,7.7,14.1262
Extraction 2,"Action, Thriller, Crime",2023-06-09,7.387,14.3559
Gran Turismo,"Adventure, Drama, Action",2023-08-09,7.694,13.4038
David,"Animation, Family, Drama, History, Adventure",2025-12-14,8.045,13.9674
War Dogs,"Comedy, Crime, Drama",2016-08-18,6.948,14.3074
Enola Holmes 3,"Adventure, Crime, Mystery",2026-06-30,6.748,12.6015
Kong: Skull Island,"Action, Adventure, Fantasy",2017-03-08,6.559,14.3627
Wanderlust,"Comedy, Romance",2012-02-23,5.484,14.0212
Indiana Jones and the Last Crusade,"Adventure, Action",1989-05-24,7.856,13.8608
Jurassic Park,"Adventure, Science Fiction",1993-06-11,7.976,13.9634
Wake Up Dead Man: A Knives Out Mystery,"Thriller, Mystery, Comedy",2025-11-26,7.208,14.619
Neon Genesis Evangelion: The End of Evangelion,"Animation, Science Fiction, Drama, Fantasy, Action",1997-07-19,8.263,12.8586
Love and Monsters,"Adventure, Comedy, Fantasy",2020-10-16,7.264,13.0296
Mission: Impossible - Ghost Protocol,"Action, Thriller, Adventure",2011-12-07,7.116,13.9226
Grown Ups 2,Comedy,2013-07-11,6.188,19.0262
Rampage,"Action, Adventure, Science Fiction",2018-04-11,6.468,13.2709
Crawl,"Horror, Thriller",2019-07-10,6.333,11.8602
Don't Say Good Luck,"Comedy, Music, Drama",2026-08-13,7.303,14.191
Man on Fire,"Action, Drama, Thriller",2004-04-23,7.465,13.2055
Mission: Impossible II,"Adventure, Action, Thriller",2000-05-24,6.139,13.2121
Kiki's Delivery Service,"Animation, Family, Fantasy",1989-07-29,7.838,12.9094
All Quiet on the Western Front,"War, Drama",2022-10-07,7.742,12.6107
Turning Point: Generation 9/11,Documentary,2026-09-02,6.615,12.5914
Final Destination 2,"Horror, Mystery",2003-01-31,6.314,13.2507
Don't Look Up,"Comedy, Science Fiction, Drama",2021-12-08,7.056,12.6276
Sniper: No Nation,"Action, Thriller",2026-03-13,6.7,12.6931
Bring Her Back,Horror,2025-05-19,7.334,12.855
The Boy and the Heron,"Animation, Fantasy, Drama",2023-07-14,7.378,12.8116
The Harder They Fall,Western,2021-10-22,6.617,13.7794
Stand by Me,"Drama, Adventure",1986-08-08,7.833,13.0972
The Curious Case of Benjamin Button,"Drama, Fantasy, Romance",2008-12-25,7.603,13.6268
"Crouching Tiger, Hidden Dragon","Adventure, Drama, Action, Romance, Fantasy",2000-07-06,7.437,11.7494
The Adam Project,"Adventure, Science Fiction, Comedy",2022-03-11,6.985,13.7519
The Breadwinner,"Comedy, Family",2026-05-29,7.3,12.2799
Trolls World Tour,"Family, Animation, Comedy, Fantasy, Adventure, Music",2020-03-11,7.223,12.0857
The Nun II,Horror,2023-09-06,6.626,13.6448
Total Recall,"Action, Science Fiction, Thriller",2012-08-02,6.035,12.3389
THE RIBBON HERO,"Animation, Fantasy, Drama, Action",2026-08-07,6.3,12.0814
The Aviator,Drama,2004-12-17,7.217,12.2492
Counterattack,"Action, Adventure, Thriller",2025-02-27,8.27,12.8304
The Gray Man,"Action, Thriller",2022-07-13,6.904,12.1179
Thrash,"Horror, Thriller",2026-04-09,6.15,12.0608
The Killer,"Crime, Thriller",2023-10-25,6.58,11.7173
Little Brother,Comedy,2026-06-18,6.398,11.3328
The Perks of Being a Wallflower,Drama,2012-09-20,7.8,11.18
The Next 365 Days,"Romance, Drama",2022-08-18,6.4,12.9256
Storm on Sesame Street,"Family, Animation",2026-08-03,6.375,12.2528
Twisters,"Action, Thriller",2024-07-10,6.758,12.0074
The Irishman,"Crime, Drama, History",2019-11-01,7.571,12.0579
undertone,"Horror, Mystery",2026-03-12,6.028,12.0715
Sully,"Drama, History",2016-09-07,7.205,13.0244
The Town,"Crime, Drama, Thriller",2010-09-15,7.227,12.0965
Peddi,"Action, Drama",2026-06-03,5.8,11.5371
Those Who Wish Me Dead,"Thriller, Action",2021-05-05,6.596,12.7175
The 5th Wave,"Science Fiction, Adventure, Action",2016-01-14,5.945,11.8582
American Made,"Comedy, Crime, Drama",2017-08-18,6.901,11.9142
Damsel,"Fantasy, Action, Adventure",2024-03-07,6.98,11.9549
Trolls,"Adventure, Animation, Comedy, Family, Fantasy",2016-10-13,6.622,10.7637
The Hunt,"Action, Thriller, Horror",2020-03-11,6.652,11.668
Cosmic Princess Kaguya!,"Animation, Fantasy, Music, Science Fiction",2026-01-22,8.133,12.2694
Bird Box,"Horror, Thriller, Drama",2018-12-13,6.822,10.8743
My Dearest Assassin,"Action, Drama, Romance",2026-05-06,8.543,11.7721
El Camino: A Breaking Bad Movie,"Crime, Drama, Thriller",2019-10-11,7.053,10.8911
The Interview,"Action, Comedy",2014-12-25,6.179,12.557
Indiana Jones and the Kingdom of the Crystal Skull,"Adventure, Action",2008-05-21,6.024,12.4024
The Watchers,"Fantasy, Horror, Mystery",2024-06-06,6.352,12.1224
Journey 2: The Mysterious Island,"Adventure, Action, Science Fiction",2012-01-19,6.153,10.8597
Final Destination,Horror,2000-03-17,6.641,12.0888
The Mitchells vs. the Machines,"Animation, Adventure, Comedy",2021-04-22,7.829,11.6143
Amateur,Drama,2018-04-06,6.4,9.6124
Red Notice,"Action, Comedy, Crime",2021-11-04,6.72,12.4803
Blue Beetle,"Action, Science Fiction, Adventure",2023-08-16,6.617,12.0769
Office Romance,"Romance, Comedy",2026-06-04,6.426,10.9856
Glass Onion: A Knives Out Mystery,"Comedy, Crime, Mystery",2022-11-23,7.023,12.4016
MOBILE SUIT GUNDAM HATHAWAY The Sorcery of Nymph Circe,"Animation, Science Fiction, War, Drama",2026-01-30,7.63,11.1437
Joker: Folie à Deux,"Drama, Crime, Thriller",2024-10-01,5.402,11.8078
The Fate of the Furious,"Action, Crime, Thriller",2017-04-12,6.851,11.6042
Trap,"Crime, Horror, Thriller",2024-07-31,6.221,10.5202
Mission: Impossible III,"Adventure, Action, Thriller",2006-04-25,6.766,11.4714
The Island,"Action, Thriller, Science Fiction",2005-07-21,6.696,11.8374
Materialists,"Romance, Drama",2025-06-12,6.275,10.5786
Inside Man,"Crime, Drama, Thriller",2006-03-17,7.41,11.1347
Sleepers,"Crime, Drama, Thriller",1996-10-18,7.596,11.0013
300: Rise of an Empire,"Action, Drama, War",2014-03-05,6.121,11.1696
Caught Stealing,"Crime, Thriller, Comedy",2025-08-26,6.839,12.4553
Ponyo,"Animation, Fantasy, Family",2008-07-19,7.761,11.1618
Robin Hood,"Action, Adventure, History, Drama",2010-05-12,6.399,9.9771
The Ballad of Buster Scruggs,"Western, Comedy, Drama",2018-11-09,7.132,10.485
No Hard Feelings,"Comedy, Romance",2023-06-15,6.673,10.1285
Blast,"Action, Thriller",2026-05-28,7.754,12.0031
Vacation,"Comedy, Adventure",2015-07-28,6.3,10.2767
Legends of the Fall,"Drama, Western, Romance, War",1994-12-23,7.393,11.488
A Child of My Own,Documentary,2026-07-30,8.486,9.5206
Hit Man,"Comedy, Romance, Crime",2024-05-16,6.782,10.3128
Click,"Comedy, Drama, Fantasy",2006-06-23,6.315,11.3216
Elysium,"Science Fiction, Action, Drama, Thriller",2013-08-07,6.526,11.054
Bumblebee,"Action, Adventure, Science Fiction",2018-11-22,6.731,10.6175
The Smurfs,"Animation, Family, Adventure, Comedy, Fantasy",2011-07-29,5.753,9.5704
The Huntsman: Winter's War,"Action, Adventure, Drama",2016-04-06,6.295,9.526
Castle in the Sky,"Adventure, Fantasy, Animation, Action, Family",1986-08-02,7.969,10.7951
Humint,"Thriller, Action, Drama",2026-02-11,7.4,10.7747
Dog Man,"Family, Comedy, Adventure, Animation, Action",2025-01-24,7.39,10.4155
Whisper of the Heart,"Animation, Drama, Family",1995-07-15,7.944,9.3005
The Angry Birds Movie,"Animation, Adventure, Comedy, Family",2016-05-11,6.293,10.6645
Enola Holmes,"Adventure, Mystery, Crime",2020-09-22,7.218,11.1659
Geostorm,"Action, Science Fiction, Thriller",2017-10-12,6.128,10.3674
Hotel Transylvania 3: Summer Vacation,"Animation, Comedy, Family, Fantasy",2018-06-28,6.841,10.4449
Pacific Rim: Uprising,"Action, Fantasy, Science Fiction, Adventure",2018-03-21,6.119,10.5561
Radio,Drama,2003-10-24,7.362,10.2955
Lady Bird,"Drama, Comedy",2017-09-01,7.247,10.6872
Hotel Transylvania 2,"Animation, Comedy, Family, Fantasy",2015-09-21,6.765,10.7063
Get Smart,"Action, Comedy, Thriller",2008-06-19,6.219,10.5533
The Sea Beast,"Animation, Adventure, Action, Family, Fantasy",2022-06-24,7.33,11.1493
23 000 Lives,Drama,2026-07-02,6.1,10.1198
The Angry Birds Movie 2,"Animation, Adventure, Comedy, Family, Action",2019-08-02,7.05,10.4784
Journey to the Center of the Earth,"Action, Science Fiction, Adventure, Comedy, Family",2008-07-10,6.099,9.6858
Final Destination 3,"Horror, Mystery",2006-02-09,6.157,10.7975
The Hard Corps,"Action, Thriller",2005-07-29,6.081,9.8227
Wifelike,"Science Fiction, Mystery, Thriller",2022-08-12,6.56,10.1064
Ballad of a Small Player,"Crime, Drama",2025-10-15,5.775,9.7633
"Miraculous: Ladybug & Cat Noir, The Movie","Animation, Fantasy, Action, Romance, Family",2023-07-05,7.6,10.7099
Havoc,"Action, Crime, Thriller, Drama",2025-04-25,6.407,9.6706
Nando Between Two Worlds - A Sintonia Film,"Crime, Thriller, Drama",2026-08-12,6.1,9.8995
The Man from U.N.C.L.E.,"Comedy, Action, Adventure",2015-08-13,7.077,10.448
Purple Hearts,"Romance, Drama",2022-07-29,8.044,10.3138
Argo,"Drama, Thriller",2012-10-11,7.285,10.577
The Old Guard 2,"Action, Fantasy",2025-07-01,5.911,10.589
6 Underground,"Action, Comedy, Thriller",2019-12-10,6.33,9.7954
Carry-On,"Thriller, Action",2024-12-05,6.877,9.9246
RRR,"Action, History, Drama",2022-03-24,7.713,9.6077
Old School,Comedy,2003-02-21,6.623,9.432
Black Mass,"Drama, Crime, History",2015-09-17,6.524,9.6175
The Break-Up,"Romance, Comedy",2006-06-01,5.903,9.3874
The Lord of the Rings: The War of the Rohirrim,"Animation, Fantasy, Adventure, Action",2024-12-05,6.527,9.5214
Wish Dragon,"Animation, Family, Comedy, Fantasy, Romance, Adventure",2021-01-15,7.849,9.8651
Extraction,"Action, Thriller",2020-04-23,7.287,10.1691
The Truthers,"Thriller, Drama, Mystery",2026-07-24,5.76,9.3633
The Blair Witch Project,"Horror, Mystery",1999-07-14,6.371,10.0517
Uncut Gems,"Drama, Thriller, Crime",2019-08-30,7.17,9.9703
Rebel Ridge,"Crime, Action, Thriller, Drama",2024-08-27,6.97,10.0742
Dhurandhar,"Action, Crime, Thriller",2025-12-05,7.3,9.36
Four Brothers,"Action, Crime",2005-08-11,6.808,9.8006
The Platform 2,"Science Fiction, Horror, Thriller",2024-09-27,5.562,9.6129
Final Destination 5,"Horror, Mystery",2011-08-12,6.158,9.858
The Platform,"Drama, Science Fiction, Thriller",2019-11-08,6.964,9.0747
Warcraft,"Action, Adventure, Fantasy",2016-05-25,6.411,9.134
The Tale of The Princess Kaguya,"Animation, Drama, Fantasy",2013-11-23,8.085,10.4215
Gangs of New York,"Drama, History, Crime",2002-12-14,7.317,9.5108
The Croods: A New Age,"Animation, Family, Adventure, Fantasy, Comedy",2020-11-25,7.44,9.974
Noah,"Drama, Adventure",2014-03-07,5.679,8.8343
The Change-Up,Comedy,2011-08-05,6.161,8.7601
10 Cloverfield Lane,"Thriller, Science Fiction, Drama, Horror",2016-03-10,7.01,9.3991
Hollow Man,"Action, Science Fiction, Thriller",2000-08-04,5.979,9.7084
Street Kings,"Action, Crime, Drama, Thriller",2008-04-10,6.667,10.5283
Sucker Punch,"Action, Fantasy, Thriller",2011-03-24,6.205,10.1421
Untold Mr. T: I Pity the Fool,Documentary,2026-09-08,7.8,9.8562
Superman Returns,"Science Fiction, Action, Adventure",2006-06-28,5.823,9.3522
The Time Traveler's Wife,"Drama, Romance, Fantasy",2009-08-14,6.953,9.9176
Instadocs: The Decoy Plane,Documentary,2026-09-04,6.8,9.6944
Here the Whole Time,"Comedy, Romance",2026-06-18,7.301,9.0779
The Final Destination,"Horror, Mystery",2009-08-26,5.61,9.0927
A House of Dynamite,"Thriller, Drama",2025-10-02,6.409,9.4754
Detective Conan: The Raven Chaser,"Animation, Crime, Mystery, Thriller",2009-04-18,7.3,8.1741
Day Shift,"Action, Fantasy, Horror, Comedy, Thriller",2022-08-05,6.739,9.1716
Novocaine,"Action, Comedy, Thriller",2025-03-03,6.772,9.4451
Morbius,"Action, Science Fiction, Fantasy",2022-03-30,5.902,9.5234
The Electric State,"Action, Adventure, Science Fiction",2025-02-24,6.469,9.9097
The Invisible Man,"Thriller, Science Fiction, Horror",2020-02-26,7.085,9.8782
Miss Congeniality,"Comedy, Crime, Action",2000-12-22,6.535,10.0691
Heartstopper Forever,"Romance, Drama",2026-07-14,7.209,8.114
"My Best Friend, His Girlfriend and Me",Comedy,2026-08-14,6.2,9.1477
Leave the World Behind,"Drama, Mystery, Thriller",2023-11-22,6.377,8.7956
STRAW,"Thriller, Drama, Crime",2025-06-05,7.684,8.5106
Mowgli: Legend of the Jungle,"Adventure, Drama",2018-11-25,6.474,9.4125
I Know What You Did Last Summer,"Horror, Thriller, Mystery",2025-07-16,5.632,9.0652
Easy A,Comedy,2010-09-16,6.801,8.3193
The Spiderwick Chronicles,"Family, Adventure, Fantasy, Drama",2008-02-14,6.704,8.8412
Juror #2,"Drama, Thriller",2024-10-30,6.895,8.2781
The Little Things,"Drama, Crime, Thriller",2021-01-28,6.361,8.0531
The Alto Knights,"Crime, Drama, History",2025-03-19,6.226,9.0814
After We Collided,"Drama, Romance",2020-09-02,7.151,8.8643
Back in Action,"Action, Comedy",2025-01-15,6.429,10.4046
Yes Man,"Comedy, Romance",2008-12-09,6.693,8.9478
Enola Holmes 2,"Adventure, Mystery, Crime",2022-11-03,7.403,8.5942
The Little Rascals,"Romance, Comedy, Family",1994-08-05,6.832,8.688
Where the Crawdads Sing,"Drama, Mystery, Romance",2022-07-14,7.51,8.7323
Blended,"Comedy, Romance",2014-05-21,6.897,8.5803
A Time to Kill,"Crime, Drama, Thriller",1996-07-24,7.395,9.1999
Kick-Ass 2,"Action, Adventure, Crime",2013-07-17,6.405,8.4422
365 Days,"Romance, Drama, Crime",2020-02-07,6.99,8.8923
The Snowman,"Crime, Thriller, Mystery, Horror",2017-08-24,5.213,8.4923
The Quick and the Dead,"Western, Action, Drama, Thriller",1995-02-09,6.551,8.6632
Guillermo del Toro's Pinocchio,"Animation, Fantasy, Adventure, Drama",2022-11-09,7.996,8.6422
Arrietty,"Fantasy, Animation, Family",2010-07-16,7.7,8.5874
My Hero Academia: You're Next,"Animation, Action, Adventure, Science Fiction",2024-08-02,7.259,8.9427
Porco Rosso,"Animation, Adventure, Fantasy",1992-07-18,7.793,7.742
The Great Flood,"Science Fiction, Adventure, Drama",2025-09-18,5.988,8.396
Big World,"Drama, Family",2024-12-27,8.641,7.906
Just Like Heaven,"Comedy, Romance, Fantasy",2005-09-16,6.974,8.4831
Dhurandhar: The Revenge,"Action, Crime, Thriller",2026-03-18,7.3,8.1032
Knocked Up,"Comedy, Romance, Drama",2007-06-01,6.304,7.8451
Army of the Dead,"Crime, Action, Horror",2021-05-14,6.189,8.5226
20th Century Girl,"Romance, Drama",2022-10-06,8.179,8.3513
The Old Guard,"Action, Fantasy",2020-07-09,7.089,9.1465
The Bucket List,"Drama, Comedy",2007-12-25,7.191,8.3007
The Wind Rises,"Animation, Drama, History, Romance",2013-07-20,7.786,7.444
Ladies First,"Comedy, Fantasy",2026-05-21,5.948,8.1182
The Ritual,"Horror, Mystery",2017-10-11,6.302,7.8197
The 6th Day,"Action, Science Fiction, Thriller",2000-11-17,6.0,8.093
Wonderful Nightmare,"Comedy, Romance, Drama",2026-04-04,8.078,7.8679
People We Meet on Vacation,"Comedy, Romance",2026-01-06,6.967,7.4832
Rebel Moon - Part Two: The Scargiver,"Science Fiction, Action, Adventure",2024-04-19,6.066,8.2621
The Cat Returns,"Adventure, Fantasy, Animation, Drama, Family",2002-07-19,7.135,8.0462
To All the Boys I've Loved Before,"Comedy, Romance",2018-08-17,7.589,7.7634
The Guilty,"Drama, Thriller",2021-09-24,6.425,8.0455
The SpongeBob Movie: Sponge on the Run,"Adventure, Animation, Comedy, Family, Fantasy",2020-08-14,7.388,8.0153
Wolf Man,"Horror, Thriller",2025-01-15,6.137,7.6519
Violet Evergarden: The Movie,"Animation, Drama, Fantasy, Romance",2020-09-18,8.3,8.4961
Detective Conan: The Phantom of Baker Street,"Animation, Mystery, Science Fiction",2002-04-20,7.8,7.4325
Lift,"Action, Comedy, Crime",2024-01-10,6.44,7.5989
Snow White and the Huntsman,"Adventure, Fantasy, Drama",2012-05-30,5.983,9.1411
Fito Páez: The World Within a Song,"Documentary, Music",2026-09-03,5.111,7.6422
Through My Window,"Romance, Drama, Comedy",2022-02-04,7.347,7.7481
Neighbors 2: Sorority Rising,Comedy,2016-05-04,5.816,7.2645
Bicentennial Man,"Drama, Romance, Science Fiction",1999-12-17,7.274,8.5762
Charlie Wilson's War,"Comedy, Drama, History",2007-12-19,6.543,7.6884
After Everything,"Romance, Drama",2023-09-13,6.889,7.6744
Hidden Strike,"Action, Comedy, Thriller, Adventure",2023-07-06,6.887,8.0122
The Golden Compass,"Adventure, Fantasy",2007-12-04,6.085,8.1842
Sleepless in Seattle,"Comedy, Drama, Romance",1993-06-24,6.742,8.1463
Chicken Run: Dawn of the Nugget,"Family, Animation, Adventure, Comedy",2023-12-08,6.945,8.0221
Black Clover: Sword of the Wizard King,"Animation, Fantasy, Action, Adventure",2023-06-16,8.1,7.8016
The Bridge on the River Kwai,"Drama, History, War",1957-10-11,7.82,8.1593
Pom Poko,"Adventure, Animation, Fantasy",1994-07-16,7.173,7.3158
Scoob!,"Animation, Comedy, Family, Mystery",2020-07-08,6.978,7.3439
How to Make Millions Before Grandma Dies,Drama,2024-04-04,8.105,6.7737
Troll 2,"Action, Fantasy, Thriller",2025-11-30,6.327,8.39
After Ever Happy,"Romance, Drama",2022-08-24,6.783,7.9237
Army of Thieves,"Action, Crime, Comedy",2021-10-29,6.8,8.9091
The Perfect Storm,"Drama, Adventure, Action, Thriller",2000-06-29,6.489,8.4418
Scarlet,"Animation, Action, Drama, Science Fiction",2025-11-21,7.008,7.259
Korean Kanakaraju,"Comedy, Horror, Action",2026-08-06,7.0,7.2619
First Knight,"Action, Adventure, Drama, Romance",1995-07-07,6.094,8.1728
The Wandering Earth,"Science Fiction, Action, Drama",2019-02-05,6.635,7.5084
Remember Me,"Drama, Romance",2010-03-11,7.097,7.7914
A Million Ways to Die in the West,"Comedy, Western",2014-05-22,6.052,8.086
Jay Kelly,"Drama, Comedy",2025-11-14,6.131,8.005
Untold Raygun: Breaking Badly,Documentary,2026-09-01,6.042,6.9399
Polar,"Action, Crime, Drama",2019-01-25,6.404,7.9945
I Care a Lot,"Crime, Thriller, Drama, Comedy",2021-02-19,6.57,7.6194
Desperado,"Thriller, Action, Crime",1995-08-25,6.933,7.6253
Atlas,"Science Fiction, Action",2024-05-23,6.642,7.7745
Ma,"Horror, Thriller",2019-05-29,5.813,7.0283
Miami Vice,"Action, Crime, Thriller",2006-07-27,6.039,6.5234
Escape from Alcatraz,"Drama, Thriller",1979-06-22,7.501,8.0819
Friends with Benefits,"Romance, Comedy",2011-07-21,6.639,7.6314
Annie,"Comedy, Drama, Family",2014-12-18,6.239,8.4821
El Infierno,"Action, Crime, Western, Comedy, Drama",2010-09-03,7.953,7.8872
Heart of Stone,"Action, Crime, Thriller",2023-08-09,6.697,7.5005
Big Daddy,"Comedy, Drama",1999-06-25,6.489,7.8167
Pan,"Fantasy, Adventure, Family, Action",2015-09-24,5.955,7.5302
The King,"Drama, History, War",2019-10-11,7.157,7.9488
The School for Good and Evil,"Fantasy, Comedy, Adventure",2022-10-19,7.016,7.1516
Father Stu,Drama,2022-04-13,7.108,7.0002
Ava,"Action, Thriller, Crime",2020-07-02,5.827,7.2047
Incantation,Horror,2022-03-18,6.837,7.4656
Not Another Teen Movie,Comedy,2001-12-07,5.823,6.4153
One Piece Film Red,"Animation, Adventure, Action, Fantasy, Music",2022-08-06,7.2,7.1512
One Piece Heroines,"Animation, Action, Comedy",2026-07-05,6.773,6.9778
Train Dreams,Drama,2025-11-05,7.315,7.3348
A Big Bold Beautiful Journey,"Romance, Fantasy, Drama",2025-09-17,6.159,7.4004
Plankton: The Movie,"Family, Comedy, Adventure, Animation, Science Fiction",2025-03-08,6.747,7.5856
The Interpreter,"Crime, Thriller",2005-04-08,6.314,7.5398
Demon City,"Action, Crime, Fantasy, Thriller",2025-02-26,6.828,7.0471
Murder Mystery 2,"Comedy, Mystery, Crime, Action, Adventure",2023-03-28,6.359,7.2308
Sweet Girl,"Action, Thriller, Drama",2021-08-18,6.578,7.3922
I Now Pronounce You Chuck & Larry,"Comedy, Romance",2007-07-12,6.095,7.1436
Murder Mystery,"Comedy, Mystery, Crime",2019-05-25,6.253,8.1504
Beowulf,"Adventure, Action, Animation",2007-11-05,5.925,7.6668
Rebel Moon - Part One: A Child of Fire,"Science Fiction, Action, Adventure",2023-12-15,6.219,7.9492
The Call,"Crime, Thriller",2013-03-14,6.789,7.3715
Sunshine Women's Choir,Drama,2025-12-31,7.4,6.5242
Julie & Julia,"Romance, Drama",2009-08-06,6.713,7.5374
Downsizing,"Drama, Science Fiction, Comedy",2017-12-22,5.417,6.9061
Labor Day,"Drama, Romance, Thriller",2013-12-27,7.061,7.2811
Storks,"Adventure, Animation, Comedy, Family",2016-09-22,6.686,7.6657
Poseidon,"Adventure, Action, Drama, Thriller",2006-05-03,5.903,7.0972
Seven Years in Tibet,"Adventure, Drama, History",1997-09-12,7.166,8.1997
Along with the Gods: The Two Worlds,"Action, Adventure, Drama, Fantasy, Thriller",2017-12-20,8.062,6.8785
Klaus,"Animation, Family, Comedy",2019-11-08,8.218,7.8836
The Nutty Professor,"Comedy, Science Fiction, Romance",1996-06-28,5.649,7.3639
The Silence,"Horror, Drama, Thriller, Fantasy",2019-05-16,6.028,7.3935
The Ugly Truth,"Comedy, Romance",2009-07-24,6.51,7.2799
Fall for Me,"Romance, Thriller",2025-08-20,6.14,7.515
Striking Distance,"Crime, Action, Mystery, Thriller",1993-09-17,5.925,7.7979
Old People,Horror,2022-10-07,5.655,5.1403
When Marnie Was There,"Animation, Drama, Family",2014-07-19,7.9,6.5745
The Unforgivable,"Drama, Crime",2021-11-24,7.409,7.0243
The Marked Woman,"Thriller, Crime",2026-06-05,5.601,6.2097
The Twits,"Animation, Comedy, Family, Fantasy",2025-10-17,5.899,6.8416
Happy Gilmore 2,Comedy,2025-07-25,6.5,6.9408
The Devil All the Time,"Crime, Drama, Thriller",2020-09-11,7.17,7.2473
Idhayam Murali,"Romance, Comedy, Drama",2026-07-10,6.889,6.9117
The Woman in Cabin 10,"Mystery, Thriller, Crime",2025-10-09,6.164,7.5032
Leo,"Animation, Comedy, Family",2023-11-17,7.345,5.8265
Babe,"Fantasy, Drama, Comedy, Family",1995-07-18,6.295,7.3397
The Kissing Booth,"Romance, Comedy",2018-05-11,7.154,6.7531
The Cloverfield Paradox,"Horror, Mystery, Science Fiction",2018-02-04,5.643,6.8845
War Machine,"Comedy, Drama, War",2017-05-26,5.619,6.9407
Society of the Snow,"Drama, History",2023-12-15,7.967,6.6034
After the Sunset,"Action, Comedy, Crime, Drama",2004-11-12,6.183,7.6672
Revenge,"Action, Horror, Thriller, Drama",2017-11-18,6.512,6.0826
Roommates,Comedy,2026-04-13,6.47,6.3928
#Alive,"Action, Horror, Science Fiction",2020-06-24,7.2,6.4845
A Perfect Murder,"Crime, Thriller, Drama",1998-06-05,6.55,7.4332
The Rainmaker,"Drama, Crime, Thriller",1997-11-18,7.021,7.2397
Monster-in-Law,"Romance, Comedy",2005-05-13,6.227,7.0466
Clear and Present Danger,"Action, Drama, Thriller",1994-08-03,6.649,7.1375
Cradle 2 the Grave,"Action, Crime, Drama",2003-02-28,6.135,6.465
Drop,"Mystery, Thriller",2025-04-07,6.298,6.5054
Layer Cake,"Drama, Thriller, Crime",2004-09-30,6.913,6.5643
Queen of Chess,Documentary,2026-01-27,7.527,6.7252
The Out-Laws,"Romance, Action, Comedy",2023-07-07,5.984,7.1151
Miss Congeniality 2: Armed and Fabulous,"Action, Comedy",2005-03-11,5.74,9.054
In Your Dreams,"Adventure, Animation, Comedy, Family, Fantasy",2025-11-07,6.9,6.7419
SPY x FAMILY CODE: White,"Animation, Comedy, Adventure, Action",2023-12-22,7.2,7.4155
A Toxic Love Story,Documentary,2026-07-22,6.365,7.1145
Chompoo: Lost​ &​ Forgotten​,Documentary,2026-08-20,5.692,6.4259
Wallace & Gromit: Vengeance Most Fowl,"Animation, Adventure, Comedy, Science Fiction, Family",2024-12-18,7.454,6.9851
Extinct,"Animation, Comedy, Family, Adventure",2021-02-11,6.194,7.1017
Colors of Evil: Black,"Thriller, Mystery, Crime",2026-06-10,6.793,6.1473
Bhooth Bangla,"Horror, Comedy",2026-04-16,5.6,6.4582
Altered Carbon: Resleeved,"Animation, Science Fiction",2020-03-18,6.548,5.7612
Love Untangled,"Romance, Drama, Comedy",2025-08-28,8.237,6.3299
Fear Street: 1978,"Horror, Mystery, Drama",2021-07-08,7.173,6.8656
My Hero Academia: Heroes Rising,"Animation, Action, Fantasy, Adventure",2019-12-20,8.1,7.2977
Run,"Thriller, Horror, Drama",2020-11-20,7.206,6.6462
War 2,"Action, Thriller, Adventure",2025-08-13,6.0,5.9836
Luther: The Fallen Sun,"Crime, Mystery, Thriller",2023-02-24,6.628,6.9392
Breakdown,"Crime, Mystery, Thriller, Drama, Action",1997-05-02,6.941,6.425
Dangal,"Drama, Family, Comedy",2016-12-21,7.869,6.2173
It's What's Inside,"Comedy, Mystery, Science Fiction",2024-01-19,6.474,6.4941
The Union,"Action, Comedy",2024-08-15,6.041,7.1175
Milky☆Subway: The Galactic Limited Express - the Movie,"Animation, Action, Adventure, Comedy, Science Fiction",2026-02-06,8.75,6.7315
Bāhubali 2: The Conclusion,"Action, Adventure, Fantasy",2017-04-27,7.494,7.1918
Warriors of Future,"Drama, Action, Science Fiction",2022-08-05,6.992,6.7162
Badland Hunters,"Action, Adventure, Thriller",2024-01-26,6.736,6.8935
DC League of Super-Pets,"Family, Comedy, Adventure, Animation, Science Fiction, Action",2022-07-27,7.14,6.1163
Neighbors,Comedy,2014-05-08,6.178,6.632
The Thursday Murder Club,"Comedy, Mystery, Crime",2025-08-22,6.592,6.9351
Raakaasa,"Fantasy, Comedy",2026-04-03,6.2,6.6174
My Hero Academia: World Heroes' Mission,"Animation, Action, Adventure, Science Fiction",2021-08-06,7.596,6.1902
The Rats: A Witcher Tale,"Fantasy, Drama, Adventure",2025-10-29,5.376,6.8623
Timeline,"Action, Adventure, Science Fiction",2003-11-26,5.73,6.8948
Beverly Hills Cop: Axel F,"Action, Comedy, Crime",2024-06-20,6.629,7.0542
Incoming,Comedy,2024-08-22,6.354,6.5783
Vantage Point,"Drama, Action, Thriller, Crime",2008-02-01,6.415,6.3909
Bullet Train Explosion,"Action, Thriller, Crime, Drama",2025-04-23,6.834,6.8715
Project Almanac,"Science Fiction, Thriller",2015-01-28,6.81,7.1338
Even If This Love Disappears Tonight,"Romance, Drama",2025-12-24,8.5,6.5943
Rurouni Kenshin: The Final,"Action, Adventure, History, Drama",2021-04-23,7.685,6.7512
Along Came a Spider,"Crime, Mystery, Thriller, Action",2001-04-06,6.347,6.3052
New Gods: Nezha Reborn,"Animation, Fantasy, Action",2021-02-06,8.065,6.5589
Mantis,"Action, Crime, Thriller",2025-09-25,6.466,6.8791
Emma.,"Comedy, Romance, Drama",2020-02-13,7.001,6.492
Death Note,"Crime, Fantasy, Horror, Thriller",2017-08-25,4.277,6.3683
David Attenborough: A Life on Our Planet,"Documentary, Drama",2020-09-28,8.431,6.2338
Night Always Comes,"Drama, Crime, Thriller",2025-08-15,6.088,6.2019
Fool's Gold,"Adventure, Romance, Comedy",2008-02-07,5.801,6.3744
Peter Pan,"Adventure, Fantasy, Family",2003-12-18,7.132,6.2667
No Reservations,"Comedy, Romance, Drama",2007-06-15,6.699,5.9412
Bad Influence,"Thriller, Drama, Romance",2025-01-24,5.745,5.8486
Love Hurts,"Action, Comedy, Romance",2025-02-06,5.666,6.683
Orion and the Dark,"Animation, Family, Comedy, Fantasy, Adventure",2024-02-01,6.495,6.3482
Maximum Risk,"Action, Thriller, Crime",1996-09-13,5.826,6.3152
Mindhunters,"Mystery, Thriller, Crime",2004-05-07,6.45,6.6822
Night Teeth,"Horror, Thriller, Action",2021-10-20,6.425,7.0365
Spectral,"Science Fiction, Thriller, Action",2016-12-09,6.569,6.7351
Almost Us,"Romance, Comedy",2026-05-06,10.0,5.6135
Man of the Year,"Comedy, Romance, Thriller",2006-10-09,5.942,6.3378
Don't Say a Word,"Thriller, Mystery, Crime",2001-09-28,6.271,7.0292
The Highwaymen,"Crime, Drama, Thriller",2019-03-15,6.777,6.5404
Jawan,"Action, Thriller",2023-09-07,7.043,5.8004
Entourage,"Comedy, Drama",2015-06-03,6.235,6.1255
Fired Up!,Comedy,2009-02-20,6.123,6.2009
Burning Betrayal,"Drama, Mystery, Romance",2023-10-25,6.286,6.6375
Spellbound,"Animation, Fantasy, Family, Adventure, Comedy",2024-11-22,6.6,5.9531
BTS THE COMEBACK LIVE | ARIRANG,Music,2026-03-21,8.8,6.853
Me Before Me,Drama,2026-07-11,6.575,6.5131
The Red Line,"Thriller, Crime, Drama",2026-03-22,6.87,6.1401
Only Yesterday,"Animation, Drama, Romance",1991-07-20,7.391,6.0335
Bāhubali: The Beginning,"Action, Drama",2015-07-10,7.564,5.8449
Get Hard,"Comedy, Crime",2015-03-26,6.016,6.0912
Joy Ride,"Mystery, Thriller, Drama",2001-10-05,6.545,6.1345
Along with the Gods: The Last 49 Days,"Action, Adventure, Fantasy, Thriller",2018-08-01,8.052,5.9395
Pavane,"Romance, Drama",2026-02-19,7.303,5.7163
What a Girl Wants,"Family, Comedy, Drama, Romance",2003-03-27,6.303,5.7103
Triple Frontier,"Action, Thriller, Crime, Adventure",2019-03-06,6.336,7.1746
Marriage Story,Drama,2019-09-28,7.731,6.6438
Bright,"Fantasy, Action, Thriller",2017-12-22,6.163,6.2666
Hall Pass,"Comedy, Romance",2011-02-25,5.751,6.1633
Loving Adults,Thriller,2022-08-26,6.3,6.5079
Mary and The Witch's Flower,"Animation, Adventure, Family, Fantasy",2017-07-08,7.16,5.7427
Get Rich or Die Tryin',"Drama, Crime, Music",2005-11-09,6.841,6.0241
In the Line of Fire,"Action, Drama, Thriller, Crime, Mystery",1993-07-08,6.977,7.0425
She Said Maybe,"Comedy, Romance, Drama",2025-09-18,5.902,5.7939
Troll,"Fantasy, Action, Adventure",2022-11-30,6.558,6.0763
Mardaani 3,"Action, Crime, Thriller",2026-01-30,7.6,6.1212
The Witcher: Sirens of the Deep,"Animation, Fantasy, Action",2025-02-10,6.791,6.7464
Fear Street: 1994,"Horror, Mystery, Drama",2021-06-28,6.683,6.4574
Into the Storm,"Action, Thriller",2014-08-06,6.072,5.6703
180,"Thriller, Crime, Drama, TV Movie",2026-04-16,5.888,5.636
Let Him Go,"Thriller, Crime, Western",2020-11-05,6.825,5.8362
Anacondas: Trail of Blood,"Adventure, Horror, Thriller, TV Movie",2009-07-16,4.596,5.6318
Husbands in Action,"Comedy, Action, Crime",2026-06-15,7.339,5.4786
Spaceman,"Science Fiction, Adventure, Drama",2024-02-23,6.705,6.4023
The Last Kingdom: Seven Kings Must Die,"Action, Adventure, War",2023-04-14,7.23,6.2532
I Came By,"Crime, Thriller",2022-08-19,6.271,6.2562
Miracles from Heaven,"Family, Drama",2016-03-17,7.451,6.0293
Step Up,"Music, Drama, Romance, Crime",2006-08-11,6.878,6.2303
The Man from Toronto,"Action, Adventure, Comedy",2022-12-23,6.411,6.9244
The Two Popes,"Drama, History",2019-11-27,7.474,6.3167
Tu Yaa Main,"Thriller, Romance",2026-02-11,6.393,5.7163
News of the World,"Drama, Western, Adventure",2020-12-25,6.906,6.3379
Vertical Limit,"Adventure, Action, Thriller",2000-12-08,6.023,6.0251
PK,"Comedy, Drama, Science Fiction",2014-12-18,7.705,6.0206
Golden Kamuy -The Abashiri Prison Raid-,"Action, Drama, History, Adventure",2026-03-13,7.368,6.1691
Kuroko's Basketball the Movie: Last Game,"Animation, Comedy",2017-03-18,7.617,5.6326
Ballerina,"Action, Thriller",2023-10-06,7.018,6.3039
State of Fear,"Action, Thriller, Crime, Drama",2026-02-10,5.846,6.0458
A Whisker Away,"Animation, Drama, Romance, Fantasy",2020-06-18,7.868,5.7144
Do Revenge,"Comedy, Thriller, Romance",2022-09-14,6.375,5.6036
Midnight Express,"Drama, Crime",1978-08-31,7.44,5.9954
The Babysitter,"Comedy, Horror",2017-10-13,6.191,6.0121
Project Power,"Action, Crime, Science Fiction, Thriller",2020-08-14,6.424,5.8792
Valentine's Day,"Comedy, Romance",2010-02-10,5.929,6.2654
The Life List,"Romance, Comedy, Drama",2025-03-27,7.0,6.5271
Executive Decision,"Action, Adventure, Drama, Thriller",1996-03-15,6.352,6.2313
Fist Fight,Comedy,2017-02-16,6.042,5.3696
Trigger Warning,Action,2024-06-20,5.652,5.1999
Under Paris,"Action, Horror",2024-06-04,5.923,6.7104
Bāhubali: The Epic,"Action, Drama",2025-10-29,6.4,5.2843
I Am Frankelda,"Animation, Fantasy, Horror, Adventure, Family",2025-10-23,7.992,5.1549
Ocean Waves,"Animation, Drama, Romance, TV Movie",1993-10-09,6.406,5.2973
Dilan 1997,"Drama, Romance",2026-04-30,6.75,5.5448
The Deliverance,"Horror, Thriller",2024-08-16,6.018,5.5351
Fair Play,"Drama, Thriller, Romance",2023-09-28,6.356,5.5093
Outlaw King,"Action, History, War",2018-09-06,6.83,6.0447
Hustle,"Drama, Comedy",2022-06-03,7.694,5.8114
Mobile Suit Gundam Hathaway,"Animation, Action, Drama, Science Fiction",2021-06-11,7.2,6.0047
Kara,"Crime, Drama, Thriller, Action",2026-04-30,5.922,5.3491
The Shadow Strays,"Action, Crime, Thriller",2024-09-10,7.261,5.334
Two Weeks Notice,"Romance, Comedy",2002-12-19,6.367,6.438
Drawing Closer,"Romance, Drama",2024-06-26,8.403,5.1171
One Piece Film: Z,"Animation, Fantasy, Action, Adventure",2012-12-15,7.5,5.8606
Shaft,"Action, Crime, Comedy, Mystery",2019-06-14,6.528,5.3822
A Chinese Odyssey Part One: Pandora's Box,"Action, Adventure, Fantasy, Comedy, Romance, Drama",1995-01-21,7.5,6.1132
"This, That, and Everything in Between","Drama, Family",2026-08-13,6.5,5.5878
Forgotten,"Thriller, Mystery, Crime",2017-11-29,7.881,5.2092
Cocktail 2,"Romance, Comedy",2026-06-19,5.917,6.1301
Roald Dahl's Matilda the Musical,"Family, Comedy, Fantasy",2022-11-25,6.793,6.1956
Penguin Bloom,Drama,2021-01-21,6.887,5.9037
The Monkey King,"Animation, Fantasy, Adventure, Family, Comedy",2023-07-30,6.488,6.0062
Okja,"Adventure, Drama, Science Fiction, Action",2017-06-28,7.324,5.7875
Kartavya,"Crime, Drama, Thriller",2026-05-15,7.0,5.4775
Reptile,"Crime, Mystery, Thriller, Drama",2023-09-29,6.666,5.9786
Step Up 2: The Streets,"Music, Drama, Romance",2008-02-14,6.695,5.8506
Silenced,Drama,2011-09-22,8.161,5.7822
Fixed,"Animation, Comedy",2025-08-13,6.091,5.3348
The Wonderful Story of Henry Sugar,"Fantasy, Adventure, Drama",2023-09-20,7.263,5.886
Freefall: A Reckoning for Boeing,Documentary,2026-08-14,6.958,5.5357
A Gorilla Story: Told by David Attenborough,Documentary,2026-04-16,7.854,4.3786
I Feel Pretty,"Comedy, Romance",2018-04-19,6.378,5.2953
Woody Woodpecker Goes to Camp,"Family, Comedy, Animation",2024-04-12,6.398,5.4212
Letters to Juliet,"Comedy, Drama, Romance",2010-05-13,7.003,5.9873
The Color Purple,Drama,2023-12-25,6.948,5.0646
Pati Patni Aur Woh Do,"Comedy, Drama, Romance",2026-05-15,6.0,5.4632
The Pale Blue Eye,"Thriller, Crime, Horror, Mystery",2022-12-22,6.786,6.3553
Code 8 Part II,"Science Fiction, Action, Crime",2024-02-27,6.37,6.1464
Space Sweepers,"Drama, Fantasy, Science Fiction",2021-02-05,7.027,5.9285
The Fan,"Thriller, Action, Drama",1996-08-15,5.99,5.5419
Old Dads,Comedy,2023-10-20,6.191,5.2015
The Boy Who Harnessed the Wind,"Drama, History",2019-02-14,7.886,5.6308
We Can Be Heroes,"Family, Action, Fantasy, Comedy",2020-12-25,5.923,5.3936
Pain Hustlers,Drama,2023-10-20,6.636,5.9107
53 Sundays,"Comedy, Drama",2026-03-26,5.92,5.0177
Fractured,"Thriller, Drama",2019-09-22,6.769,5.8935
The Elixir,"Horror, Thriller",2025-10-22,5.951,5.5945
Saving Bikini Bottom: The Sandy Cheeks Movie,"Family, Comedy, Adventure, Animation",2024-10-01,6.161,5.5805
Blonde,Drama,2022-09-16,5.878,5.6342
September 5,"Thriller, Drama, History",2024-11-07,6.978,6.1928
The Brave One,"Crime, Drama, Thriller",2007-09-12,6.587,5.5674
My Oxford Year,"Romance, Comedy, Drama",2025-07-31,7.013,6.3269
Anaconda 3: Offspring,"Horror, Adventure, Thriller, TV Movie",2008-10-23,4.602,7.4366
Border 2,"Action, Drama, War",2026-01-23,7.6,5.7063
My Hero Academia: Two Heroes,"Animation, Action, Adventure, Fantasy",2018-08-03,7.886,5.8305
The Tearsmith,"Romance, Drama",2024-04-03,6.5,4.9592
The Power of the Dog,"Drama, Western",2021-10-25,6.73,7.546
The Choral,"Comedy, Drama, Music",2025-11-07,6.483,5.7137
Mexico 86,"Comedy, History, Drama",2026-05-21,7.841,5.45
The Bad Guys: Haunted Heist,"Animation, Comedy",2024-10-02,6.859,5.4686
The Trial of the Chicago 7,"Drama, History",2020-09-25,7.654,5.5112
Exterritorial,"Thriller, Action",2025-04-29,6.596,4.9717
"Miraculous World: Paris, Tales of Shadybug and Claw Noir","Animation, Family, Action, Adventure, Fantasy",2024-02-11,7.3,5.7251
Don't Move,"Horror, Thriller",2024-10-24,6.315,5.2028
The Dilemma,"Comedy, Drama",2011-01-13,5.358,5.2431
The Six Triple Eight,"Drama, War, History",2024-12-06,7.578,5.3337
Mirage,"Thriller, Drama, Mystery, Fantasy",2018-11-30,7.465,5.6811
Firebreak,"Thriller, Drama",2026-02-19,6.3,4.7785
Ikka,"Drama, Thriller",2026-07-10,5.738,5.1645
Mank,"Drama, History",2020-11-13,6.664,4.959
Tales from Earthsea,"Animation, Fantasy, Adventure",2006-07-29,6.527,5.362
Hollywood Homicide,"Action, Adventure, Comedy, Thriller",2003-06-09,5.241,4.9431
A Beautiful Day in the Neighborhood,"History, Family, Drama",2019-09-07,6.959,6.4968
Home Again,"Comedy, Drama, Romance",2017-09-07,6.086,5.2122
Gatta Kusthi 2,"Comedy, Drama",2026-07-03,4.9,5.6916
Goodbye June,Drama,2025-12-12,6.503,5.0875
We Have a Ghost,"Horror, Comedy",2023-02-24,6.431,5.6197
Heart Eyes,"Horror, Romance, Comedy",2025-02-06,6.227,5.9736
Holmes & Watson,"Comedy, Mystery, Crime",2018-12-25,4.296,5.6303
The Laundromat,"Crime, Drama, Comedy",2019-09-27,6.018,5.3411
A Family Affair,"Romance, Comedy",2024-06-27,5.757,4.7817
The Night Comes For Us,"Action, Crime, Thriller",2018-10-05,6.934,5.7182
The Midnight Sky,"Science Fiction, Drama",2020-12-10,5.733,5.635
White Bird,"Drama, War",2023-10-25,7.8,5.1688
Nimona,"Animation, Family, Fantasy, Adventure, Science Fiction, Action",2023-06-23,7.851,4.7758
Almost Cops,"Action, Comedy, Crime, Mystery",2025-07-10,5.896,5.8488
One Piece Film: Strong World,"Animation, Fantasy, Adventure",2009-12-12,7.4,5.3936
The Tax Collector,"Action, Crime, Drama",2020-08-07,5.741,5.6137
The Heartbreak Kid,"Comedy, Romance",2007-10-05,5.753,5.2605
How It Ends,"Science Fiction, Thriller, Mystery, Action, Adventure",2018-07-13,5.291,5.5261
Brick,"Thriller, Science Fiction",2025-07-02,5.799,5.7297
Infernal Affairs II,"Action, Thriller, Crime",2003-10-01,7.3,4.8916
Extinction,"Action, Drama, Science Fiction, Thriller",2018-07-15,6.058,5.3772
Unfrosted,"Comedy, History",2024-04-30,5.396,5.053
Urban Legend,"Horror, Mystery",1998-09-25,5.739,5.6618
Takers,"Action, Crime, Drama, Thriller",2010-08-26,6.251,6.1814
Look Both Ways,"Romance, Drama, Comedy",2022-08-16,6.827,5.0041
Guess Who,"Comedy, Romance",2005-03-25,6.011,5.6092
The Juror,"Thriller, Crime",1996-02-02,5.718,5.2044
He's All That,"Comedy, Romance",2021-08-27,6.463,5.5349
Spenser Confidential,"Comedy, Action, Thriller",2020-03-06,6.505,5.934
Famous Last Words: Eric Dane,Documentary,2026-02-19,8.611,5.8282
Detective Conan: Black Iron Submarine,"Animation, Action, Crime, Mystery",2023-04-14,7.0,5.1765
The Guns of Navarone,"Adventure, Drama, War",1961-04-27,7.3,4.9721
Time Cut,"Horror, Science Fiction, Thriller",2024-10-29,5.645,4.8334
What Happens in Vegas,"Comedy, Romance",2008-05-07,6.122,5.9486
The Crash,"Documentary, Crime",2026-05-14,6.832,5.5991
Land of the Lost,"Adventure, Science Fiction, Comedy, Action",2009-06-05,5.473,5.3163
The Babysitter: Killer Queen,"Comedy, Horror",2020-09-10,6.309,5.2721
That Time I Got Reincarnated as a Slime the Movie: Scarlet Bond,"Animation, Fantasy, Adventure",2022-11-25,7.4,5.0547
Hollow Man II,"Horror, Thriller, Science Fiction",2006-05-23,4.951,5.4606
Cover-Up,"Documentary, History",2025-12-19,7.01,4.6924
The Stranger,"Thriller, Crime, Drama",2022-10-06,6.167,5.2806
Starman,"Science Fiction, Drama, Romance",1984-12-13,6.928,5.6018
The Devil's Own,"Crime, Thriller, Drama",1997-03-13,6.196,5.5357
Starship Troopers 2: Hero of the Federation,"Adventure, Horror, Action, Science Fiction",2004-05-19,4.476,5.0854
100 METERS,"Animation, Drama",2025-09-19,7.783,4.3383
Apostle,"Horror, Mystery",2018-09-21,6.15,5.5621
Jackass Presents: Bad Grandpa,Comedy,2013-10-22,6.187,5.5529
"The Pig, the Snake and the Pigeon","Crime, Drama, Thriller",2023-10-06,7.298,5.6156
Detective Conan: The Time Bombed Skyscraper,"Animation, Crime, Mystery, Adventure",1997-04-19,7.4,4.6421
Trouble,"Animation, Adventure, Family, Comedy, Music",2019-08-08,6.544,4.7299
Your Name Engraved Herein,"Romance, Drama",2020-09-30,7.884,4.5361
Youth,"Comedy, Romance, Drama",2026-03-19,6.9,5.1445
Barbie: Mermaid Power,"Animation, Family",2022-10-14,6.4,5.132
Main Vaapas Aaunga,"Romance, Drama, Mystery",2026-06-11,7.1,4.9144
30 Days of Night: Dark Days,"Horror, Thriller",2010-10-04,4.998,4.7905
10DANCE,"Romance, Drama",2025-12-17,7.557,4.8171
Strangers in the Park,"Comedy, Drama",2026-02-19,6.5,4.7034
Roma,Drama,2018-11-21,7.613,4.6983
Go,"Crime, Comedy, Thriller",1999-04-09,6.972,4.9026
The Good Nurse,"Drama, Crime, Mystery",2022-10-19,6.872,5.2441
Through My Window 3: Looking at You,"Romance, Drama, Comedy",2024-02-23,6.866,5.1747
Seoul Vibe,"Action, Crime, Comedy",2022-08-26,6.528,4.902
The Wonder,"Drama, Mystery",2022-11-02,6.598,4.7386
The Disaster Artist,"Comedy, Drama",2017-03-12,7.093,5.087
Final Fantasy: The Spirits Within,"Action, Adventure, Animation, Fantasy, Science Fiction",2001-07-02,6.198,5.6439
Saiyaara,"Romance, Drama, Music",2025-07-18,6.4,5.4209
The Glass House,"Drama, Thriller",2001-09-14,5.974,5.3234
That Christmas,"Animation, Comedy, Family, Fantasy, Adventure",2024-11-27,7.142,4.8632
Outside the Wire,"Thriller, Action, Science Fiction",2021-01-15,6.351,5.3122
Gerald's Game,"Horror, Thriller, Drama",2017-09-29,6.397,5.6796
Black Crab,"Action, Thriller",2022-03-18,6.193,5.5083
Through My Window: Across the Sea,"Romance, Drama, Comedy",2023-06-23,6.572,4.7581
SAS: Red Notice,"Drama, Action, Thriller",2021-08-11,5.819,4.8367
Da 5 Bloods,"War, Drama",2020-06-12,6.419,5.0768
To the Max,"Drama, Adventure",2026-02-06,6.3,4.7815
"Marty, Life Is Short",Documentary,2026-05-11,7.922,4.4059
Spiderhead,"Science Fiction, Thriller",2022-06-15,5.789,5.3986
Texas Chainsaw Massacre,"Horror, Thriller, Drama",2022-02-18,5.171,4.9149
The Kissing Booth 2,"Comedy, Romance",2020-07-24,7.598,4.8597
Detective Conan: Quarter of Silence,"Animation, Action, Crime, Mystery",2011-04-16,7.07,4.7832
Sing: Thriller,"Animation, Comedy, Fantasy, Music, Family",2024-10-15,7.176,5.2394
Late Night,"Comedy, Drama",2019-01-25,6.387,4.9961
Gnome Alone,"Animation, Family, Adventure, Comedy, Fantasy",2017-11-02,6.136,4.7134
The Ridiculous 6,"Western, Comedy, Action, Adventure",2015-12-11,5.238,5.8834
The Dig,"Drama, History",2021-01-14,6.843,4.1854
The Bubble,Comedy,2022-03-25,4.611,5.3987
Devara: Part 1,"Action, Drama",2024-09-26,6.847,4.7952
Mononoke the Movie: The Phantom in the Rain,"Animation, Fantasy, Mystery",2024-07-26,7.142,4.3415
Rurouni Kenshin Part I: Origins,"Adventure, Action, Fantasy, War, History",2012-08-25,7.534,5.0994
Extinction,"Horror, Science Fiction, Thriller",2015-08-07,6.317,4.6506
Lost in the Stars,"Mystery, Crime, Thriller",2023-06-22,6.4,4.8025
Fear Street: 1666,"Mystery, Horror",2021-07-14,7.069,5.3647
Nutty Professor II: The Klumps,"Comedy, Science Fiction",2000-07-27,5.016,5.0007
Seal Team,"Animation, Family",2021-10-28,6.9,5.3829
The Call,"Thriller, Mystery, Science Fiction",2020-11-23,7.468,5.3547
My Dearest Señorita,"Drama, Romance",2026-04-17,6.558,4.4148
Hubie Halloween,"Comedy, Horror, Mystery",2020-10-07,5.88,5.1416
Angel Eyes,"Drama, Romance, Thriller",2001-05-18,6.056,4.8925
Lonely Planet,"Romance, Drama",2024-10-10,6.1,4.9616
Officer Black Belt,"Action, Comedy, Crime, Drama",2024-09-12,7.683,4.8557
Godzilla: The Planet Eater,"Animation, Science Fiction, Action, Adventure",2018-11-09,6.504,5.165
Beverly Hills Ninja,"Comedy, Action",1997-01-17,5.658,4.881
Nowhere,"Thriller, Drama",2023-09-29,7.311,4.6511
Rurouni Kenshin: The Beginning,"Action, Adventure, Drama, Romance",2021-06-04,7.667,4.9451
Blood Red Sky,"Horror, Thriller, Action",2021-07-23,6.772,5.4065
Stand by Me Doraemon,"Animation, Adventure, Science Fiction, Drama, Family, Fantasy",2014-08-08,7.441,5.0555
Carter,"Action, Thriller, Crime",2022-08-05,5.978,5.4626
The Bad Guys: A Very Bad Holiday,"Animation, Comedy, Family, Action",2023-11-29,6.503,5.0192
Ladder 49,"Drama, Action, Thriller",2004-10-01,6.479,5.1718
Sniper: The Last Stand,"Action, Thriller",2025-01-21,6.8,5.1112
Rurouni Kenshin Part II: Kyoto Inferno,"Action, Adventure, Drama, Fantasy",2014-08-01,7.56,4.8548
In the Tall Grass,Horror,2019-09-20,5.551,5.4748
The Christmas Chronicles,"Comedy, Adventure, Family, Fantasy",2018-11-22,7.155,4.6391
I Am Mother,"Science Fiction, Thriller",2019-06-07,6.713,5.7595
Initial D,"Action, Crime, Drama",2005-05-12,6.658,4.694
Operation Finale,"Drama, History, Thriller",2018-08-29,6.668,5.1395
Bleach,"Action, Fantasy, Adventure",2018-07-20,6.519,4.6823
Back to the Outback,"Family, Animation, Adventure, Comedy",2021-12-03,7.576,4.5363
Air Force Elite: Thunderbirds,Documentary,2025-05-22,6.889,4.3896
Earwig and the Witch,"Animation, Fantasy, Family, Music, Comedy",2021-02-03,5.891,4.3962
Caramelo,"Comedy, Drama",2025-10-07,7.739,4.7399
50/50,"Comedy, Drama",2011-09-30,7.2,5.782
The Other Boleyn Girl,"Drama, Romance, History",2008-02-28,6.706,5.3194
In the Shadow of the Moon,"Science Fiction, Thriller",2019-09-27,6.184,5.0986
Finding Forrester,"Drama, History",2000-12-21,7.125,5.1971
The Boss,Comedy,2016-04-07,5.813,4.7793
It's Complicated,"Comedy, Romance",2009-12-23,6.518,4.9032
Mr. Church,Drama,2016-09-16,7.4,4.963
iHostage,"Thriller, Crime, Drama",2025-04-18,5.934,4.2697
Luckiest Girl Alive,"Drama, Thriller, Mystery",2022-09-30,6.501,5.0096
They Cloned Tyrone,"Comedy, Science Fiction, Mystery",2023-06-14,6.554,4.8629
18th Rose,"Drama, Romance, Comedy",2026-04-09,7.9,5.0719
Bird Box Barcelona,"Horror, Science Fiction, Thriller",2023-07-14,5.916,5.0102
The Mother,"Action, Thriller",2023-05-04,6.617,5.0772
Stamptown,Comedy,2026-08-25,8.0,4.3577
Tall Girl,"Comedy, Drama, Romance",2019-09-13,6.276,4.4837
Magic Mike XXL,"Comedy, Drama",2015-07-01,6.1,4.7547
Reign Over Me,Drama,2007-03-22,7.216,4.4722
A Widow's Game,"Thriller, Mystery",2025-05-30,6.284,5.2397
Blade of the Immortal,"Action, Fantasy, Adventure, Drama",2017-04-29,6.702,4.7297
Uncommon Valor,"Drama, War, Action",1983-12-16,6.257,4.6107
I'm Thinking of Ending Things,"Mystery, Thriller, Drama",2020-08-28,6.532,4.2948
Chaos: The Manson Murders,"Documentary, Crime",2025-03-06,6.145,3.9015
Inside Furioza,"Action, Crime, Thriller",2025-10-14,6.565,4.5913
Gifted Hands: The Ben Carson Story,Drama,2009-02-07,7.819,4.4511
Family Switch,"Comedy, Fantasy, Family",2023-11-30,6.363,4.853
Kingdom: Ashin of the North,"Drama, Fantasy, Thriller",2021-07-23,7.108,4.4524
Unknown Number: The High School Catfish,Documentary,2025-08-28,6.754,4.9402
Legend of the Fist: The Return of Chen Zhen,"Drama, Action, History, Thriller",2010-09-01,6.814,5.7818
The Pirates: The Last Royal Treasure,"Action, Adventure, Comedy, Fantasy",2022-01-26,6.535,4.3192
Firehouse Dog,"Family, Comedy",2007-04-04,6.209,4.8361
Accused,"Thriller, Mystery, Drama",2026-02-27,5.573,4.5767
The Woman in the Window,"Crime, Mystery, Thriller",2021-05-13,5.973,5.0114
Baki Hanma VS Kengan Ashura,"Animation, Action, Fantasy",2024-06-05,7.653,4.9058
1941,"Comedy, War, Action",1979-12-14,5.77,4.9407
Open Season: Scared Silly,"Animation, Comedy, Family, Adventure, TV Movie",2015-12-18,5.924,4.8082
Leo,"Action, Crime, Thriller",2023-10-18,6.89,4.1254
Mute,"Science Fiction, Mystery, Thriller",2018-02-23,5.572,4.7963
Ladies in Black,"Comedy, Drama",2018-10-18,6.712,4.4407
Jamie Vardy,Documentary,2026-05-12,7.371,4.9568
The Swimmers,"Drama, History",2022-09-08,7.416,4.7586
The Contractor,"Action, Adventure, Drama, Thriller",2007-05-11,5.464,5.2376
"Sweet, Salty",Drama,2019-10-07,0.0,5.6145
Thelma the Unicorn,"Animation, Fantasy, Family",2024-05-17,6.893,4.6858
Vivo,"Animation, Family, Comedy, Music",2021-07-30,7.22,4.9474
Abandoned Man,Drama,2025-08-22,7.4,4.5721
Stowaway,"Science Fiction, Drama, Thriller",2021-06-24,6.029,5.106
Senior Year,Comedy,2022-05-11,5.898,4.4812
Chasing the Wind,Romance,2025-01-09,6.632,5.0876
River's Edge,"Crime, Drama",2018-02-16,6.077,5.0566
Emergency,"Drama, History, War",2025-01-17,4.8,3.8351
Holidate,"Comedy, Romance",2020-10-27,6.969,4.7463
Uglies,"Science Fiction, Adventure, Action",2024-09-12,5.699,4.9914
A Different Man,"Comedy, Drama",2024-08-24,6.9,4.0886
In the Hand of Dante,"Drama, Crime, Thriller",2026-06-12,5.442,4.2548
Wind Chill,"Drama, Horror, Thriller",2007-05-18,5.821,4.7493
Lucky Baskhar,"Thriller, Crime, Drama",2024-10-30,7.701,4.3909
Poison,"Comedy, Drama, Thriller",2023-09-29,6.842,5.4791
Close,"Action, Adventure, Thriller",2019-02-22,6.012,4.9037
Detective Conan: Captured in Her Eyes,"Animation, Crime, Drama, Mystery, Adventure",2000-04-22,7.427,4.055
Malaikat Malam,"Drama, Romance, Action",2026-03-26,7.3,4.5011
Rachel Getting Married,"Drama, Romance",2008-10-03,6.296,4.1486
Interceptor,"Action, Thriller, Adventure",2022-05-26,6.045,4.8749
Lou,"Action, Thriller",2022-09-23,6.473,4.3763
Us and Them,"Drama, Romance",2018-04-28,7.531,4.101
Over the Moon,"Animation, Adventure, Family, Fantasy",2020-10-16,7.179,4.6394
The Do-Over,"Action, Adventure, Comedy, Mystery",2016-05-27,5.711,4.9929
The House,"Animation, Drama, Comedy, Horror, Fantasy",2022-01-14,7.0,4.5359
Shipwrecked: Nightmare at Sea,Documentary,2026-07-10,7.179,4.9716
Bogotá: City of the Lost,"Thriller, Crime, Drama",2024-12-31,7.0,3.71
Things Heard & Seen,Horror,2021-04-29,5.701,4.9191
Ghosts of Girlfriends Past,"Romance, Comedy, Fantasy",2009-05-01,5.967,4.7376
Fighter,"Action, Drama",2024-01-24,6.151,4.077
The Producers,Comedy,2005-12-25,6.164,4.3854
The Campaign,Comedy,2012-08-09,5.836,4.4488
Lost Bullet 2,"Action, Crime, Thriller, Drama",2022-11-10,6.521,4.8251
The Loved One,"Romance, Drama",2026-02-11,5.625,4.4827
Regression,"Horror, Mystery, Thriller",2015-10-01,5.585,5.5283
Unfinished Business,Comedy,2015-03-05,5.445,4.6694
Jackass Number Two,"Action, Comedy, Documentary",2006-09-22,6.597,4.5523
Bionic,"Science Fiction, Action, Adventure",2024-05-28,5.907,4.5525
Life As We Know It,"Comedy, Romance, Drama",2010-10-02,6.892,4.3603
Left-Handed Girl,Drama,2025-09-17,7.273,4.4607
Mr. Harrigan's Phone,"Drama, Horror, Mystery",2022-09-28,6.397,4.6613
Pleasantville,"Fantasy, Comedy, Drama",1998-09-17,7.271,5.1155
Sisters,Comedy,2015-12-18,5.958,4.071
Roxanne,"Comedy, Romance",1987-06-19,6.432,4.6261
My Little Pony: A New Generation,"Animation, Family, Fantasy, Comedy, Adventure",2021-09-22,7.626,4.1826
Fullmetal Alchemist: The Final Alchemy,"Action, Adventure, Fantasy",2022-06-24,6.284,4.3112
Night in Paradise,"Crime, Thriller, Action",2020-09-03,6.907,4.5886
The Tailor of Panama,"Drama, Thriller",2001-02-11,5.993,4.7732
The Social Dilemma,"Documentary, Drama",2020-01-26,7.459,4.1714
Duck Duck Goose,"Animation, Family, Adventure, Comedy",2018-03-09,6.21,3.9945
The Last Letter from Your Lover,"Drama, Romance",2021-07-23,7.334,4.6674
Kate,"Action, Thriller",2021-09-10,6.613,5.0212
Pushpa 2 - The Rule,"Action, Drama, Thriller, Crime",2024-12-04,6.2,4.5867
Death Whisperer,"Horror, Thriller",2023-10-25,7.413,4.3217
Love O2O,"Drama, Comedy, Romance",2016-08-12,6.7,5.8893
Kabhi Khushi Kabhie Gham,"Comedy, Drama",2001-12-14,7.68,3.9578
White Noise,"Comedy, Drama",2022-11-25,5.579,5.268
Death Whisperer 2,"Horror, Thriller, Action",2024-10-10,6.944,4.6643
Against All Odds,"Crime, Romance, Thriller",1984-03-02,5.681,3.6888
Slumberland,"Adventure, Comedy, Family, Fantasy",2022-11-18,7.268,4.2199
Ultraman: Rising,"Animation, Science Fiction, Family, Action",2024-06-14,8.0,4.4038
Starship Troopers: Invasion,"Animation, Action, Science Fiction",2012-08-28,5.853,4.609
Velvet Buzzsaw,"Thriller, Mystery, Horror",2019-02-01,5.38,4.4839
Rise of the Teenage Mutant Ninja Turtles: The Movie,"Animation, Action, Science Fiction, Comedy",2022-11-19,7.301,4.3227
Dream,"Comedy, Drama",2023-04-26,6.901,3.98
Ruth & Boaz,"Romance, Drama, Music",2025-09-25,7.486,3.8533
The Sweetest Thing,"Romance, Comedy",2002-04-12,5.623,5.1491
Ricky Gervais: Mortality,Comedy,2025-12-29,6.99,4.8113
Get Carter,"Action, Drama, Thriller, Crime",2000-10-06,5.213,4.7727
K.O.,"Action, Drama, Adventure",2025-06-05,6.477,4.5685
On the Waterfront,"Crime, Drama, Romance",1954-06-22,7.851,4.5833
Ziam,"Horror, Thriller, Action",2025-07-08,6.8,5.0791
Sixty Minutes,"Action, Adventure, Crime, Drama, Thriller",2024-01-19,6.8,4.4027
Teenage Wasteland,Documentary,2025-11-26,6.75,3.8606
Street Flow 3,Drama,2026-03-04,6.049,3.8677
Wasp Network,"Drama, History, Thriller",2020-01-29,6.053,4.7061
Re/Member,"Horror, Thriller",2022-10-14,6.679,4.3626
Ma Rainey's Black Bottom,"Drama, Music",2020-11-25,6.644,3.9902
The Witcher: Nightmare of the Wolf,"Animation, Action, Fantasy",2021-08-22,7.422,5.1558
Athena,"Action, Adventure, Thriller, Drama",2022-09-09,6.598,4.515
Lords of Dogtown,Drama,2005-06-03,7.089,4.7113
To All the Boys: Always and Forever,"Romance, Comedy, Drama",2021-02-12,7.491,4.1543
The Swedish Connection,"Drama, History, War",2026-02-13,7.4,3.6245
Wendell & Wild,"Animation, Comedy, Fantasy, Adventure, Horror",2022-10-21,6.581,4.351
Believer,"Crime, Action, Thriller",2018-05-22,7.179,4.1274
True Memoirs of an International Assassin,"Comedy, Action",2016-11-11,5.768,4.3674
Unlocked,"Thriller, Crime, Mystery",2023-02-17,7.291,4.3162
Golden Kamuy,"Action, Adventure, Comedy",2024-01-19,7.053,4.0119
Kill Boksoon,"Action, Drama, Thriller, Crime",2023-02-18,6.897,4.2613
BTS: THE RETURN,"Documentary, Music",2026-03-27,8.5,4.6323
Case Closed: The Fourteenth Target,"Animation, Crime, Mystery, Adventure",1998-04-18,7.2,3.9307
The Forgotten Battle,"War, History, Drama",2021-06-05,7.085,4.2153
The Goat Life,"Drama, Adventure",2024-03-28,7.34,3.9698
Kalki 2898-AD,"Drama, Action, Fantasy, Science Fiction",2024-06-26,6.423,4.3467
The Age of Innocence,"Drama, Romance",1993-09-10,7.0,4.2668
One Piece Film: GOLD,"Action, Animation, Adventure, Comedy",2016-07-23,7.2,4.3212
Me Time,Comedy,2022-08-26,5.847,4.1113
"Crouching Tiger, Hidden Dragon: Sword of Destiny","Action, Adventure, Drama",2016-02-18,6.148,4.7625
Sniper 3,"Drama, Action, Thriller",2004-08-03,5.471,4.6877
Next Gen,"Animation, Action, Adventure, Comedy, Family, Science Fiction",2018-09-07,6.983,4.0686
Creep,"Horror, Thriller",2014-03-08,6.402,4.3696
Munich - The Edge of War,"Drama, History",2021-12-31,6.931,4.1892
Chennai Express,"Romance, Comedy, Action",2013-08-08,6.501,4.3158
Synchronic,"Horror, Science Fiction, Thriller",2020-10-23,6.335,4.7922
The Package,"Comedy, Drama",2019-05-15,5.0,5.1648
Miguel Ángel Blanco: The 48 Hours That Changed Spain,Documentary,2026-07-10,7.6,4.7383
Locked In,Thriller,2023-11-01,5.237,4.5934
My Neighbors the Yamadas,"Animation, Comedy, Family",1999-07-17,7.006,4.2491
Dominion: Prequel to The Exorcist,Horror,2005-05-20,5.339,4.2973
Doctor X: The Movie Final,"Comedy, Drama, Mystery",2024-12-06,7.2,2.9791
1922,"Horror, Crime, Drama",2017-10-20,5.948,4.36
Infernal Affairs III,"Crime, Drama, Action",2003-12-12,7.0,4.0711
Mardi Gras: Spring Break,Comedy,2011-09-23,5.715,4.2755
Detective Conan: Crossroad in the Ancient Capital,"Animation, Mystery, Adventure",2003-04-19,7.1,4.2128
All the Bright Places,"Romance, Drama",2020-02-28,7.6,4.1254
Untold: The Testimony of Vince Young,Documentary,2026-08-25,6.091,3.8915
The Lost Daughter,Drama,2021-12-15,6.445,3.8415
Good News,"Thriller, Comedy, History",2025-09-05,6.97,3.7558
Animal,"Action, Crime, Drama",2023-12-01,6.156,4.2949
The Trip,"Comedy, Horror",2021-07-30,6.709,4.5714
Out of the Clear Blue Sky,"Comedy, Drama, Music",2019-12-24,8.279,4.4826
Godzilla: City on the Edge of Battle,"Animation, Science Fiction",2018-05-18,6.558,4.3456
Highlander: Endgame,"Action, Adventure, Fantasy",2000-09-01,4.804,4.3755
ARQ,"Science Fiction, Thriller",2016-09-16,6.136,4.2656
Lost Bullet,"Action, Thriller, Crime, Drama",2020-06-19,6.591,4.5664
Hell Dogs,"Action, Crime, Drama, Mystery, Thriller",2022-09-16,7.03,4.2462
The Perfect Date,"Romance, Comedy",2019-04-12,6.427,3.8015
Life of the Party,Comedy,2018-05-10,6.083,3.8539
Squad 36,"Action, Crime, Drama, Thriller",2025-02-27,6.2,4.5075
"Good Night, and Good Luck","Drama, History",2025-06-07,7.077,2.9579
Twisted,"Action, Adventure, Crime, Drama, Thriller",2004-02-27,5.562,4.5124
High Society,Drama,2018-08-29,5.508,3.9464
Your Place or Mine,"Romance, Comedy",2023-02-10,6.251,4.3187
Yoh! Bestie,"Romance, Comedy",2026-02-06,6.26,3.8508
Murder in Monaco,"Crime, Documentary",2025-12-17,6.36,3.8002
Detective Conan: The Darkest Nightmare,"Animation, Mystery, Action, Crime",2016-04-16,6.8,4.1099
You People,"Romance, Comedy",2023-01-20,5.603,4.2503
The Swan,Drama,2023-09-27,6.771,4.1775
Detective Conan: Sunflowers of Inferno,"Animation, Crime, Adventure, Mystery",2015-04-18,6.1,4.0169
Mononoke the Movie: Chapter II - The Ashes of Rage,"Animation, Fantasy, Mystery",2025-03-14,7.329,3.6525
Big Chicken: A Fast Food Conspiracy,Documentary,2026-08-05,5.7,4.0246
Bharathanatyam 2 Mohiniyattam,"Comedy, Thriller",2026-04-10,8.235,3.9941
Pokémon the Movie: Mewtwo Strikes Back - Evolution,"Animation, Adventure, Fantasy, Action, Family",2019-07-12,6.74,3.9757
Headshot,"Action, Thriller, Drama",2016-09-24,6.406,4.2696
Call Me Chihiro,Drama,2023-02-23,7.2,3.991
The 36th Chamber of Shaolin,"Action, Adventure",1978-02-02,7.5,4.3788
Detective Conan: Dimensional Sniper,"Animation, Action, Drama, Mystery",2014-04-19,6.8,4.0114
Suzzanna: Witchcraft,"Drama, Horror, Fantasy, Thriller",2026-03-18,7.2,3.7355
Violet Evergarden: Eternity and the Auto Memory Doll,"Drama, Fantasy, Animation",2019-09-06,8.086,3.8409
The Red Sea Diving Resort,"Drama, Thriller, History",2019-07-28,6.806,3.9521
Love in Slow Motion,"Romance, Comedy",2026-07-23,6.4,4.0743
A Family,"Crime, Drama",2021-01-29,7.354,4.1067
Sniper 2,Action,2002-12-28,5.537,4.1137
Being Eddie,Documentary,2025-11-11,6.75,4.3835
Case Closed: Countdown to Heaven,"Animation, Action, Crime, Mystery",2001-04-21,7.392,4.0431
The In Between,"Romance, Science Fiction, Drama",2022-02-11,7.334,4.2264
Piece by Piece,"Animation, Music, Documentary",2024-10-10,7.128,4.1767
Hold the Dark,"Thriller, Mystery, Crime",2018-09-22,5.451,4.3257
The Last Thing He Wanted,"Drama, Thriller",2020-02-14,4.871,4.1722
JUNG_E,"Science Fiction, Action, Adventure, Drama",2023-01-12,6.087,4.6409
The Deep End of the Ocean,"Drama, Mystery",1999-03-12,6.561,4.1298
Stavros Halkias: Uncle Stav,Comedy,2026-09-08,6.0,3.885
Kangaroo Jack,"Adventure, Comedy, Crime",2003-01-17,5.299,4.4461
Nice Girls,"Comedy, Crime, Action",2024-08-20,5.338,3.6707
YES DAY,"Family, Comedy",2021-03-11,6.67,3.9095
Set It Up,"Romance, Comedy",2018-06-15,6.907,4.0203
Nightbooks,"Fantasy, Horror, Family",2021-09-15,6.11,4.2621
Middle School: The Worst Years of My Life,"Family, Comedy",2016-10-07,6.921,3.6558
Oxygen,"Science Fiction, Thriller, Horror",2021-05-12,6.611,4.3874
Skyscraper Live,"Adventure, Documentary",2026-01-23,7.557,4.1994
The Christmas Chronicles: Part Two,"Family, Fantasy, Adventure, Comedy",2020-11-18,6.5,3.9157
You Are So Not Invited to My Bat Mitzvah,"Comedy, Drama",2023-08-18,6.473,4.2142
Detective Conan: The Eleventh Striker,"Animation, Mystery, Action",2012-04-14,6.8,3.8235
The Boss Baby: Christmas Bonus,"Animation, Family, Adventure",2022-12-06,6.688,4.3139
Awake,"Drama, Science Fiction, Thriller",2021-06-09,5.848,4.114
Ashes,"Romance, Drama, Fantasy",2024-02-09,5.721,4.1492
Arthur,"Comedy, Romance",2011-04-08,5.563,4.0017
Underdogs,"Animation, Adventure, Romance",2013-07-18,7.067,4.627
How Do You Know,"Comedy, Drama, Romance",2010-12-17,5.342,4.2426
All the Empty Rooms,Documentary,2025-08-31,7.242,3.7404
Thunder Force,"Comedy, Action, Science Fiction",2021-04-09,5.47,3.6544
Green Snake,"Animation, Fantasy, Action, Adventure",2021-07-23,8.051,4.082
Rurouni Kenshin Part III: The Legend Ends,"Action, Adventure, Fantasy",2014-09-13,7.686,3.8731
The Big Fake,"Thriller, Crime, Drama",2025-10-19,6.6,3.6034
Point Blank,"Action, Thriller",2019-07-12,5.977,4.1071
Bride of the Year,"Comedy, Romance, Family",2026-05-15,6.912,3.3672
The Final Girls,"Comedy, Horror",2015-10-09,6.386,3.6248
Breaking In,"Action, Crime, Thriller",2018-05-05,5.934,4.1876
Scrooge: A Christmas Carol,"Animation, Family, Fantasy",2022-11-18,6.784,3.9645
29,"Romance, Comedy, Drama",2026-05-08,6.9,3.7372
Salaar: Part 1 - Ceasefire,"Action, Crime, Drama",2023-12-21,6.821,3.7365
Sand Castle,"War, Action, Drama",2017-04-21,6.49,3.8811
Fear Street: Prom Queen,"Horror, Mystery",2025-05-23,5.329,4.1981
Feel My Voice,"Music, Drama, Comedy",2026-04-03,6.86,3.7799
Inside Job,"Documentary, Crime",2010-10-08,7.714,3.6808
Nonnas,Comedy,2025-05-01,6.781,3.5249
Scoop,"Drama, TV Movie",2024-03-27,6.366,3.9942
Son-in-Law,"Comedy, Drama",2026-04-18,5.692,4.0823
Cargo,"Drama, Thriller, Horror",2017-10-06,6.401,4.0754
The President's Cake,Drama,2026-01-22,7.4,3.9628
Below Zero,"Action, Crime, Thriller",2021-01-29,6.343,3.8824
Overcomer,Drama,2019-08-22,7.688,3.4369
Trollhunters: Rise of the Titans,"Animation, Fantasy, Family, Action, Adventure",2021-07-21,7.562,4.1057
To All the Boys: P.S. I Still Love You,"Romance, Comedy",2020-02-03,6.821,3.7063
Mary,"Drama, History, Action",2024-12-12,6.292,3.9134
Dragon Rider,"Animation, Family, Adventure, Fantasy",2020-10-13,6.917,3.8588
Uprising,"Action, Drama, History",2024-10-02,6.982,3.665
Inside the Trustor Scandal,"Documentary, Crime",2026-08-05,6.45,3.932
City Hunter,"Action, Comedy",2024-04-24,6.487,3.8051
"tick, tick... BOOM!","Drama, Music",2021-11-11,7.586,3.5074
A Letter to My Youth,Drama,2026-01-29,7.87,3.3115
The Prom,"Romance, Comedy",2020-12-02,6.084,3.7827
Keanu,"Action, Comedy, Crime",2016-04-29,6.026,4.0235
An Autumn Romance,"Romance, Drama, Family",2021-05-07,7.1,3.6922
The Travellers,Drama,2025-10-09,5.4,3.6663
Fistful of Vengeance,"Action, Fantasy, Thriller",2022-02-18,5.573,3.9303
Detective Conan: Magician of the Silver Sky,"Animation, Mystery, Adventure",2004-04-17,7.0,3.5697
I Can Only Imagine 2,"Music, Drama",2026-02-19,8.34,3.712
Rogue City,"Crime, Thriller, Action, Drama",2020-10-30,5.9,3.6908
The Greatest Night in Pop,"Documentary, Music",2024-01-19,7.889,3.5814
Wingwomen,"Action, Comedy, Drama",2023-11-01,6.119,3.9391
Money Shot: The Pornhub Story,Documentary,2023-03-15,5.744,3.8855
Home Team,"Family, Comedy, Drama",2022-01-28,6.627,3.6995
No Limit,"Drama, Romance",2022-09-09,6.018,3.9925
The Wrong Missy,"Comedy, Romance",2020-05-13,6.125,3.7184
Detective Conan: Private Eye in the Distant Sea,"Animation, Action, Drama",2013-04-20,6.6,3.7353
My Name Is Vendetta,"Action, Crime, Adventure, Thriller",2022-11-30,6.616,4.2412
Love and Leashes,"Romance, Comedy",2022-02-11,6.752,3.9017
6 Days,"Action, Drama, History, Thriller",2017-07-09,6.044,3.8768
Hillbilly Elegy,Drama,2020-11-09,6.67,4.1954
Dragon,"Comedy, Romance, Drama",2025-02-21,7.356,3.6626
Death to 2020,Comedy,2020-12-27,6.504,3.9069
A Classic Horror Story,"Horror, Mystery",2021-07-01,5.844,3.76
Manhunt,"Action, Thriller, Crime, Adventure",2017-11-19,5.59,4.0473
Joe's College Road Trip,Comedy,2026-02-12,6.042,3.3263
Isn't It Romantic,"Comedy, Fantasy, Romance",2019-02-13,6.196,3.662
Buen Camino,"Comedy, Family, Adventure",2025-12-25,6.28,3.4138
Avicii - I'm Tim,"Documentary, Music",2024-06-09,8.112,3.9131
Marry My Dead Body,"Comedy, Action, Horror",2023-02-10,7.079,3.1282
Tall Girl 2,"Comedy, Romance, Drama",2022-02-10,5.737,4.5929
Paradise,"Science Fiction, Thriller",2023-06-24,6.509,4.3204
Pandora,"Thriller, Drama, Action",2016-12-07,7.537,3.7741
Je m'appelle Agneta,"Comedy, Drama, Romance",2026-04-28,6.718,3.3472
America: The Motion Picture,"Animation, Action, Comedy",2021-06-30,5.85,3.8524
GANTZ:O,"Animation, Science Fiction, Action, Drama",2016-10-14,7.369,3.5307
A Copenhagen Love Story,"Romance, Drama",2025-02-25,6.417,4.0471
The Kissing Booth 3,"Romance, Comedy",2021-08-11,6.854,3.7703
The Drug King,"Crime, Action, Drama",2018-12-19,6.276,3.8577
Election,"Crime, Drama, Thriller",2005-10-20,7.2,3.7059
Stand by Me Doraemon 2,"Animation, Adventure, Comedy, Science Fiction, Drama, Family, Fantasy",2020-11-20,7.824,3.7098
Approaching the Unknown,"Thriller, Drama, Science Fiction",2016-06-03,5.246,3.7774
The Machine,"Comedy, Action, Crime",2023-05-25,5.743,3.8454
Double Happiness,Drama,2026-02-17,6.3,3.7614
Detective Conan: The Private Eyes' Requiem,"Animation, Mystery, Adventure",2006-04-15,7.1,3.7068
Mother of the Bride,"Romance, Comedy",2024-05-08,5.852,3.7221
Maternal Instinct,"Documentary, Crime",2026-06-11,7.1,3.7077
Detective Conan: The Last Wizard of the Century,"Adventure, Animation, Crime, Drama, Mystery",1999-04-17,7.3,3.5393
Kidnapped: Elizabeth Smart,"Documentary, Crime",2026-01-20,7.277,3.5585
Let It Snow,"Romance, Comedy",2019-11-08,6.075,3.734
Poldi,Documentary,2026-06-04,6.6,3.9051
Revelations,"Thriller, Crime, Mystery",2025-03-20,6.385,3.3348
Hypnotic,"Thriller, Drama, Horror",2021-10-27,6.006,3.9136
Father Figures,Comedy,2017-12-21,5.778,3.8822
Bajrangi Bhaijaan,"Comedy, Drama, Adventure",2015-07-17,7.816,3.6668
NXT Heatwave 2026,Action,2026-08-30,6.8,3.7755
Good Grief,"Comedy, Drama",2023-12-29,6.194,3.661
Maestro,"Drama, Romance, Music",2023-11-22,6.236,3.8293
Colors of Evil: Red,"Crime, Thriller, Mystery",2024-05-29,6.704,3.7222
Maa Behen,"Comedy, Thriller, Drama",2026-06-04,6.864,3.7966
Mother/Android,"Science Fiction, Thriller",2021-12-17,5.753,3.5599
Against the Ice,"Drama, Adventure, History",2022-02-10,6.766,3.929
Mango,"Romance, Drama",2025-11-06,6.4,4.0062
The Magician's Elephant,"Animation, Adventure, Family, Fantasy, Comedy",2023-03-10,6.779,3.5383
Mudborn,"Horror, Thriller",2025-10-09,7.2,4.3661
Kuch Kuch Hota Hai,"Romance, Drama, Comedy",1998-10-16,7.469,4.0163
A Foggy Tale,Drama,2025-11-27,7.5,3.3586
The Week Of,Comedy,2018-04-27,5.468,3.9484
Maharaja,"Action, Thriller, Mystery",2024-06-14,7.7,3.9846
Wall to Wall,"Thriller, Drama",2025-07-17,6.164,4.1488
Family Pack,"Adventure, Comedy, Fantasy, Action, Family",2024-10-22,5.606,3.6085
Xtreme,"Action, Adventure, Crime",2021-06-04,6.346,3.9149
Haseen Dillruba,"Romance, Mystery, Thriller",2021-06-30,6.784,3.5425
Flavors of Youth,"Animation, Romance, Drama",2018-08-04,6.876,3.2562
Rim of the World,"Science Fiction, Adventure, Comedy, Action",2019-05-24,5.977,3.6291
Detective Conan: The Lost Ship in the Sky,"Animation, Crime, Mystery, Action",2010-04-17,7.1,3.4829
Evil Influencer: The Jodi Hildebrandt Story,Documentary,2025-12-30,6.213,4.2291
Hard Times,"Drama, Action, Crime",1975-08-13,6.838,3.358
Sly,Documentary,2023-09-16,7.21,4.1101
A Fall from Grace,"Drama, Thriller, Mystery",2020-01-17,6.985,3.7552
HiGH&LOW The Movie 2: End of Sky,Action,2017-08-19,7.4,4.4048
Made in Korea,Drama,2026-03-12,7.25,3.5444
Big Fish & Begonia,"Animation, Adventure, Fantasy",2016-07-08,7.326,3.3971
The Willoughbys,"Adventure, Animation, Comedy, Family, Fantasy",2020-04-22,7.045,3.7731
True Spirit,"Adventure, Drama, History",2023-01-26,6.996,4.5979
Feel the Beat,"Comedy, Music, Drama",2020-06-19,7.546,3.9148
Untold: The Death & Life of Lamar Odom,Documentary,2026-03-31,6.729,3.2775
Re/Member: The Last Night,Horror,2025-09-05,5.5,3.5656
18x2 Beyond Youthful Days,"Romance, Drama",2024-03-14,7.542,3.6749
Malcolm & Marie,"Drama, Romance",2021-01-29,6.995,3.5859
The Giant Falls,Drama,2026-04-01,7.4,3.2093
The Hand of God,Drama,2021-11-24,7.521,3.1256
Stolen,"Drama, Crime, Thriller",2024-04-12,6.292,3.3534
Wheelman,"Action, Crime, Thriller",2017-10-20,6.132,3.5281
Metal Lords,"Comedy, Drama, Music",2022-04-08,6.821,3.7377
Per Aspera Ad Astra,"Science Fiction, Drama, Adventure",2026-02-17,8.0,3.3786
Detective Conan: Full Score of Fear,"Animation, Action, Crime, Mystery",2008-04-19,6.919,3.3742
The Wrong Paris,"Romance, Comedy",2025-09-11,6.7,3.7734
Persuasion,"Romance, Drama, Comedy",2022-07-01,6.072,3.3605
Revenger,"Action, Crime, Thriller",2018-12-06,5.636,4.0465
The Stand In,Comedy,2020-12-03,5.302,3.3672
Y2K,"Science Fiction, Horror, Comedy",2024-12-06,5.156,3.3729
IO,Science Fiction,2019-01-18,4.982,3.7861
Irish Wish,"Romance, Comedy, Fantasy",2024-03-14,6.1,3.6585
Case Closed: The Crimson Love Letter,"Animation, Crime, Mystery, Action",2017-04-15,6.496,3.2818
God's Crooked Lines,"Drama, Mystery, Thriller",2022-10-06,7.296,3.727
Main Hoon Na,Drama,2004-04-30,6.622,3.498
The Soccer Football Movie,"Animation, Comedy, Family",2022-11-09,5.642,3.2966
Hot Girls Wanted,Documentary,2015-01-24,6.124,3.8066
A Boy Called Christmas,"Family, Adventure, Fantasy",2021-11-24,7.275,3.532
Kingdom: Return of the Great General,"Action, Adventure",2024-07-12,6.8,3.2809
Knight of Cups,"Drama, Romance, Fantasy",2015-09-10,5.7,3.3937
Detective Conan: The Scarlet Bullet,"Animation, Action, Crime, Mystery, Romance, Thriller",2021-04-16,6.5,3.6085
Louis Theroux: Inside the Manosphere,Documentary,2026-03-10,6.639,3.3619
Sikandar,"Action, Drama",2025-03-29,4.9,3.2842
Along for the Ride,"Romance, Drama",2022-05-06,6.665,3.1825
The Wages of Fear,Action,2024-03-28,6.206,3.4871
One Last Adventure: The Making of Stranger Things 5,Documentary,2026-01-11,7.2,3.8629
Spy Kids: Armageddon,"Family, Comedy, Adventure, Science Fiction",2023-09-22,5.93,3.473
Eat Pray Bark,Comedy,2026-04-01,5.8,3.2984
Nothing to Lose,"Action, Drama",2026-07-08,7.2,3.5245
Chupa,"Adventure, Fantasy, Family",2023-04-07,6.28,3.4916
Dolemite Is My Name,"Drama, Comedy, History",2019-10-04,6.966,3.8761
Jesus Revolution,"Drama, History",2023-02-23,6.924,3.1515
The Discovery,"Drama, Romance, Science Fiction, Thriller, Mystery",2017-03-31,6.258,3.5994
Horse Girl,Drama,2020-01-27,5.668,4.0945
A Time for Bravery,"Comedy, Action",2025-12-18,7.527,3.6322
Will & Harper,"Documentary, Comedy",2024-09-12,7.331,3.8194
The Siege of Jadotville,"War, Drama, Thriller",2016-09-19,7.102,3.8034
The Weekend Away,"Thriller, Mystery",2022-03-03,6.06,3.506
To the Bone,Drama,2017-01-22,7.2,3.5658
Art of Love,"Romance, Action, Drama",2024-03-13,6.409,3.6676
Om Shanti Om,"Comedy, Thriller, Drama",2007-11-07,7.107,3.4818
"Game Over, Man!","Action, Comedy",2018-03-23,5.472,3.8523
Child of Kamiari Month,"Animation, Drama, Fantasy, Family",2021-10-08,6.474,3.0345
Bounce,"Drama, Romance",2000-11-15,5.8,2.8529
Last Bullet,"Action, Crime, Thriller, Drama",2025-05-06,6.541,3.7057
Sextuplets,Comedy,2019-08-16,6.189,3.6713
Yaksha: Ruthless Operations,"Action, Crime, Thriller",2022-04-08,6.626,3.6453
On Your Lap,Drama,2025-11-06,8.0,3.3052
Mea Culpa,"Drama, Crime, Thriller",2024-02-22,5.7,3.1748
Naked,Comedy,2017-08-11,5.798,3.5476
Lust Stories 2,"Drama, Romance",2023-06-29,5.7,3.3933
Wild Sing,"Comedy, Music",2026-06-03,6.3,3.3627
Dr. Seuss's The Sneetches,"Animation, Family",2025-11-03,6.8,3.5493
Kleks Academy,"Fantasy, Adventure, Family",2024-01-05,5.903,3.3535
Toaster,"Comedy, Crime, Action",2026-04-15,5.986,3.2658
Case Closed: Zero the Enforcer,"Animation, Crime, Mystery, Action",2018-04-13,6.2,3.1621
Tau,"Science Fiction, Thriller, Horror",2018-06-29,6.165,3.8943
She Walks in Darkness,"Drama, Thriller",2025-10-03,6.716,3.1312
A Tourist's Guide to Love,"Romance, Comedy",2023-04-21,6.351,3.2645
Detective Conan: The Bride of Halloween,"Animation, Action, Crime, Mystery",2022-04-15,6.441,3.3982
Tin & Tina,"Horror, Thriller, Mystery",2023-03-24,5.9,3.6113
The Half of It,"Comedy, Romance, Drama",2020-05-01,7.1,3.2187
No More Bets,"Drama, Crime",2023-08-05,6.96,2.7905
Amaran,"Action, Drama, Adventure, War",2024-10-31,7.402,3.1032
Love at First Sight,"Romance, Drama",2023-09-15,7.254,3.2373
Sandy Wexler,"Comedy, Drama, Romance",2017-04-14,5.468,3.1411
"Angus, Thongs and Perfect Snogging","Comedy, Drama, Family, Romance",2008-07-25,6.48,3.3287
The Curse of Bridge Hollow,"Comedy, Horror",2022-10-14,6.501,3.4501
Pieces of a Woman,Drama,2020-12-30,7.01,3.1709
96 Minutes,"Action, Crime, Thriller",2025-09-05,6.219,3.2321
Dangerous Lies,Thriller,2020-04-30,6.267,3.7239
maboroshi,"Animation, Drama, Romance, Fantasy",2023-09-15,7.226,4.0758
The Rat Catcher,Comedy,2023-09-28,6.608,3.6251
Crew,Comedy,2024-03-29,6.774,3.3829
Trolls Holiday,"Adventure, Animation, Family, Fantasy",2017-11-01,6.7,3.3373
Darkness Falls,"Thriller, Horror",2003-01-24,5.628,3.3927
Animal Crackers,"Comedy, Animation, Adventure, Family, Fantasy",2018-07-21,6.371,3.308
Love Hard,"Comedy, Romance",2021-11-05,6.928,3.5313
Make Me Believe,"Romance, Comedy",2023-06-23,6.405,3.2374
Katt Williams: The Last Report,Comedy,2026-02-10,5.727,3.5029
Thundu,"Comedy, Drama",2024-02-16,4.7,3.0069
Gatta Kusthi,"Comedy, Drama",2022-12-02,5.774,3.879
The Front Runner,"Drama, History",2018-11-06,5.911,3.2973
High & Low The Movie,Action,2016-07-16,6.5,3.7616
Mai,"Romance, Drama",2024-02-10,7.063,3.4905
Once Upon a Crime,"Fantasy, Comedy, Crime",2023-09-13,6.275,3.1952
Bubble,"Animation, Adventure, Science Fiction, Fantasy",2022-02-14,7.266,3.7094
Lost in Starlight,"Animation, Romance, Science Fiction, Drama",2025-05-30,7.375,3.3448
Biker,"Adventure, Drama, Family",2026-04-03,6.2,3.3773
The Dirt,"Drama, Music, Comedy",2019-03-18,7.436,3.5134
The Chalk Line,"Horror, Mystery",2022-09-09,6.4,3.452
Ghost in the Shell: SAC_2045 Sustainable War,"Animation, Action, Science Fiction",2021-12-21,6.787,3.7857
The Roast of Kevin Hart,Comedy,2026-05-10,6.0,3.3135
Fatherhood,"Drama, Comedy",2021-06-18,7.485,3.2292
Election 2,"Drama, Crime, Thriller",2006-04-27,7.445,3.6761
Iron Man: Rise of Technovore,"Science Fiction, Animation, Action",2013-04-24,6.2,3.0677
Bad Trip,Comedy,2021-03-25,6.118,3.0695
Gatao 2: Rise of the King,"Action, Drama, Crime",2018-02-14,5.85,3.5216
White Fang,"Animation, Family",2018-03-28,7.366,3.4811
Hot Frosty,"Romance, Comedy",2024-11-12,5.913,2.9841
A Merry Little Ex-Mas,"Romance, Comedy",2025-11-12,6.0,3.2083
Kantara,"Action, Adventure, Thriller",2022-09-30,7.2,3.3012
Forces of Nature,"Romance, Comedy",1999-03-12,5.465,3.0785
The Takedown,"Comedy, Action",2022-05-06,6.065,3.9554
The Plastic Detox,Documentary,2026-03-16,6.9,2.9445
Sumala,"Horror, Thriller",2024-09-26,7.258,3.2782
Someone Great,"Comedy, Romance",2019-04-19,6.371,3.2023
Cruel Intentions 2,Drama,2000-11-09,5.086,3.5443
The White Tiger,"Drama, Crime, Mystery",2021-01-13,6.985,3.1238
The Lady in the Van,"Comedy, Drama",2015-10-30,6.403,2.7858
Sister Death,"Drama, Horror",2023-10-05,6.022,3.3004
The Art of War II: Betrayal,"Action, Thriller",2008-08-12,4.675,3.5717
Veer-Zaara,"Drama, Romance",2004-11-12,7.483,2.9266
Secret Obsession,"Drama, Thriller, Horror",2019-07-18,5.529,3.1266
Funky,"Comedy, Romance, Drama",2026-02-13,6.667,3.0478
Unicorn Store,"Fantasy, Drama, Comedy",2017-09-11,5.896,2.9289
The Casagrandes Movie,"Animation, Comedy, Family",2024-03-21,7.057,3.5193
The Lovebirds,"Romance, Comedy",2020-05-22,6.097,3.1539
Grudge,"Thriller, Drama",2021-10-08,6.061,3.3509
It Takes a Village,"Romance, Comedy",2026-04-01,5.222,3.238
The Monster at the End of This Story,"Family, Animation",2020-10-29,5.4,2.5436
Off Track,"Comedy, Drama",2022-01-28,6.1,3.4639
Beasts of No Nation,"Drama, War",2015-09-11,7.583,3.145
The Loud House Movie,"Animation, Family, Comedy, Fantasy",2021-08-20,7.232,3.2911
The Seven Deadly Sins: Cursed by Light,"Animation, Fantasy",2021-07-02,7.7,3.2831
My Octopus Teacher,Documentary,2020-09-04,7.892,2.5859
Bunny!!,"Romance, Drama, Thriller",2026-02-17,7.0,3.3655
27 Nights,Comedy,2025-09-19,6.4,3.4435
Seaspiracy,"Documentary, Crime",2021-03-24,7.79,3.0126
Jackass 4.5,"Comedy, Action, Documentary",2022-05-20,6.425,3.3283
"My Father, the BTK Killer","Crime, Documentary",2025-10-09,6.7,2.9329
BLAME!,"Action, Drama, Science Fiction, Animation",2017-05-20,6.527,3.2946
Svaha: The Sixth Finger,"Horror, Mystery, Thriller, Crime",2019-02-20,6.722,3.682
Dog Gone,"Family, Adventure, Drama",2023-01-12,6.226,3.144
Detective Conan: Strategy Above the Depths,"Animation, Mystery",2005-04-09,6.903,3.4534
Jingle Bell Heist,"Romance, Crime, Comedy",2025-11-25,6.009,3.3275
Higher Learning,"Drama, Crime, Thriller",1995-01-11,6.327,3.0511
Shimmer Lake,"Thriller, Crime, Drama, Mystery",2017-06-09,5.936,3.3518
Creep 2,"Horror, Thriller",2017-10-06,6.338,3.3148
Earthquake Bird,"Drama, Mystery, Romance, Thriller",2019-11-01,5.916,3.6546
The Outsider,"Crime, Drama, Mystery",2018-03-09,6.152,3.4307
The Kitchen,"Science Fiction, Thriller, Drama, Adventure, Comedy",2023-10-15,4.812,3.6705
The Takeover,"Action, Crime, Thriller",2022-11-01,5.699,3.2865
Ek Tha Tiger,"Action, Thriller, Romance",2012-08-15,6.2,3.1652
First Sunday,"Comedy, Action",2008-01-11,5.615,3.1057
The Rose of Versailles,"Animation, Romance, Drama, History",2025-01-31,7.037,3.0665
Clika,"Music, Drama",2026-01-22,8.244,2.9263
The Tinder Swindler,"Documentary, Crime",2022-02-02,6.958,3.3369
Blood & Gold,"Action, Drama, War",2023-04-21,6.651,3.204
The Children's Train,Drama,2024-10-21,7.425,3.0091
The Trapped 13: How We Survived The Thai Cave,Documentary,2022-10-05,6.418,3.2457
Bison Kaalamaadan,"Drama, Action",2025-10-17,7.35,3.1731
Forgotten Love,"Drama, Romance",2023-09-26,7.816,2.6648
Ad Vitam,"Action, Crime, Drama",2025-01-09,6.228,3.0918
The Truth and Tragedy of Moriah Wilson,"Documentary, Crime",2026-03-19,7.442,2.9183
The Marksman,"Action, Adventure, Thriller",2005-10-12,5.322,3.4192
Kongsi Raya,"Comedy, Family",2022-02-03,6.8,3.6504
The Fast and the Furious: Tokyo Drift,"Action, Crime, Thriller",2006-06-03,6.557,3.4099
Cunk on Life,"Comedy, TV Movie",2024-12-05,7.392,3.1942
The Package,Comedy,2018-08-10,5.91,3.2863
Call Me Mother,"Comedy, Drama",2025-12-25,6.5,3.0234
The Starling,Drama,2021-09-17,6.905,3.1822
Zom 100: Bucket List of the Dead,"Comedy, Horror",2023-08-03,6.553,3.0387
This Is I,"Drama, Music",2026-02-09,7.1,2.5586
Mother's Day,"Thriller, Action",2023-05-24,5.8,3.1409
His House,"Horror, Drama",2020-01-27,6.407,3.0216
Tee Yai: Born to Be Bad,"Crime, Action, Drama",2025-11-12,5.6,3.454
The Princess Switch,"Romance, Comedy",2018-10-25,6.98,3.4447
Gangubai Kathiawadi,"Crime, Drama",2022-02-24,7.467,2.6088
Bugsy,"Crime, Drama, Mystery",1991-12-10,6.342,3.1415
Fullmetal Alchemist: The Revenge of Scar,"Fantasy, Action, Adventure",2022-05-20,6.51,2.8009
Kal Ho Naa Ho,"Comedy, Drama, Romance",2003-11-27,7.467,2.8505
Dear David,"Drama, Romance, Fantasy",2023-02-09,6.148,3.1694
The Guernsey Literary & Potato Peel Pie Society,"Romance, Drama, History",2018-04-19,7.392,3.0782
Going the Distance,"Comedy, Drama, Romance",2010-08-27,6.093,3.1302
Choose or Die,"Horror, Thriller, Science Fiction",2022-04-15,5.242,3.4519
Mike Epps: Delusional,Comedy,2026-01-27,6.429,3.1962
My Girl 2,"Comedy, Family",1994-02-11,6.062,2.8916
The Princess Switch: Switched Again,"Family, Romance, Comedy, TV Movie",2020-11-19,6.774,3.0481
Money Heist: The Phenomenon,Documentary,2020-04-03,7.443,2.8722
Jana Gana Mana,"Crime, Thriller, Drama",2022-04-28,7.299,2.9819
Hichki,"Drama, Comedy",2018-03-23,7.585,2.9014
My Name Is Loh Kiwan,"Romance, Drama",2024-02-19,7.27,2.8175
The Sleepover,"Family, Action",2020-08-21,6.384,2.9668
The Heart Knows,"Romance, Drama",2025-05-30,6.75,3.6451
Cruel Intentions 3,Drama,2004-08-10,4.82,3.0251
Do Deewane Seher Mein,"Romance, Drama, Comedy",2026-02-20,6.353,3.074
Apollo 10½: A Space Age Childhood,"Animation, Comedy, Drama",2022-03-24,7.004,2.8776
Champagne Problems,"Romance, Comedy",2025-11-18,6.1,3.2709
Kinda Pregnant,"Comedy, Romance",2025-02-04,5.6,3.0791
Under Her Control,Drama,2022-04-29,5.266,3.2247
The Strays,Thriller,2023-02-17,5.455,2.8753
Shaun the Sheep: The Flight Before Christmas,"Animation, Comedy, Family",2021-12-03,6.973,3.2588
Windfall,"Thriller, Crime, Drama",2022-03-11,5.47,3.3456
Viking Wolf,"Horror, Thriller, Mystery",2022-11-18,5.818,3.1104
Marmaduke,"Animation, Family, Comedy, Adventure",2022-04-28,5.01,3.0478
The Last Mercenary,"Action, Comedy",2021-07-30,6.352,3.4623
His Three Daughters,"Drama, Comedy",2024-09-05,6.809,3.4247
The Fable: The Killer Who Doesn't Kill,"Action, Comedy, Crime",2021-02-05,7.005,3.3108
From the Ashes: The Pit,"Thriller, Drama",2026-01-21,4.22,3.1612
Love on Delivery,"Comedy, Action",1994-02-04,7.0,3.2232
Love Tactics,"Romance, Comedy",2022-02-11,7.1,3.2898
No One Gets Out Alive,"Horror, Mystery, Thriller",2021-09-29,5.846,3.0076
Restless,"Action, Thriller, Crime",2022-02-25,6.088,3.0552
Padmaavat,"Drama, History, Romance",2018-01-25,6.921,3.0617
Steve,Drama,2025-09-19,6.397,2.8974
Gold Rush Gang,"Action, Comedy, Drama, Western",2025-08-19,6.959,3.1089
Sweet & Sour,"Drama, Romance, Comedy",2021-06-04,7.7,3.0694
Kingdom,"Action, Thriller, Drama",2025-07-30,6.061,3.238
The Fundamentals of Caring,"Comedy, Drama",2016-06-16,7.286,2.6444
Tyler Perry's A Madea Homecoming,"Comedy, Drama",2022-02-25,6.731,3.0223
5 Flights Up,Drama,2014-05-10,6.018,2.9581
Drifting Home,"Animation, Fantasy, Adventure",2022-09-09,7.36,3.3713
The Last Days of American Crime,"Action, Crime, Thriller",2020-06-05,6.448,3.4441
Dunki,"Adventure, Comedy, Drama",2023-12-21,6.318,3.1257
Rescued by Ruby,"Family, Drama",2022-03-17,7.513,3.1867
Tune in for Love,"Romance, Drama",2019-08-28,7.723,2.9333
Finding ʻOhana,"Adventure, Action, Comedy, Family",2021-01-29,6.2,2.883
Mahavatar Narsimha,"Animation, Action, Fantasy, Drama",2025-07-25,7.407,2.7135
Jumping the Broom,Comedy,2011-05-06,5.891,3.044
Falling for Christmas,"Romance, Comedy, Family",2022-11-10,6.191,3.2391
The Paramedic,"Thriller, Drama, Crime",2020-09-16,6.037,3.1889
Veronica,Horror,2017-08-25,6.246,3.3923
Invader Zim: Enter the Florpus,"Animation, Comedy, Science Fiction",2019-08-16,7.416,3.262
Mrithyunjay,"Thriller, Crime, Action",2026-03-06,5.7,2.6424
The Mirror Has Two Faces,"Comedy, Drama, Romance",1996-11-15,6.729,2.8031
Secret Magic Control Agency,"Animation, Comedy, Fantasy",2021-03-18,7.005,2.8936
Hard Feelings,Comedy,2023-05-24,5.836,2.9796
KillTonyMania,Comedy,2026-04-20,7.0,2.8583
Stolen: Heist of the Century,"Documentary, Crime",2025-08-07,6.989,2.9536
GATAO: Like Father Like Son,"Crime, Action",2024-08-16,7.344,2.9402
WHAM!,"Documentary, Music",2023-06-27,7.292,2.8782
Sound of Silence,"Drama, Crime",2025-10-02,7.0,2.8461
Words Bubble Up Like Soda Pop,"Animation, Romance, Drama",2021-07-22,7.341,2.9675
Sentinelle,"Thriller, Action, Drama",2021-03-05,5.833,3.0319
Mohabbatein,"Drama, Romance",2000-10-27,7.1,2.9702
22 July,"Crime, Drama, History, Thriller",2018-10-04,7.1,2.8269
Quarantine 2: Terminal,"Horror, Mystery, Science Fiction",2011-06-16,5.712,3.1255
Banger,"Comedy, Music",2025-04-01,4.769,2.7583
Dead Talents Society,"Horror, Comedy",2024-08-07,6.9,2.799
Asphalt Burning,"Action, Comedy",2020-10-14,5.6,3.0297
Wine Country,Comedy,2019-05-08,5.503,2.9234
Untold UK: Vinnie Jones,"History, Documentary",2026-05-26,6.188,2.9425
Silverton Siege,"Action, Crime, Drama",2022-04-27,6.303,2.9867
Kingdom,"Action, Adventure, War, History, Fantasy",2019-04-19,7.245,2.8948
Shutter,"Horror, Mystery, Thriller",2025-10-30,5.8,2.7201
In Youth We Trust,"Action, Drama, Crime",2024-11-28,6.455,2.3793
Instadocs: The Prediction Games,Documentary,2026-07-26,6.4,2.9898
Homebound,Drama,2025-09-26,7.7,2.9615
The Heartbreak Agency,"Romance, Drama, Comedy",2024-02-13,5.5,2.8647
Ride or Die,"Drama, Romance, Thriller",2021-04-15,6.652,2.7884
Stephen,"Thriller, Mystery",2025-12-05,6.58,3.1692
French Lover,"Romance, Comedy",2025-09-25,6.039,2.7214
The Seven Deadly Sins: Grudge of Edinburgh Part 2,"Action, Adventure, Fantasy, Animation",2023-08-08,7.216,2.825
The Diplomat,"Thriller, Drama",2025-03-07,6.543,2.7423
The Noel Diary,"Romance, Comedy, Drama",2022-11-24,6.298,2.7048
Lucid Dream,"Science Fiction, Thriller",2017-02-22,6.426,2.9915
Pennum Porattum,"Comedy, Drama",2026-02-13,5.75,2.6289
The Critic,"Thriller, Crime, Drama, Mystery",2024-09-13,5.806,2.6869
More the Merrier,"Comedy, Romance",2021-07-30,6.625,2.9701
Rab Ne Bana Di Jodi,"Comedy, Drama, Romance",2008-12-11,7.095,2.8562
My Secret Santa,"Comedy, Romance",2025-12-02,6.226,2.8553
Mission: Cross,"Action, Comedy",2024-08-08,6.976,2.916
The Knight Before Christmas,"Comedy, Romance",2019-11-21,6.354,2.9704
Players,"Romance, Comedy",2024-02-13,6.042,2.986
Resort to Love,"Romance, Comedy",2021-07-29,7.124,2.7289
Happy Ending,"Romance, Comedy",2023-09-01,5.73,2.9308
Schumacher,Documentary,2021-09-14,7.273,2.8804
Jaat,"Crime, Action, Thriller",2025-04-10,6.3,3.0965
Edis Starlight,"Documentary, Music",2021-09-30,6.8,3.3398
A Babysitter's Guide to Monster Hunting,"Family, Fantasy, Adventure, Comedy",2020-10-14,6.2,2.754
With Love,"Romance, Comedy",2026-02-06,6.78,2.6974
NYAD,"Drama, History",2023-10-18,7.077,2.6933
37 Seconds,Drama,2019-02-09,7.3,2.5255
The Corpse Washer,"Horror, Drama, Thriller",2024-02-22,6.6,2.9845
Jaadugar,"Comedy, Drama, Romance",2022-07-15,6.539,2.8321
Love Like the Falling Petals,"Drama, Romance",2022-03-24,7.95,2.7542
Sing Geetham,"Comedy, Music, Drama",2026-06-10,8.0,2.7627
Narvik,"War, Drama, History, Action",2022-12-25,6.766,3.0192
AKA,Action,2023-04-28,6.862,3.0638
"The Rise of the Red Hot Chili Peppers: Our Brother, Hillel","Documentary, Music",2026-03-13,7.256,2.8329
The Shadow in My Eye,"War, Drama, History",2021-10-28,7.796,2.648
Octonauts & the Ring of Fire,"Family, Animation, Adventure",2021-01-08,6.3,2.719
Special Correspondents,Comedy,2016-04-22,5.787,3.0863
Calibre,"Thriller, Drama",2018-06-22,6.474,2.6652
The Piano Lesson,Drama,2024-11-07,5.83,2.8563
My Father's Dragon,"Animation, Adventure, Family, Fantasy, Comedy",2022-11-04,7.016,2.7712
Ejen Ali: The Movie 2,"Animation, Action, Adventure, Comedy, Family, Mystery, Science Fiction, Thriller",2025-05-22,8.0,2.4033
American Outlaws,"Western, Action",2001-08-17,5.914,2.7144
Beyond the Universe,"Romance, Drama, Music",2022-10-26,7.93,2.6296
Latte and the Magic Waterstone,"Animation, Adventure, Family, Comedy",2019-12-11,6.58,2.9076
Death to 2021,"Comedy, TV Movie",2021-12-27,5.977,3.096
Trainwreck: Mayor of Mayhem,Documentary,2025-06-16,6.565,2.5437
The Perfect Find,"Romance, Comedy",2023-06-23,6.1,2.4913
"One Piece: Episode of Chopper Plus: Bloom in the Winter, Miracle Cherry Blossom","Action, Animation, Adventure, Comedy",2008-03-01,7.0,2.7113
Swades,Drama,2004-12-17,7.343,2.7755
La Dolce Villa,"Romance, Comedy",2025-02-12,6.342,2.8359
Ricky Gervais: Armageddon,Comedy,2023-12-01,7.088,2.7793
The Remarkable Life of Ibelin,"Documentary, Animation",2024-03-08,8.093,2.7817
Jimmy Carr: Natural Born Killer,Comedy,2024-04-15,6.361,2.9268
Honeymoonish,"Romance, Comedy",2024-04-29,6.793,2.5536
The Night My Dad Saved Christmas 2,"Comedy, Family",2025-12-05,5.5,2.7644
RDX: Robert Dony Xavier,"Action, Drama",2023-08-25,6.719,2.6309
The Meyerowitz Stories (New and Selected),"Comedy, Drama",2017-10-13,6.462,2.5154
The Most Beautiful Girl in the World,"Comedy, Drama, Romance",2025-02-13,6.595,2.6494
End of the Road,"Drama, Thriller",2022-09-09,5.979,2.7783
The 8th Night,"Mystery, Thriller, Horror",2021-07-02,6.2,2.5347
Kingdom III: The Flame of Destiny,"Action, Adventure, War",2023-07-28,7.518,2.5502
Dude,"Action, Comedy, Drama, Romance",2025-10-17,5.51,2.7238
Sniper: Legacy,"Thriller, Action",2014-09-30,6.009,3.0012
Thugs of Hindostan,"Adventure, Action",2018-11-07,5.547,3.6739
Beckett,"Crime, Action, Thriller, Mystery",2021-08-04,6.16,2.9896
Tammy,Comedy,2014-07-02,5.348,2.4969
First They Killed My Father,"War, Drama, History",2017-02-18,7.371,2.9248
Super/Man: The Christopher Reeve Story,Documentary,2024-09-21,8.069,2.8689
Cadaver,"Drama, Horror, Thriller",2020-10-22,5.637,2.7797
Collision,"Thriller, Crime, Drama",2022-06-16,5.846,3.0601
Beast,"Action, Comedy",2022-04-12,5.188,2.6955
Justice,Crime,2024-10-15,6.536,2.733
The Invisible Guardian,"Thriller, Crime, Mystery",2017-03-03,6.5,2.8564
The Imaginary,"Animation, Adventure, Drama, Family, Fantasy",2023-12-15,7.598,2.656
Eli,Horror,2019-10-18,6.001,2.7515
Daddy's in Trouble,Comedy,2026-04-23,7.2,2.6366
14 Peaks: Nothing Is Impossible,Documentary,2021-11-12,7.3,2.6352
Rebecca,"Romance, Drama, Mystery, Thriller",2020-10-16,6.29,2.666
13: The Musical,"Family, Drama, Comedy",2022-08-12,5.957,2.3301
Falling Inn Love,"Romance, Comedy",2019-08-29,6.525,2.6224
The Big 4,"Action, Comedy, Crime, Thriller",2022-12-19,6.772,2.6923
Elena Knows,Drama,2023-11-16,6.054,2.9932
Closing Dynasty,Drama,2022-06-08,6.615,2.568
Gandu,Drama,2010-10-29,5.279,3.1564
House Arrest,Comedy,2019-11-15,6.344,3.0041
BLACKPINK: Light Up the Sky,"Documentary, Music",2020-10-14,8.165,2.3396
Time to Hunt,"Drama, Action, Thriller",2020-02-22,7.12,3.0164
The Yin-Yang Master: Dream of Eternity,"Action, Drama, Fantasy, Mystery, Science Fiction",2020-12-24,7.2,2.8263
"Love, Guaranteed","Romance, Comedy",2020-09-02,6.372,2.8518
Alien Xmas,"Animation, Family, Fantasy, Comedy, Science Fiction",2020-11-20,6.4,2.8924
"Look Out, Officer!","Action, Comedy, Crime, Fantasy",1990-07-27,6.3,3.0743
Twin Murders: The Silence of the White City,"Drama, Thriller",2019-10-25,5.646,2.4503
Jingle Jangle: A Christmas Journey,"Family, Fantasy, Music",2020-11-06,6.543,2.7592
De De Pyaar De 2,"Comedy, Romance",2025-11-13,6.667,2.4787
2 Fast 2 Furious,"Action, Crime, Thriller",2003-06-05,6.52,2.7002
High & Low The Worst X,Action,2022-09-09,7.514,2.7233
Coffee & Kareem,"Comedy, Action, Crime",2020-04-03,5.435,2.9876
Sharkdog’s Fintastic Halloween,"Animation, Fantasy, Family",2021-10-15,5.2,2.1297
When We First Met,"Comedy, Romance, Fantasy",2018-02-08,6.558,2.6847
Bigbug,"Science Fiction, Comedy",2022-02-11,5.263,2.7626
Believer 2,"Thriller, Action, Crime",2023-10-05,6.707,2.9317
Little Evil,"Horror, Comedy",2017-08-08,5.569,2.8266
One Piece: Stampede,"Animation, Action, Adventure, Fantasy",2019-01-03,7.77,2.7817
Untold: Chess Mates,Documentary,2026-04-07,6.886,2.9149
Lovesick,"Romance, Drama",2025-04-02,7.2,2.693
HiGH&LOW The Movie 3: Final Mission,"Action, Drama",2017-11-11,6.9,3.292
100 Meters,"Comedy, Drama",2016-11-04,7.383,2.8592
A Normal Woman,"Thriller, Drama, Horror",2025-07-23,5.934,2.9174
A Week Away,"Drama, Music, Romance, Comedy",2021-03-26,6.889,2.6884
Mikael: Hunter of Two Realms,"Action, Comedy, Horror, Fantasy, Thriller",2026-04-02,6.6,2.3797
Between Two Ferns: The Movie,Comedy,2019-09-20,5.919,2.6618
Hunger,Drama,2023-04-04,7.211,3.084
Head Full of Honey,Drama,2018-11-30,6.36,2.6662
Blue Miracle,"Adventure, Drama, Family",2021-05-27,7.3,2.739
Super Monsters: Once Upon a Rhyme,Animation,2021-06-01,6.07,2.4322
Small Crimes,"Drama, Comedy, Thriller, Crime",2017-04-28,5.364,2.8713
Same Day with Someone,"Romance, Comedy, Fantasy",2025-09-17,7.6,2.4878
The Son of a Thousand Men,Drama,2025-10-30,7.5,2.495
The Perfect Neighbor,"Crime, Documentary",2025-10-10,6.806,3.2299
Bo Burnham: Inside,Comedy,2021-07-22,7.964,2.4525
Yeh Jawaani Hai Deewani,"Romance, Comedy",2013-05-31,7.299,2.7604
Work It,"Comedy, Music",2020-08-07,7.488,3.0699
Tonight You're Sleeping with Me,"Romance, Drama",2023-03-01,6.014,2.7447
Dhoom Dhaam,Comedy,2025-02-13,7.035,2.3553
Annaatthe,"Action, Family, Drama",2021-11-04,4.7,2.3804
Hi Nanna,"Drama, Family, Romance",2023-12-07,7.952,2.6317
Steel Rain,"Action, Thriller",2017-12-14,7.068,2.4607
Entergalactic,"Animation, Romance, Music, Comedy",2022-09-28,7.711,2.6039
Passing,Drama,2021-10-27,6.279,2.2938
Furioza,"Action, Crime, Drama",2021-10-22,6.34,2.6411
Overhaul,"Action, Thriller, Drama",2023-08-28,6.786,2.678
Breakdown: 1975,Documentary,2025-12-18,6.823,2.7166
Iratta,"Drama, Thriller",2023-02-03,6.885,2.6188
The Singers,"Music, Drama, Comedy",2026-02-17,6.8,2.4008
Two,"Thriller, Horror",2021-07-23,5.391,2.7692
You Get Me,"Thriller, Romance, Drama",2017-06-19,5.6,2.8517
Aśoka,"Action, Adventure, Drama, History, Romance, War",2001-09-13,6.494,2.495
The Forest of Love,"Crime, Thriller",2019-10-10,6.3,2.2941
AFI Life Achievement Award: A Tribute to Eddie Murphy,Documentary,2026-05-31,5.333,2.4901
Eurovision Song Contest: The Story of Fire Saga,"Music, Comedy",2020-06-26,6.402,2.6157
Voyeur,"Documentary, Crime",2017-10-04,5.891,2.4708
JOY,Drama,2024-11-15,6.922,2.7075
Untold: Jail Blazers,Documentary,2026-04-14,6.833,2.3734
Dil To Pagal Hai,"Drama, Romance, Comedy",1997-10-30,6.906,2.8382
My Boo,"Romance, Comedy, Horror",2024-05-01,6.19,2.8458
The Love Scam,"Comedy, Romance",2025-01-01,6.44,2.3041
Moxie,"Comedy, Drama, Music",2021-03-03,7.189,2.6404
Head to Head,"Comedy, Thriller, Action",2023-08-03,6.336,2.789
5 Bomoh,Comedy,2026-06-04,5.0,2.6244
Jackass 3.5,"Comedy, Documentary, Action",2011-04-01,6.375,2.551
Hellhole,"Horror, Mystery",2022-10-26,6.137,2.7904
Tomcats,"Comedy, Romance",2001-03-30,5.129,2.538
Raat Akeli Hai - The Bansal Murders,"Thriller, Mystery, Crime, Drama",2025-11-27,6.1,2.5058
Happiness for Beginners,"Romance, Adventure, Comedy, Drama",2023-07-23,6.149,2.6515
War,"Action, Thriller, Adventure",2019-10-02,6.757,3.1263
18 Pages,Romance,2022-12-23,5.231,2.6111
Akhanda 2: Thaandavam,"Action, Drama",2025-12-12,6.1,2.4942
Shark Whisperer,Documentary,2025-06-30,6.659,2.5528
Cells at Work!,"Fantasy, Comedy, Adventure, Action",2024-12-13,7.7,2.7737
Trust,"Thriller, Horror",2025-08-22,5.395,2.4865
Outside,"Horror, Thriller",2024-10-16,6.112,2.7193
Our Little Secret,"Romance, Comedy, Drama",2024-11-27,6.21,2.2794
Nobody Sleeps in the Woods Tonight,"Comedy, Horror",2020-03-20,5.223,2.622
Thug Life,"Action, Crime, Drama",2025-06-04,5.0,2.3563
Eko,"Drama, Mystery",2025-11-21,7.306,2.8678
Haikyu!! the Movie: The End and the Beginning,"Animation, Drama",2015-07-03,8.402,2.77
The Last Summer,"Romance, Comedy",2019-05-03,6.004,2.6854
Vadh 2,"Crime, Drama, Thriller",2026-02-06,5.6,2.8258
Road To High & Low,"Action, Drama",2016-05-07,5.4,3.5933
"Justice, My Foot!","Comedy, Action, Crime",1992-07-02,6.7,2.4662
My Oni Girl,"Animation, Fantasy, Adventure, Family",2024-05-24,7.226,2.6348
Monsters 103 Mercies Dragon Damnation,"Animation, Action, Fantasy, Adventure",2024-01-21,7.194,2.2939
The Perfection,"Horror, Thriller, Drama",2018-09-20,6.427,2.3558
Like Father,Drama,2018-08-03,6.21,2.8287
Always Be My Maybe,"Romance, Comedy",2019-05-31,6.638,2.4829
Area 51,"Horror, Mystery, Science Fiction",2015-05-15,5.004,2.4593
Champion,"History, Drama",2025-12-25,6.8,2.6567
Blood Vessel,"Thriller, Drama",2023-12-08,6.871,2.8364
The Final: Attack on Wembley,Documentary,2024-05-07,6.4,2.4632
Sleeping Princess,"Romance, Comedy, Fantasy",2024-08-15,6.026,2.5517
Miss Americana,"Documentary, Music",2020-01-31,7.815,2.624
Breaking and Re-entering,"Action, Comedy",2024-02-08,6.038,2.763
Ante... Sundaraniki!,"Comedy, Romance, Family",2022-06-10,7.104,2.456
Wanda Sykes: Legacy,Comedy,2026-05-19,6.25,2.1796
Let Go,Drama,2024-11-01,7.88,2.7532
OMG! Oh My Girl,"Romance, Comedy",2022-10-27,6.6,2.3253
Good Bad Ugly,"Action, Crime, Comedy",2025-04-09,5.9,2.3201
Deva,"Action, Thriller, Mystery, Crime",2025-01-31,6.2,2.4834
Noah Kahan: Out of Body,"Documentary, Music",2026-03-16,8.571,2.1178
Untold: Deal with the Devil,Documentary,2021-08-17,6.915,2.1703
HIT: The Third Case,"Crime, Thriller, Action",2025-04-30,6.697,2.8668
Don't Listen,"Drama, Horror, Thriller",2020-07-24,6.432,2.4992
EVANGELION: DEATH (TRUE)²,"Animation, Science Fiction, Action, Drama",1998-03-07,6.8,2.4396
Fatal Affair,Thriller,2020-07-16,5.707,2.8353
Organ Child,"Action, Drama, Crime",2025-04-11,6.014,2.5505
Candy Jar,"Comedy, Drama, Romance",2018-04-27,6.12,2.4889
Ocean Waves,Romance,1995-12-25,8.0,2.4254
Office Invasion,"Science Fiction, Comedy",2022-08-10,5.382,2.4566
Anonymously Yours,"Drama, Romance",2021-12-10,7.519,2.6037
Love and Wine,"Romance, Comedy",2025-12-05,7.0,2.5453
Mass Jathara,"Action, Crime, Thriller",2025-10-31,4.5,2.5722
Mudbound,Drama,2017-11-16,7.354,2.3843
Boxer,Drama,2024-09-10,7.0,2.1805
Untold: The Shooting at Hawthorne Hill,Documentary,2026-04-21,6.184,2.225
The Summit of the Gods,"Animation, Adventure, Mystery",2021-09-22,7.726,2.7462
Alex Strangelove,"Comedy, Drama",2018-04-16,6.6,2.3107
The Paradise of Thorns,"Drama, Thriller",2024-08-22,7.7,2.7045
The Redeem Team,Documentary,2022-10-07,7.394,2.4135
11 Rebels,"Action, Drama, History, Thriller",2024-11-01,7.0,1.9702
Rose Island,"Comedy, Adventure",2020-12-09,7.039,2.3772
Taylor Tomlinson: Prodigal Daughter,Comedy,2026-02-24,7.091,2.3741
Paper Lives,Drama,2021-03-12,7.975,2.598
Monster,"Crime, Drama",2021-07-15,6.403,2.4583
El Conde,"Fantasy, Comedy, Horror",2023-09-07,6.12,2.3435
Ustaad Bhagat Singh,"Action, Comedy, Drama",2026-03-18,5.8,2.3746
My Dead Friend Zoe,"Comedy, War, Drama",2024-03-09,6.305,2.5811
Juwanna Mann,Comedy,2002-06-21,5.129,2.3341
Chris Rock: Selective Outrage,Comedy,2023-03-04,6.145,2.7865
Heart of the Hunter,Action,2024-03-28,5.8,2.5549
Vini Jr.,Documentary,2025-05-15,6.0,2.5652
Icarus,Documentary,2017-06-03,7.642,2.7441
A Special Memory,"Romance, Drama",2026-03-11,0.0,2.377
Soulcatcher,"Action, Thriller",2023-08-02,6.357,2.3888
Dragon Quest: Your Story,"Animation, Adventure, Comedy, Fantasy, Action, Family",2019-08-02,6.8,2.3746
The Devil on Trial,"Documentary, Drama, Crime",2023-10-17,5.891,2.7515
Norm Macdonald: Nothing Special,"Comedy, Documentary",2022-05-30,6.58,2.9569
Dynasty Warriors,"Action, Adventure, Fantasy",2021-04-27,5.847,2.5506
Baramulla,Horror,2025-11-06,5.925,2.4805
Bruised,"Drama, Action",2021-11-17,6.816,2.6069
Goyo,"Drama, Romance, Comedy",2024-06-27,7.03,2.371
There's Someone Inside Your House,"Horror, Mystery",2021-09-24,5.327,2.6931
"Hello, Goodbye, and Everything in Between","Romance, Drama",2022-07-05,6.142,2.6901
Until She Remembers,"Drama, Romance",2026-02-25,0.0,2.2732
How I Became a Superhero,"Science Fiction, Adventure, Action, Comedy, Thriller",2020-11-19,6.105,2.5254
Perdida,"Drama, Mystery, Crime",2018-04-19,6.1,2.5226
A Mighty Wind,"Comedy, Music",2003-04-16,6.784,2.4006
Dangerous Liaisons,"Drama, Romance",2022-07-08,5.9,2.3492
Chhaava,"History, Action, Drama",2025-02-14,7.0,2.4382
The Beautiful Game,Drama,2024-03-22,6.273,2.1848
Con City,"Comedy, Crime, Drama",2026-06-26,5.3,2.3312
Infiesto,Crime,2023-02-03,5.869,2.8034
The Other Side of the Wind,Drama,2018-11-02,6.7,2.3121
Modest Heroes,"Animation, Fantasy, Adventure, Drama",2018-08-24,6.642,2.6507
Home for Rent,"Horror, Thriller, Mystery",2023-04-06,6.792,2.4799
Nuovo Olimpo,"Romance, Drama",2023-11-01,6.944,2.0582
Lumberjack the Monster,"Drama, Thriller, Crime, Horror",2023-12-01,6.345,2.0944
Postcards from the Edge,"Comedy, Drama",1990-09-14,6.6,2.4363
Robbing Mussolini,"Action, Crime, Comedy",2022-10-26,5.621,2.5312
Do Patti,"Thriller, Drama",2024-10-24,6.871,2.5117
A Perfect Pairing,"Comedy, Romance",2022-05-19,6.8,2.6114
Street Flow,"Drama, Crime",2019-10-12,6.9,2.2517
Rustin,"Drama, History",2023-11-03,6.5,2.3351
The Taming of the Shrewd,"Romance, Comedy",2022-04-13,5.426,2.5584
Secrets of the Neanderthals,"Documentary, Mystery, History",2024-05-02,6.647,2.2273
Furie,"Action, Drama, Thriller",2019-02-22,6.619,2.8507
Togo,"Crime, Drama",2022-10-05,6.3,2.884
Black Barbie,Documentary,2023-03-11,6.292,2.312
Accident,"Action, Drama, Thriller",2009-09-24,6.7,2.2221
A Trip to Infinity,Documentary,2022-09-26,7.091,2.217
Indian 2: Zero Tolerance,"Drama, Action, Thriller",2024-07-12,3.109,2.1796
Bhool Bhulaiyaa,"Comedy, Horror, Thriller",2007-10-12,6.77,2.5655
Dear Zindagi,"Drama, Romance",2016-11-23,7.025,2.4608
Raja Shivaji,"Action, History, Drama",2026-05-01,5.9,2.4887
Skins,"Drama, Comedy, Fantasy",2017-06-09,6.368,2.596
Happy New Year,"Crime, Comedy",2014-10-24,6.141,2.6605
Love Today,"Comedy, Romance",2022-11-04,6.976,2.5355
The Lost Children,Documentary,2024-11-13,7.442,2.2235
The Wrath of God,"Thriller, Drama",2022-06-15,6.306,2.2766
Helios,"Action, Mystery, Adventure, Thriller",2015-04-30,5.3,2.2067
Double World,"Action, Adventure, Fantasy",2020-07-21,6.702,2.3296
Dave Chappelle: The Unstoppable...,Comedy,2025-12-19,6.56,2.5398
The Mad Monk,"Action, Comedy, Fantasy",1993-07-29,5.838,2.6579
The Carman Family Deaths,"Documentary, Crime",2025-11-18,6.97,2.571
Lost in the Spotlight,"Drama, Comedy",2025-12-02,6.611,2.5076
Millionaire,Documentary,2025-08-22,7.731,2.2562
Blasted,"Science Fiction, Comedy, Action",2022-06-28,4.713,2.5775
The Wrong Track,"Comedy, Drama",2025-02-27,6.568,2.5188
Rao Bahadur,"Fantasy, Drama, Thriller",2026-07-02,7.2,2.3443
Bye Bye Birdie,"Comedy, Music",1963-04-04,5.924,2.3795
Jeff Ross: Take a Banana for the Ride,Comedy,2026-03-24,5.9,1.8845
Dude,Comedy,2018-04-20,5.532,2.2245
American Murder: The Family Next Door,"Crime, Documentary",2020-09-29,7.246,2.2686
Honeymoon Crasher,Comedy,2025-02-11,5.636,2.3234
Detective Ujjwalan,"Mystery, Crime",2025-05-23,5.727,2.223
Daadi Ki Shaadi,"Comedy, Drama, Family",2026-05-08,5.0,2.3517
Vjeran Tomic: The Spider-Man of Paris,"Documentary, Crime",2023-10-20,6.649,2.2009
Adipurush,"Action, Adventure, Fantasy",2023-06-16,4.456,2.4705
Leal,"Action, Crime, Drama",2018-08-02,7.239,2.2623
Morrison,Drama,2024-03-27,6.0,2.3169
Afterlife of the Party,"Fantasy, Comedy, Drama",2021-09-02,6.685,2.4484
Find Me Falling,"Romance, Comedy, Music",2024-07-18,6.6,2.4617
NiNoKuni,"Animation, Action, Adventure, Family, Fantasy, Romance",2019-08-23,6.559,2.0431
Friendzone,"Romance, Comedy",2021-09-29,5.819,2.3863
The Greatest of All Time,"Action, Drama, Thriller",2024-09-05,4.7,2.2928
Sanju,Drama,2018-06-28,7.214,2.3829
Tiger Zinda Hai,"Action, Adventure, Thriller",2017-12-18,6.259,2.1937
Titan: The OceanGate Submersible Disaster,"Documentary, Drama",2025-06-06,7.071,2.797
Benji,"Drama, Family, Adventure, Crime",2018-03-16,6.916,2.4095
The Conference,"Horror, Comedy",2023-10-13,5.498,2.4471
Chor Nikal Ke Bhaga,"Crime, Thriller",2023-03-24,6.893,2.282
Mosul,"War, Drama, Action",2019-09-04,6.676,2.6411
Barbie: Princess Adventure,"Animation, Music, Family, Drama",2020-09-01,6.9,2.4033
Little Hearts,"Comedy, Romance, Drama",2025-09-05,6.667,2.3151
Intrusion,"Drama, Mystery, Thriller",2021-09-22,5.954,2.2578
"""Sr.""",Documentary,2022-09-02,6.9,2.3821
Love Tactics 2,"Romance, Comedy",2023-07-14,6.989,2.3653
Saripodhaa Sanivaaram,"Action, Thriller",2024-08-29,6.721,2.1112
Pedro Páramo,"Drama, Fantasy, Western",2024-09-12,6.854,2.3313
A Deadly American Marriage,"Crime, Documentary",2025-05-09,6.516,2.6787
How to Rob a Bank,"Documentary, Crime",2024-06-04,6.714,2.3225
Lighting Up the Stars,Drama,2022-06-24,7.414,2.5437
Zero,"Romance, Drama, Comedy",2018-12-21,5.179,2.3273
Son of Sardaar 2,"Comedy, Drama",2025-08-01,4.367,2.3463
Fan,"Action, Adventure, Thriller",2016-04-14,6.239,2.4894
The Bus: A French Football Mutiny,Documentary,2026-05-13,6.821,2.0966
The Whole Truth,"Horror, Mystery, Thriller",2021-12-02,6.49,2.2479
Mens Rea,Comedy,2025-12-27,7.7,2.6985
Borderless Fog,"Thriller, Crime, Mystery, Drama",2024-07-31,6.2,2.458
The Deepest Breath,Documentary,2023-01-21,7.582,2.2431
The Match,"Drama, History",2025-03-26,7.278,2.4624
I Am Not an Easy Man,"Comedy, Fantasy",2018-04-13,6.225,2.1558
Private Lesson,"Comedy, Romance",2022-12-16,6.689,2.5195
Glamour Girls,Drama,2022-06-24,4.438,2.726
The Princess Switch 3: Romancing the Star,"Romance, Comedy",2021-11-18,6.699,2.2281
Jim Jefferies: Freedumb,Comedy,2016-07-01,7.312,2.6591
The Investigation of Lucy Letby,"Documentary, Crime",2026-02-04,6.311,2.033
Chief Daddy,"Comedy, Drama",2018-12-14,5.0,2.918
Saaho,"Action, Adventure, Thriller",2019-08-29,5.728,2.185
HOMECOMING: A film by Beyoncé,"Documentary, Music, TV Movie",2019-04-16,8.041,2.2038
From the Ashes,"Thriller, Drama",2024-01-17,6.531,2.4652
Yeh Dillagi,"Comedy, Drama, Romance",1994-05-05,6.2,2.2412
Dasara,"Action, Thriller",2023-03-30,6.484,2.3074
Lust Stories,"Drama, Romance",2018-06-15,6.3,2.3802
I Wish You Had Told Me,Drama,2025-12-04,5.1,2.285
¡Que viva México!,"Drama, Comedy",2023-03-23,7.331,2.5023
Jewel Thief - The Heist Begins,"Action, Thriller",2025-04-24,6.6,2.4514
Apocalypse in the Tropics,Documentary,2025-07-03,7.341,2.1354
Roxanne Roxanne,Drama,2017-01-22,6.043,2.2955
Madea's Destination Wedding,"Comedy, Drama",2025-07-10,6.179,2.5703
Vidaamuyarchi,"Action, Drama, Mystery, Thriller, Crime",2025-02-06,6.0,1.9137
Downfall: The Case Against Boeing,Documentary,2022-02-09,7.067,2.7005
Sky High,"Action, Drama, Thriller",2020-12-18,6.093,2.4711
Happy Patel: Khatarnak Jasoos,"Comedy, Action, Romance",2026-01-16,6.333,2.0327
Kaaval,"Action, Thriller",2021-11-25,4.8,2.16
Lost Girls,"Drama, Mystery, Thriller, History",2020-01-28,6.056,2.3063
Extraction,Action,2013-09-05,4.91,2.3537
MOTHER,Drama,2020-07-03,6.922,2.121
Vicky Vidya Ka Woh Wala Video,Comedy,2024-10-10,4.925,2.4437
Officer on Duty,"Crime, Thriller",2025-02-20,6.942,2.1657
Sierra Burgess Is a Loser,"Comedy, Drama, Romance",2018-09-07,6.282,2.3261
Vampires vs. the Bronx,"Comedy, Horror",2020-10-02,5.731,2.3662
Dil Se..,"Drama, Romance",1998-08-22,6.889,2.3543
Rebel Royals: An Unlikely Love Story,Documentary,2025-09-15,2.9,2.2986
"BARDO, False Chronicle of a Handful of Truths","Comedy, Drama",2022-10-27,6.769,2.3727
MAD,"Comedy, Romance, Drama",2023-10-06,6.569,2.3311
The Catholic School,"Crime, Thriller, Drama, History",2021-10-07,6.171,2.1763
I Lost My Body,"Animation, Drama, Fantasy",2019-11-06,7.486,2.2769
Walk. Ride. Rodeo.,Drama,2019-03-08,6.958,2.5019
Bad Lands,"Action, Crime",2023-09-29,7.0,2.4689
Fantasy Football Ruined Our Lives,Comedy,2025-08-26,5.586,2.1525
Raid 2,"Crime, Drama, Thriller",2025-05-01,6.475,2.0078
Ricky Gervais: SuperNature,Comedy,2022-05-24,7.418,2.4945
"Love, Divided","Romance, Comedy",2024-04-11,6.7,2.4808
Bitconned,"Documentary, Crime",2024-01-01,6.462,2.1993
Lesson Plan,"Action, Crime",2022-11-23,6.01,2.3532
Psychokinesis,"Fantasy, Action, Comedy",2018-01-31,6.27,2.0041
Meet Me Next Christmas,"Romance, Comedy",2024-11-05,6.355,2.299
Operation Hyacinth,"Thriller, Crime, Mystery",2021-08-18,6.8,2.2774
Under the Shadow,"Drama, Horror, War",2016-09-30,6.494,2.4733
Kevin Hart: Acting My Age,Comedy,2025-11-23,6.367,2.7987
Sampradayaini Suppini Suddapusaani,"Comedy, Drama",2026-02-12,5.75,2.3673
The Climb,"Comedy, Romance, Adventure",2017-01-25,6.698,2.0614
Anek,"Action, Thriller",2022-05-27,6.107,2.2957
Operation Christmas Drop,"Comedy, Family, Romance, TV Movie",2020-11-05,6.371,1.9614
18 Presents,"Drama, Family",2020-01-02,7.401,2.1424
Blood Brothers: Bara Naga,"Action, Crime, Drama, Thriller",2025-04-10,7.5,2.5121
Black Island,Thriller,2021-08-17,5.859,2.1745
Retro,"Romance, Action, Drama",2025-04-30,6.313,2.1464
The Women and the Murderer,"Documentary, Crime",2021-09-09,6.202,2.3339
7 Women and a Murder,"Comedy, Mystery, Crime",2021-12-25,5.525,2.0343
Brazen,"Thriller, Mystery, Drama",2022-01-13,4.804,1.9989
Cyber Hell: Exposing an Internet Horror,"Crime, Drama",2022-05-17,7.2,2.1879
The Great Hack,Documentary,2019-01-26,6.874,2.2555
Yolo,"Drama, Comedy, Action",2024-02-10,6.8,2.2368
Daydreamers,"Comedy, Drama",2023-10-06,0.0,2.9883
The Teacher,"Thriller, Drama",2022-12-02,4.654,2.173
Tragic Jungle,"Drama, Mystery",2020-09-09,6.085,2.7344
Dance of the Forty One,"Drama, History",2020-11-19,7.84,2.1294
A Beautiful Life,"Drama, Music, Romance",2023-06-01,6.872,2.3161
Food Truck: Stolen Love... and Moo Deng,"Comedy, Romance",2025-08-28,5.714,2.5835
Unknown: Cosmic Time Machine,Documentary,2023-07-23,7.352,2.2528
Kingdom 2: Far and Away,"Action, Adventure, War",2022-07-15,7.282,2.1832
The Angel,"Action, Drama, History, Thriller, War",2018-05-15,6.561,2.2161
Sturgill Simpson Presents Sound & Fury,"Animation, Music",2019-09-26,6.136,2.702
Kaantha,"History, Crime, Drama",2025-11-13,6.759,2.5558
The Roast of Tom Brady,Comedy,2024-05-05,6.76,2.4421
Mighty Morphin Power Rangers: Once & Always,"Action, Adventure, Science Fiction, Family",2023-04-19,6.473,2.2637
(MAD)²,"Drama, Romance, Comedy",2025-03-27,7.0,2.0616
A Futile and Stupid Gesture,"Comedy, Drama",2018-01-24,6.451,2.1968
Faraway,"Romance, Comedy",2023-03-08,6.544,2.1249
Aileen: Queen of the Serial Killers,"Documentary, Crime",2025-10-29,6.789,2.2524
The Follies,Drama,2025-11-13,6.429,2.1073
Looop Lapeta,"Action, Comedy, Crime",2022-02-04,6.13,2.2463
The Larva Island Movie,"Animation, Family",2020-07-23,7.115,2.0691
Adam Sandler: Love You,Comedy,2024-08-26,6.151,2.4941
Dhoom 2,"Drama, Action, Thriller, Crime",2006-11-24,6.635,2.5025
The Chase,"Thriller, Crime, Drama, Mystery",2017-11-29,6.683,2.4001
Dave Chappelle: The Dreamer,Comedy,2023-12-31,6.888,2.4655
Attack of the Hollywood Clichés!,Documentary,2021-09-27,5.97,2.2579
Hilda and the Mountain King,"Animation, Adventure, Fantasy, Family, Drama",2021-12-30,7.555,2.3862
Meiyazhagan,"Family, Drama",2024-09-27,8.2,2.0679
Anaganaga Oka Raju,"Comedy, Romance",2026-01-14,6.941,2.0287
The Wasteland,"Drama, Horror, Thriller",2021-10-12,5.183,2.529
A Place Called Silence,"Crime, Mystery, Thriller",2024-07-03,6.957,2.201
Haikyu!! The Movie: Battle of Concepts,"Animation, Drama",2017-09-29,8.044,2.1504
Laal Singh Chaddha,"Drama, Romance, Comedy",2022-08-11,6.286,2.1663
Non Negotiable,"Action, Thriller, Comedy, Drama",2024-07-25,6.225,2.1591
Ricky Gervais: Humanity,Comedy,2018-03-13,7.663,2.3596
Wonderland,"Science Fiction, Drama",2024-06-05,7.019,2.4522
Love Is in the Air,"Romance, Comedy",2023-09-28,6.214,2.2448
Living with Leopards,Documentary,2024-05-09,7.7,2.0323
Death Whisperer 3,"Horror, Action, Thriller",2025-09-30,6.526,2.2992
Offering to the Storm,"Crime, Thriller, Mystery",2020-07-24,6.486,2.1525
The Royal Treatment,"Romance, Comedy",2022-01-20,6.65,2.1681
Irreplaceable You,"Comedy, Drama, Romance",2018-02-16,6.961,2.3106
The Merry Gentlemen,"Romance, Comedy",2024-11-20,5.783,2.038
Paddleton,"Comedy, Drama",2019-02-01,7.0,2.0068
XOXO,"Music, Drama",2016-08-26,5.947,2.3425
Hard Days,"Thriller, Crime, Action, Drama",2023-05-19,6.589,2.3186
Robin Robin,"Animation, Adventure, Family",2021-10-09,7.033,2.4546
Hello Ghost,"Comedy, Drama, Horror",2023-05-11,5.9,2.4326
Nancy Drew and the Hidden Staircase,"Crime, Family, Mystery",2019-03-15,6.355,2.2464
Aaryan,"Action, Thriller, Crime",2025-10-31,5.136,2.1799
Single All the Way,"Romance, Comedy",2021-12-02,6.415,2.134
Haikyu!! The Movie: Talent and Sense,"Animation, Drama",2017-09-15,7.889,2.1883
Radhe Shyam,"Drama, Romance",2022-03-10,5.159,2.1595
404 Run Run,"Comedy, Horror",2024-11-28,7.605,2.0837
The Perfumier,"Drama, Crime, Mystery, Thriller",2022-09-21,4.505,2.1438
The Red Envelope,Comedy,2025-03-20,7.278,2.1828
Ashby,"Drama, Romance, Comedy",2015-04-19,6.202,2.5696
The Lotto Winner,"Family, Drama",2026-02-18,2.0,1.9779
The Biggest Fan,Comedy,2025-04-30,6.4,2.1371
Isi & Ossi,"Romance, Comedy",2020-02-14,6.909,2.4568
Shadowplay,"Thriller, Drama",2020-01-28,2.0,2.6867
Manoranjan,Drama,2022-02-03,5.5,2.8858
The Twister: Caught in the Storm,Documentary,2025-03-18,6.722,2.423
Tramps,"Comedy, Drama, Romance",2016-09-10,6.161,2.2901
The Crimes That Bind,"Thriller, Crime, Drama",2020-08-20,6.468,2.2984
Catering Christmas,"TV Movie, Comedy, Romance",2022-10-29,6.304,1.9351
Love & Gelato,"Romance, Comedy, Drama",2022-06-22,5.4,2.25
Trippin’ with the Kandasamys,"Comedy, Romance",2021-06-04,6.8,2.1729
Don't Leave,"Romance, Drama",2022-11-11,5.371,2.3567
Buy Now! The Shopping Conspiracy,Documentary,2024-11-19,6.745,2.1533
Jab Tak Hai Jaan,"Drama, Romance",2012-11-13,7.038,2.4872
Ascharya Fuck It,"Thriller, Drama",2018-12-18,4.455,2.2231
Thalaivar Thambi Thalaimaiyil,"Comedy, Drama",2026-01-15,6.5,2.0507
The Plagues of Breslau,"Crime, Action, Thriller",2018-11-29,6.257,2.2065
Love in the Villa,"Romance, Comedy",2022-09-01,5.996,2.3
Sahara,"Adventure, Animation, Comedy, Family",2017-02-01,6.0,2.1212
Bulbbul,"Horror, Fantasy, Thriller",2020-06-24,6.573,1.9277
The Quilters,Documentary,2024-06-15,6.861,2.0628
Our Times,"Science Fiction, Romance, Comedy",2025-06-09,6.6,2.2711
Attack 13,"Horror, Thriller",2025-06-13,5.2,2.1387
6 Balloons,Drama,2018-03-12,5.994,1.9398
Adam Sandler: 100% Fresh,"Comedy, Music",2018-10-23,7.054,2.4725
"Hello, My Name Is Doris","Comedy, Drama, Romance",2015-11-27,6.3,2.3664
7 Prisoners,"Drama, Crime",2021-10-22,7.084,2.2177
The 9th Precinct,"Fantasy, Thriller, Crime",2019-08-29,5.587,2.2269
Kidnapping Stella,Thriller,2019-06-29,5.328,2.2743
Miracle: The Boys of '80,"Documentary, History",2026-01-30,7.275,1.9188
David Brent: Life on the Road,"Comedy, Music",2016-08-19,6.086,2.2963
Dave Chappelle: Sticks & Stones,Comedy,2019-08-26,7.555,2.4908
I Don't Feel at Home in This World Anymore,"Thriller, Drama, Crime, Comedy",2017-01-19,6.56,2.1082
Lefter: The Story of the Ordinarius,"Drama, History",2025-11-13,6.81,2.1928
Phenomena,"Comedy, Horror, Thriller",2023-04-14,5.979,2.1704
Nappily Ever After,"Comedy, Romance, Drama",2018-09-21,7.207,2.1788
Swallow,"Drama, History, Thriller, Crime",2021-10-01,4.7,3.2782
Miss Granny,"Drama, Comedy, Music",2014-01-22,7.3,2.2331
Andrew Schulz: LIFE,Comedy,2025-03-03,7.276,2.4142
Skater Girl,"Drama, Family",2021-06-11,7.232,2.148
Waffles + Mochi's Holiday Feast,Family,2021-11-22,2.0,1.9753
In Her Place,"Drama, Crime, Thriller",2024-09-30,6.141,1.8995
Freaks - You're One of Us,"Drama, Fantasy, Thriller",2020-09-02,5.67,2.3538
Pyaar Impossible!,"Comedy, Romance",2010-01-08,5.268,1.4008
Death Before the Wedding,"Comedy, Romance",2025-02-11,5.213,2.0847
The Seven Deadly Sins: Grudge of Edinburgh Part 1,"Animation, Fantasy, Adventure, Action",2022-12-20,7.694,2.2436
Unknown: The Lost Pyramid,Documentary,2023-07-02,7.4,1.6574
Rory Scovel: Show Must Go On,Comedy,2026-08-11,6.7,2.175
Sergio,Drama,2020-01-28,6.6,1.9757
Airplane Mode,"Comedy, Drama, Romance",2020-01-23,6.2,2.1732
Trouble,"Action, Comedy, Crime",2024-10-02,6.728,2.0193
Private Life,"Drama, Comedy",2018-10-05,6.879,2.5069
The Warning,"Thriller, Drama, Fantasy",2018-03-10,6.057,2.0114
Trivisa,"Drama, Crime",2016-04-07,7.192,2.0977
Oh Belinda,"Drama, Comedy, Fantasy",2023-04-07,6.424,2.0539
Hayao Miyazaki and the Heron,Documentary,2024-10-10,7.817,2.0641
Kevin Hart: What Now?,"Comedy, Documentary, TV Movie",2016-10-14,6.444,2.4076
Guru,"Drama, Romance",2007-01-12,6.9,1.8492
The Occupant,"Thriller, Drama",2020-03-25,6.39,1.9955
The Year I Started Masturbating,"Comedy, Drama, Romance",2022-10-21,5.823,2.042
Prey,Thriller,2021-09-10,4.675,2.0532
Monster High 2,"Fantasy, Science Fiction, Action, Adventure",2023-10-05,6.716,2.1614
Man in Love,"Romance, Drama",2021-04-01,7.205,2.0755
Salaam Namaste,"Comedy, Romance, Drama",2005-09-09,6.212,1.8898
The Sand Castle,"Thriller, Mystery, Drama, Fantasy",2024-12-07,5.642,2.2129
Wounds,"Horror, Mystery",2019-01-26,4.036,1.6074
"Hello, Love, Again","Romance, Drama",2024-11-13,6.444,2.1643
Bangkok Breaking: Heaven and Hell,"Action, Crime, Drama, Thriller",2024-09-26,6.848,2.0103
iBoy,"Action, Science Fiction",2017-01-27,5.951,2.2268
Love at First Kiss,"Romance, Comedy",2023-03-03,6.184,2.1227
The Legacy of the Bones,"Thriller, Crime, Mystery",2019-12-05,6.6,2.1464
Halftime,"Documentary, Music",2022-06-08,6.766,1.9449
Revenge of the Pontianak,"Horror, Romance",2019-08-29,5.2,2.122
Kabhi Alvida Naa Kehna,"Drama, Romance",2006-08-11,6.432,1.8889
Little Siberia,"Comedy, Thriller, Drama, Crime",2025-03-20,5.968,2.1342
Beats,"Drama, Music",2019-06-19,6.632,1.9733
ReMastered: The Lion's Share,"Documentary, Music",2019-05-17,6.6,2.0488
The Violence Action,"Action, Crime, Adventure",2022-08-19,6.139,1.975
In Love and Deep Water,"Romance, Comedy, Mystery, Thriller",2023-11-16,5.688,1.8283
Gold Brick,"Comedy, Crime, Drama",2023-07-06,6.147,2.1506
The Main Event,"Family, Comedy",2020-04-10,6.4,2.1549
Batman v Superman: Dawn of Justice: Ultimate Edition,,2016-06-28,10.0,2.2929
10 Days of a Bad Man,"Crime, Drama",2023-08-18,6.439,2.3815
USA 94: Brazil's Return to Glory,Documentary,2026-05-07,6.767,1.9595
The Four Seasons,"Comedy, Drama, Romance",1981-05-22,6.3,2.0888
Nukkad Naatak,Drama,2026-02-27,0.0,1.8804
Chak De! India,Drama,2007-08-09,7.21,2.2562
Dhadak 2,"Romance, Drama",2025-08-01,6.976,2.1198
Newton's 3rd Law,"Mystery, Thriller",2026-07-31,5.2,2.1101
Christmas on Mistletoe Farm,"Family, Comedy",2022-11-23,5.159,2.0996
Haikyu!! the Movie: The Winner and the Loser,Animation,2015-09-18,8.0,2.0525
John Mulaney: The Comeback Kid,"Comedy, TV Movie, Documentary",2015-11-13,7.712,2.4935
The Only Girl in the Orchestra,"Documentary, Music",2023-11-09,6.529,1.8209
Johnny,Drama,2022-09-23,7.2,2.1905
Crip Camp: A Disability Revolution,Documentary,2020-03-25,7.2,1.8033
Revolver Rita,"Comedy, Action, Crime",2025-11-28,6.429,1.9976
A Man of Action,"Drama, History",2022-11-30,6.402,2.0507
Kodachrome,"Drama, Comedy",2017-09-08,6.808,2.1054
Rifle Club,"Action, Thriller",2024-12-19,6.1,1.8884
Mardaani,"Action, Crime, Drama, Thriller",2014-08-22,6.687,2.024
Jamie Foxx: What Had Happened Was...,"Comedy, Documentary",2024-12-10,6.533,2.2942
'Twas the Text Before Christmas,"Romance, Comedy, TV Movie",2023-10-21,6.495,1.9226
Nice View,"Drama, Family, Comedy",2022-02-01,6.4,2.2486
Tehran,"Action, Thriller",2025-08-14,6.1,1.7841
Murder Mubarak,"Comedy, Crime, Thriller",2024-03-15,6.557,1.8914
Angela's Christmas Wish,"Animation, Family",2020-12-01,6.423,1.9027
Holiday in the Wild,"Romance, Comedy",2019-11-06,6.476,2.1808
Squared Love All Over Again,"Romance, Comedy",2023-02-13,5.687,1.9939
Homunculus,"Drama, Thriller, Fantasy, Mystery, Horror",2021-04-02,6.0,1.8342
Elmo and Mark Rober's Merry Giftmas,"Family, TV Movie",2025-12-08,6.0,1.8851
Backyard Wilderness,Documentary,2018-03-31,6.714,2.1506
A Day and a Half,"Drama, Thriller",2023-09-01,6.338,2.3509
Chris Rock: Tamborine,Comedy,2018-02-14,6.416,2.2598
Take the 10,Comedy,2017-01-20,5.013,2.0963
The Privilege,Horror,2022-02-09,5.216,2.2437
A Part of You,Drama,2024-05-31,6.639,2.0034
Joe Dirt 2: Beautiful Loser,Comedy,2015-07-16,4.894,2.2557
Premante,"Romance, Comedy, Thriller",2025-11-21,6.0,2.1877
I Am All Girls,"Drama, Mystery, Thriller, Crime",2021-05-14,6.536,2.3679
The Swarm,"Horror, Drama",2021-04-09,5.773,1.8858
Jimmy Carr: His Dark Material,Comedy,2021-12-24,6.87,2.2669
Malibu Rescue: The Next Wave,Comedy,2020-08-04,6.2,1.9314
Breaking Boundaries: The Science of Our Planet,Documentary,2021-06-03,7.5,1.3387
My Father's Violin,"Drama, Music",2022-01-21,7.895,1.9903
Outlaw,"Action, Crime, Drama",2024-06-20,6.2,2.0907
Minnal Murali,"Action, Comedy, Fantasy",2021-12-16,7.171,2.2389
Major,"Action, History, Drama",2022-06-03,7.029,1.8584
Last Call for Istanbul,"Romance, Drama",2023-11-24,6.306,2.2314
Divines,Drama,2016-08-31,7.657,2.0952
Holiday Rush,"Drama, Comedy, Romance",2019-11-28,5.623,1.8419
The Photographer of Mauthausen,"Drama, History, Thriller",2018-10-26,6.933,2.1996
Disconnect,"Comedy, Romance",2018-04-21,2.2,2.0334
Wieners,Comedy,2008-06-03,4.241,2.093
Killer Book Club,"Horror, Thriller",2023-08-25,5.6,2.1302
Nobody Sleeps in the Woods Tonight 2,"Horror, Thriller, Comedy",2021-10-27,4.586,1.9698
Capturing the Killer Nurse,"Crime, Documentary",2022-11-11,6.482,2.12
Duck Butter,"Drama, Romance, Comedy",2018-04-27,5.4,2.1769
The Influence,Horror,2019-06-21,4.849,1.9813
GTMAX,"Action, Crime",2024-11-19,6.21,1.8763
Dirty Daddy: The Bob Saget Tribute,"Comedy, Documentary",2022-06-10,4.895,2.2239
Single Salma,"Comedy, Family",2025-10-31,5.6,2.2302
Centauro,"Action, Crime, Thriller",2022-06-15,6.092,1.8351
The Rope Curse 2,Horror,2020-09-02,5.422,1.7689
One,"Drama, Thriller",2021-03-26,5.7,1.8515
My Best Friend Anne Frank,"History, War, Drama",2021-10-07,6.8,2.1259
Paheli,"Romance, Drama, Fantasy",2005-06-24,6.1,1.9752
Christmas with You,"Romance, Comedy",2022-11-17,5.827,1.992
Don't Die: The Man Who Wants to Live Forever,Documentary,2025-01-01,6.269,1.9626
Jaane Jaan,"Crime, Thriller, Drama",2023-09-21,7.0,2.1683
"...Watch Out, We're Mad","Comedy, Action",2022-03-23,6.1,2.04
Inheritance,"Comedy, Mystery",2024-06-19,5.213,1.9652
The Hard Way,Action,2019-03-05,5.503,2.109
Mark Normand: None Too Pleased,Comedy,2026-03-17,6.286,1.9516
The Decline,"Thriller, Action",2020-02-27,6.114,1.9346
Wedding Season,"Romance, Comedy",2022-08-04,6.264,2.259
Frozen Hot Boys,"Drama, Comedy",2025-04-10,7.5,2.0521
Squared Love,"Romance, Comedy",2021-02-11,6.064,2.1486
Sultan,"Drama, Action, Romance",2016-07-06,6.846,2.494
The Door into Summer,"Science Fiction, Drama",2021-06-25,6.413,2.0191
Faceless,"Thriller, Drama",2024-11-29,6.55,1.8348
Kevin Hart: Irresponsible,"Comedy, Documentary, TV Movie",2019-04-02,6.709,2.2102
Haq,Drama,2025-11-07,7.483,2.0691
Anpanman: Twinkle! Princess Vanilla of Ice Cream Land,"Animation, Family",2019-06-28,5.8,1.974
Irrupción,,2022-06-26,6.0,2.3632
Riverdance: The Animated Adventure,"Animation, Fantasy, Music, Adventure, Comedy, Family",2021-05-28,5.971,1.977
The Taming of the Shrewd 2,"Romance, Comedy",2023-12-20,5.6,2.0949
A Very Murray Christmas,"Comedy, Music, TV Movie",2015-12-04,5.224,1.7318
Amina,"War, History, Drama",2021-11-04,6.41,2.4993
Return to Space,Documentary,2022-04-07,6.544,2.1408
Jigarthanda DoubleX,"Action, Drama, Comedy",2023-11-10,7.605,1.6825
"Michael Bolton's Big, Sexy Valentine's Day Special","Comedy, Music",2017-02-07,6.062,1.9001
Forgive Us Our Trespasses,"Drama, War",2022-02-17,6.199,1.7349
The Lost Lotteries,"Crime, Comedy",2022-11-16,6.714,2.1477
Barbara - Becoming Shirin David,Documentary,2026-03-12,5.9,1.7185
Promised Hearts,"Drama, Romance",2025-03-30,5.86,1.8788
Joel Kim Booster: Psychosexual,Comedy,2022-06-20,5.7,2.0607
Pachamama,"Adventure, Animation, Family, Fantasy",2018-10-20,7.247,2.0867
Possessed,"Horror, Action, Thriller",2022-09-29,5.3,1.8667
Sunshine,Drama,2025-07-23,8.7,1.9489
Beyond the Lights,"Romance, Drama",2014-11-14,6.772,1.7987
Untold UK: Liverpool's Miracle of Istanbul,"Documentary, History",2026-05-19,6.917,2.0939
Ehrengard: The Art of Seduction,"Romance, Comedy, Drama",2023-09-14,6.036,2.2392
Our Souls at Night,"Romance, Drama",2017-09-29,6.7,1.9525
Asakusa Kid,Drama,2021-12-09,7.027,2.1806
The Parades,"Drama, Fantasy",2024-02-28,7.472,1.5682
Harry Styles. One Night in Manchester.,Music,2026-03-08,7.615,2.0927
Sooryavanshi,"Action, Crime, Thriller",2021-11-05,5.777,2.0185
Dad Wanted,Drama,2020-09-11,7.5,1.8706
Yellow Door: '90s Lo-fi Film Club,Documentary,2023-10-06,6.9,1.8107
Earth and Blood,"Action, Thriller",2020-04-17,6.136,1.8411
Herod's Law,"Comedy, Crime, Mystery, Drama",1999-11-09,7.969,1.7817
Lucca's World,Drama,2025-01-30,7.349,2.242
The 101-Year-Old Man Who Skipped Out on the Bill and Disappeared,"Adventure, Comedy",2016-12-25,6.437,2.0486
Vanished into the Night,"Thriller, Mystery, Drama",2024-07-10,5.557,2.0499
The Girlfriend,"Romance, Drama",2025-11-07,6.553,1.9382
The Volcano: Rescue from Whakaari,"Documentary, Drama",2022-11-03,7.234,1.6688
#realityhigh,Comedy,2017-07-17,6.242,1.797
The Bridge Curse: Ritual,"Horror, Thriller",2023-10-13,6.1,2.0565
All-Time High,"Comedy, Romance",2023-11-17,5.807,2.2582
All Hail,"Comedy, Drama",2022-03-30,6.436,1.7843
Poisoned: The Dirty Truth About Your Food,"Documentary, Crime",2023-06-09,7.036,1.789
Desperados,"Comedy, Romance",2020-07-01,5.972,2.0733
Dilwale,"Crime, Action, Comedy",2015-12-18,6.569,2.1516
If Anything Happens I Love You,"Drama, Animation",2020-11-20,7.697,2.0271
Anthony Jeselnik: Bones and All,Comedy,2024-11-25,7.026,2.5803
Canvas,"Animation, Family, Drama",2020-10-29,6.336,1.9885
First Match,Drama,2018-03-12,6.436,2.0629
Kang Solah from Kang Mak x Nenek Gayung,"Comedy, Fantasy, Horror",2025-09-25,5.667,1.9133
Daaku Maharaaj,"Action, Crime, Drama, Thriller",2025-01-12,5.45,2.1505
Line Walker,"Action, Crime, Drama",2016-08-11,6.436,1.8753
Conquer: Lahad Datu,"War, History, Thriller, Action, Crime, Drama",2024-08-22,7.923,1.857
Quinceañero,"Music, Drama",2021-06-05,7.0,2.0996
The Hungover Games,Comedy,2014-02-01,4.065,2.1408
Outside In,Drama,2018-03-30,6.158,2.083
The Lost Patient,"Thriller, Mystery, TV Movie, Drama",2022-11-25,5.833,2.1474
Guntur Kaaram,"Action, Drama",2024-01-11,5.3,1.7302
K-Pops!,"Comedy, Drama, Music",2026-02-27,6.5,2.1063
Ittefaq,"Crime, Thriller",2017-11-03,6.8,1.7918
Love Forever,"Romance, Comedy, Drama",2025-02-13,5.427,2.0142
Viva La Vida,"Drama, Romance",2024-02-10,7.6,2.0522
Jolly LLB 3,"Drama, Comedy",2025-09-19,6.531,2.0592
Rich in Love,"Romance, Comedy",2020-04-30,7.67,1.9401
Dave Chappelle: What's in a Name?,Comedy,2022-07-07,6.646,2.105
Pete Davidson Presents: The Best Friends,Comedy,2022-06-13,5.133,2.1942
Shirley,"History, Drama",2024-03-15,6.618,1.7784
Inside the Mind of a Dog,Documentary,2024-08-09,7.06,1.9972
I Used to Be Famous,"Comedy, Drama, Music",2022-09-09,6.929,1.9583
Oru Durooha Saahacharyathil,"Comedy, Thriller",2026-04-15,5.625,2.1017
"Pamela, A Love Story",Documentary,2023-01-30,7.037,2.0489
Lilim,"Horror, Thriller, Drama",2025-03-12,7.5,1.682
Malibu Rescue,"Comedy, Family",2019-05-13,6.147,1.9425
The Bridge Curse,"Horror, Thriller, Mystery",2020-02-27,6.299,2.0919
Barbie: Skipper and the Big Babysitting Adventure,"Animation, Family",2023-03-03,6.7,1.8123
Nadaaniyan,"Romance, Comedy, Drama",2025-03-01,5.9,1.8221
Into the Wind,"Drama, Romance",2022-02-10,5.406,1.709
Disco Inferno,Horror,2023-10-20,4.826,2.0428
Blind Detective,"Action, Crime, Comedy, Mystery, Thriller",2013-07-04,6.18,1.8291
BAKA's Identity,"Crime, Drama, Thriller",2025-10-24,7.5,1.8639
The Price of Nonna's Inheritance,"Comedy, Crime",2024-06-04,5.588,1.9167
Pee-wee's Big Holiday,"Adventure, Comedy, Family",2016-03-17,6.097,1.7753
Unknown Origins,"Drama, Thriller",2020-08-28,6.23,1.8637
Strained,Drama,2023-04-28,0.0,2.3348
The Village,Drama,2023-04-21,6.759,1.827
Girl in the Picture,"Crime, Documentary",2022-07-06,7.127,2.1593
After the Ball,Comedy,2015-02-27,6.3,2.1153
Joy,Drama,2019-01-18,5.904,2.2836
Girls with Balls,"Horror, Comedy",2019-07-26,4.173,1.7804
Go!,Family,2020-01-16,6.84,1.8083
Bruce Bruce: I Ain't Playin',Comedy,2026-03-03,3.833,1.7179
Andhra King Taluka,"Action, Drama, Romance, Family",2025-11-26,5.8,1.844
Otherhood,Comedy,2019-08-13,6.138,2.0687
Dhoom 3,"Action, Crime",2013-12-19,6.0,1.9945
Backtrack,"Mystery, Horror, Thriller",2015-07-25,5.8,1.7917
Barbie: Dolphin Magic,"Animation, Adventure, Family, Fantasy",2017-09-20,6.554,1.9489
Father Christmas Is Back,"Comedy, Family",2021-11-07,4.607,1.8093
A Jazzman's Blues,"Drama, Romance, Mystery",2022-09-16,7.463,1.6655
Shyam Singha Roy,"Romance, Thriller, Drama",2021-12-24,6.612,1.779
Return of the King: The Fall and Rise of Elvis Presley,"Documentary, Music",2024-11-12,7.477,1.9672
Three,"Action, Crime, Thriller",2016-06-24,5.977,1.7472
Badla,"Crime, Thriller, Mystery, Drama",2019-03-08,7.264,2.256
American Factory,Documentary,2019-08-21,7.182,2.4041
The Motive,Drama,2017-11-17,6.221,1.9427
Mimi,"Comedy, Drama",2021-07-26,6.872,1.6632
Azaad,"Drama, Action",2025-01-17,6.4,2.0862
Bright: Samurai Soul,"Animation, Action, Fantasy",2021-10-12,5.677,1.7578
Bade Miyan Chote Miyan,"Action, Science Fiction",2024-04-11,6.132,2.3907
Baby Mamas,"Comedy, Drama",2018-10-12,2.0,2.1526
Street Flow 2,Drama,2023-09-27,6.2,1.9857
Dheepan,"Crime, Drama",2015-08-26,6.8,1.8692
Gandeevadhari Arjuna,"Action, Thriller",2023-08-24,6.5,1.6652
Upcoming Summer,"Drama, Romance",2021-07-30,6.7,1.6601
Christmas Full of Grace,"Romance, Comedy",2022-11-30,5.8,1.9276
Doctor,"Thriller, Comedy, Action",2021-10-09,6.361,1.8416
The Soul,"Mystery, Science Fiction, Thriller, Drama, Horror",2021-01-08,6.908,2.0107
Darr,"Thriller, Action, Romance",1993-09-01,7.0,1.8555
"Meet, Greet & Bye",Drama,2025-11-12,7.0,1.9196
Earthquake: Joke Telling Business,Comedy,2025-09-29,5.214,2.1198
In for a Murder,"Crime, Comedy",2021-06-18,6.144,1.7816
Rez Ball,Drama,2024-09-08,6.356,1.7985
Sector 36,"Crime, Thriller, Drama",2024-08-18,7.016,2.0092
Elisa & Marcela,"Drama, Romance",2019-05-24,7.293,1.8757
"Live Twice, Love Once","Comedy, Drama",2019-09-06,7.469,1.8638
Hack Your Health: The Secrets of Your Gut,Documentary,2024-04-26,6.7,1.6185
A Woman with No Filter,Comedy,2025-08-21,6.109,2.0352
Idli Kadai,"Action, Drama, Comedy",2025-10-01,6.673,1.8053
Blame the Game,"Comedy, Thriller, Romance",2024-07-03,5.749,2.2212
Angela's Christmas,"Animation, Family",2017-12-02,6.8,2.0293
Inside the Mind of a Cat,Documentary,2022-08-18,7.234,1.7886
Rolling Thunder Revue: A Bob Dylan Story by Martin Scorsese,"Documentary, Music",2019-06-11,7.007,1.9707
Love Wedding Repeat,"Comedy, Romance",2020-04-10,5.664,2.0199
Buba,"Comedy, Drama",2022-08-02,5.452,1.7589
Errementari: The Blacksmith and the Devil,"Drama, Fantasy, Horror",2018-03-02,6.381,1.8684
Kushi,"Romance, Comedy, Drama",2023-08-31,5.0,1.7041
Kick,"Action, Romance, Comedy, Crime",2014-07-25,5.698,1.9101
Rising High,"Comedy, Drama",2020-04-17,6.523,1.8976
Babo: The Haftbefehl Story,"Documentary, Music",2025-10-27,6.705,1.868
Jonah,"Drama, Thriller",2016-10-27,5.929,1.8254
The Life Ahead,Drama,2020-11-03,6.727,1.7565
Jim Jefferies: High n' Dry,Comedy,2023-02-14,6.447,2.2522
I am the Secret in Your Heart,"Romance, Comedy, Drama",2024-08-02,7.3,1.8249
"Lover, Stalker, Killer","Crime, Documentary",2024-02-09,6.771,1.7706
Pulang,"Drama, Romance, Adventure",2018-07-26,5.8,1.8226
Apollo 13: Survival,"Documentary, History",2024-03-08,7.136,1.7532
Roohi,"Horror, Comedy",2021-03-11,4.5,1.7586
Toscana,"Comedy, Romance, Drama",2022-05-18,5.9,1.8324
Emi Martínez: The Kid Who Stops Time,"Animation, Documentary",2026-05-02,5.5,1.8561
WILL,"Drama, War, History",2023-09-27,6.545,1.7194
Phir Bhi Dil Hai Hindustani,"Romance, Comedy, Crime",2000-01-21,6.592,1.832
Einstein and the Bomb,"Documentary, Drama",2024-02-16,6.199,1.851
Gatao,"Crime, Action",2015-07-05,6.154,1.8953
Without Saying Goodbye,"Comedy, Romance",2022-03-18,7.136,1.8365
Jim Gaffigan: Comedy Monster,Comedy,2021-12-21,6.157,2.0857
Last Film Show,Drama,2022-01-06,7.49,1.8593
Love You So Bad,"Romance, Comedy",2025-12-25,4.0,1.7763
Lost Ladies,"Comedy, Drama, Romance",2024-03-01,7.801,1.9912
Secrets of the Saqqara Tomb,Documentary,2020-10-28,7.299,1.7526
Disclosure,Documentary,2020-06-19,7.823,1.7862
Court: State vs. A Nobody,"Drama, Romance, Crime",2025-03-14,7.389,1.8522
Usogui,"Mystery, Thriller",2022-02-11,5.5,1.954
Delicious,"Thriller, Drama",2025-02-18,4.825,1.7126
8 Vasantalu,"Drama, Romance",2025-06-20,6.714,1.9833
Kang Mak from Pee Mak,"Comedy, Horror, Romance, War",2024-08-15,6.286,1.8018
John Mulaney & The Sack Lunch Bunch,"Comedy, Family, Music",2019-12-24,7.022,2.2206
The Snow Sister,"Fantasy, Family, Adventure, Drama",2024-11-28,6.8,2.0382
(Un)lucky Sisters,"Comedy, Drama",2024-08-30,5.6,2.065
Etharkkum Thunindhavan,"Action, Drama, Family",2022-03-10,5.793,1.759
Outlaws,Crime,2021-10-08,6.867,2.4182
Thunivu,"Action, Crime, Thriller, Comedy",2023-01-10,5.733,1.8116
Race to the Summit,"Documentary, Action, Adventure",2023-10-04,6.875,1.8608
13th,Documentary,2016-10-07,7.83,2.0551
Still Time,"Romance, Comedy, Drama",2023-03-16,6.714,1.9178
Father of the Year,Comedy,2018-07-20,5.417,1.7118
Inspector Zende,"Comedy, Drama, Thriller",2025-09-04,6.5,1.7848
Sunday Best: The Untold Story of Ed Sullivan,Documentary,2023-06-11,6.864,1.9945
The Boys in the Band,Drama,2020-09-30,6.8,2.0033
Bill Burr: Paper Tiger,"Comedy, TV Movie",2019-09-10,7.466,2.1697
Latin Blood – The Ballad of Ney Matogrosso,"Drama, Music, History",2025-05-01,8.0,2.085
The Mystery of Marilyn Monroe: The Unheard Tapes,Documentary,2022-04-27,6.331,1.8692
Pelé,Documentary,2021-02-23,7.28,2.0821
A True Gentleman,"Romance, Drama",2024-09-25,6.125,1.9142
Kevin James: Never Don't Give Up,"Comedy, TV Movie",2018-04-24,6.218,2.029
Jab Harry Met Sejal,"Comedy, Drama, Romance",2017-08-04,6.4,1.4983
The Abandoned,"Drama, Mystery, Crime, Thriller",2023-09-08,6.345,1.7351
Xico's Journey,"Animation, Family, Fantasy",2020-11-12,6.6,1.8158
Naga,Thriller,2023-09-08,5.1,2.0752
A Deadly Invitation,"Comedy, Mystery",2023-10-06,5.7,1.7691
Chris Tucker: Live,Comedy,2015-07-10,6.02,2.1194
Kevin Hart: Zero F**ks Given,"Comedy, Documentary, TV Movie",2020-11-17,6.64,2.2936
UnMarry,"Drama, Romance",2025-12-25,8.0,1.9451
Heartstopper: Ending on a Hi,Documentary,2026-07-24,8.0,1.8473
Lainey Wilson: Keepin' Country Cool,"Documentary, Music",2026-04-22,7.0,1.6902
Casino Tycoon II,"Thriller, Mystery, Crime",1992-08-20,6.5,1.7332
Fast Five,"Action, Thriller, Crime",2011-04-20,7.245,1.8373
Bordertown: The Mural Murders,Crime,2021-10-27,6.615,1.7329
Coin Heist,"Family, Crime",2017-01-06,5.381,1.9091
The Claus Family,"Family, Fantasy",2020-12-07,6.04,1.9812
Double Dad,"Comedy, Drama, Family",2021-01-15,6.597,1.7712
Code Name: Emperor,"Drama, Thriller",2022-03-18,5.837,1.9299
Best. Christmas. Ever!,Comedy,2023-11-16,5.353,1.8566
Chokehold,"Thriller, Drama",2023-04-21,5.59,1.8807
Jim Jefferies: Intolerant,Comedy,2020-07-07,7.071,2.0722
Raazi,"Thriller, Drama, History",2018-05-10,7.264,1.458
The Polka King,Comedy,2017-01-22,5.582,1.8403
Uncorked,"Drama, Comedy",2020-03-27,6.124,1.5342
Almost Family,Comedy,2025-07-17,6.3,1.8745
Tòkunbọ̀,"Thriller, Crime, Drama",2024-08-23,6.7,1.7978
The Water Man,"Adventure, Fantasy",2020-09-13,6.063,1.9765
Trainwreck: Poop Cruise,"Documentary, Drama",2025-06-23,5.91,2.0156
John Mulaney: Baby J,Comedy,2023-04-24,7.182,2.1772
Comic 8 Revolution: Santet K4bin3t,"Action, Comedy, Fantasy, Horror",2025-12-24,4.625,1.8119
Thallumaala,"Comedy, Drama, Action",2022-08-12,6.885,1.9026
A Balloon's Landing,Drama,2024-05-10,7.3,1.7975
Sweet Bobby: My Catfish Nightmare,Documentary,2024-10-15,6.7,2.251
Christmas Under the Northern Lights,"TV Movie, Romance, Comedy",2024-12-19,6.103,1.6101
Romantik Problematik,"Romance, Comedy",2022-08-23,0.0,2.0575
June & Kopi,"Comedy, Drama, Family",2021-01-28,7.0,1.8619
Ivy + Bean: Doomed to Dance,"Family, Comedy",2022-09-02,6.5,1.6835
Billu,"Comedy, Drama",2009-02-13,6.396,2.096
Manila's Finest,"Crime, Drama",2025-12-25,0.0,1.8795
Beauty and the Beat,"Comedy, Music",2025-12-10,4.7,1.7243
Mute,Drama,2018-07-05,1.0,1.9278
Good Game: The Beginning,Comedy,2018-11-02,3.6,1.9656
Doi Boy,"Drama, Thriller",2023-10-07,6.304,1.6267
Padmini,"Romance, Comedy, Drama",2023-07-07,6.321,1.8734
Dave Chappelle: The Closer,Comedy,2021-10-05,7.144,2.0577
Jungle Beat: The Movie,"Family, Animation, Science Fiction, Comedy",2020-06-26,6.9,2.0919
Get the Grift,"Comedy, Crime",2021-04-28,6.429,1.6363
Grenfell: Uncovered,Documentary,2025-06-19,7.375,1.9071
English Babu Desi Mem,Romance,1996-01-26,5.452,1.5846
Operation Varsity Blues: The College Admissions Scandal,"Documentary, Crime, Drama",2021-03-17,6.829,1.6877
Nothing to Hide,"Drama, Comedy",2018-10-17,6.583,2.2058
Chasing Coral,Documentary,2017-03-16,7.703,1.9374
Pangolin: Kulu's Journey,Documentary,2025-04-21,7.643,1.6854
Squared Love Everlasting,"Romance, Comedy",2023-03-28,6.142,1.8949
Family of Two (A Mother and Son Story),Drama,2023-12-25,7.0,1.9108
Camp Crasher,"Comedy, Romance",2024-12-05,6.836,1.8937
Jani Dueñas: Grandes fracasos de ayer y hoy,Comedy,2018-06-29,6.2,1.622
Eye for an Eye,"Drama, Thriller, Crime",2019-08-30,6.661,1.9052
Aap Jaisa Koi,"Romance, Comedy",2025-07-11,6.481,1.6511
Honeymoon with My Mother,Comedy,2022-04-29,6.296,2.0113
John Mulaney: Kid Gorgeous at Radio City,"Comedy, TV Movie",2018-05-01,7.906,2.0438
Dancing on Glass,Drama,2022-04-08,6.115,2.1354
The Fast and the Furious,"Action, Crime, Thriller",2001-06-22,7.015,1.8712
New York,"Crime, Drama, Thriller",2009-06-26,6.27,1.7572
The Rope Curse 3,Horror,2023-08-25,5.0,1.7195
Step Sisters,Comedy,2018-01-19,6.366,1.7906
Mr. Car and the Knights Templar,"Adventure, Drama, Family",2023-07-12,5.8,1.9904
Groom & Two Brides,"Romance, Comedy",2025-11-06,7.0,1.823
Last Summer,"Romance, Drama",2021-07-09,5.9,2.0179
Hasee Toh Phasee,"Comedy, Romance",2014-02-07,6.6,1.8281
Jigra,"Action, Drama, Thriller",2024-10-10,6.0,1.5814
10 Days of a Good Man,"Crime, Drama",2023-02-10,6.475,1.7673
Waltair Veerayya,"Action, Drama",2023-01-13,5.333,1.5174
Noise,"Mystery, Drama, Thriller, Horror",2023-03-17,4.887,1.9081
Don,"Comedy, Romance",2022-05-12,6.041,1.7803
Case Closed: The Fist of Blue Sapphire,"Animation, Mystery, Crime, Action, Adventure",2019-04-12,6.2,1.6664
Trainwreck: The Astroworld Tragedy,Documentary,2025-06-09,6.644,2.1912
The Tree of Blood,Drama,2018-10-31,6.389,1.7128
Fanaa,"Action, Drama, Romance, Thriller",2006-05-26,6.739,1.7204
Barbie & Chelsea: The Lost Birthday,"Animation, Family",2021-03-27,6.8,1.9632
The Black Book,"Action, Mystery, Thriller",2023-09-22,6.709,1.9245
Nothing to Lose,"Drama, History",2018-03-29,5.29,1.7953
The Champion,"Drama, Family, Comedy",2024-07-12,5.491,1.9525
"Barbie: Big City, Big Dreams","Animation, Music, Family",2021-08-20,6.9,1.9669
A Christmas Prince,"Romance, TV Movie",2017-11-17,6.6,1.9102
Photocopier,"Drama, Mystery, Thriller",2021-10-08,6.9,1.7494
Chaahat,"Drama, Romance",1996-06-06,6.7,1.7062
A Christmas Prince: The Royal Baby,"Romance, Family, TV Movie",2019-12-05,6.3,1.9538
Casino Tycoon,"Thriller, Crime",1992-02-20,6.525,1.7228
Sabrina,"Horror, Thriller",2018-07-12,5.305,2.0554
Flat Girls,Drama,2025-02-06,7.1,1.7369
Jagame Thandhiram,"Crime, Drama",2021-06-18,5.527,1.4871
Crazy About Her,"Comedy, Romance",2021-02-26,7.204,1.7786
High Flying Bird,Drama,2019-01-27,5.695,1.7872
Dear Ex,"Drama, Comedy",2018-11-02,7.192,2.1147
Gun City,"Drama, Crime, Thriller",2018-10-11,6.318,1.516
Swim to Me,Drama,2025-09-25,5.643,1.9995
Agneepath,"Action, Crime, Drama",2012-01-25,6.4,1.542
I Believe in Santa,"Romance, Comedy",2022-12-14,5.289,1.7292
Bill Burr: Live at Red Rocks,Comedy,2022-07-12,7.277,2.1248
Indian,"Drama, Action, Thriller",1996-05-09,6.994,1.5412
Chappelle's Home Team - Earthquake: Legendary,Comedy,2022-02-28,6.75,1.8554
Night Drive,"Thriller, Drama",2022-03-11,7.6,1.6072
Just Short of Perfect,"Romance, Comedy",2021-11-18,6.0,2.0594
Descendant,"Documentary, History",2022-10-21,6.281,1.7786
Marco Polo: One Hundred Eyes,"Action, History, Drama",2015-12-26,7.299,2.0705
11M: Terror in Madrid,Documentary,2022-02-23,6.421,1.9186
Two Distant Strangers,Drama,2020-11-20,6.999,1.7317
You Do You,"Comedy, Romance",2023-06-09,6.2,1.9906
Red Dot,"Thriller, Drama",2021-02-11,5.874,2.1445
El Camino Christmas,"Comedy, Crime, Drama",2017-12-08,5.545,1.7656
Phir Aayi Hasseen Dillruba,"Mystery, Thriller, Romance",2024-08-09,6.37,1.5674
Beautiful Rebel,"Music, Drama, History",2024-05-02,6.798,1.9316
Fearless,"Family, Animation, Comedy",2020-08-14,5.866,1.8527
iNumber Number: Jozi Gold,"Crime, Action, Thriller",2023-06-23,5.712,1.693
Je suis Karl,"Drama, Thriller",2021-09-16,5.323,1.6346
Miss Shampoo,"Comedy, Romance, Crime",2023-07-28,5.096,1.6099
Ferry,"Crime, Drama, Action",2021-05-13,6.818,1.9979
Rattlesnake,"Thriller, Drama, Mystery, Horror",2019-10-25,5.251,1.6829
The Time That Remains,"Drama, Romance, Fantasy",2025-10-15,6.6,1.7796
Under the Amalfi Sun,"Romance, Comedy",2022-07-13,5.752,1.9535
Heart Parade,"Comedy, Romance",2022-06-15,5.974,1.6911
Out of My League,"Romance, Comedy",2020-10-22,6.915,1.7917
Shaitaan,"Thriller, Horror",2024-03-08,6.297,1.7762
The Murder of Rachel Nickell,"Documentary, Crime",2026-06-04,6.194,1.7343
Stamped from the Beginning,"Documentary, Animation",2023-11-10,6.58,1.6328
Mrs. Chatterjee Vs Norway,"Drama, Thriller",2023-03-16,5.872,1.5949
Untamed Royals,"Thriller, Crime, Drama",2024-08-27,6.244,1.7454
A Magnificent Life,"Animation, History, Drama",2025-10-15,7.19,1.7196
Eloá the Hostage: Live on TV,"Documentary, Crime",2025-11-12,7.4,2.0449
Madame Claude,"Crime, Drama, Romance",2021-04-02,5.672,1.6481
David and the Elves,"Family, Fantasy, Comedy",2021-12-06,6.136,1.9373
Bad Seeds,"Comedy, Drama",2018-11-21,7.608,1.665
AI Love You,"Romance, Science Fiction, Drama",2022-02-15,6.179,1.7281
"Bob Ross: Happy Accidents, Betrayal & Greed",Documentary,2021-08-25,6.611,1.5584
Jimmy Carr: Funny Business,"Comedy, TV Movie",2016-03-18,6.911,2.0016
Someone Borrowed,"Comedy, Romance",2022-10-11,6.306,1.7799
Take Me,"Comedy, Crime",2017-05-05,5.8,1.6208
Good on Paper,"Comedy, Romance",2021-06-23,5.577,1.6852
Marlon Wayans: Woke-ish,Comedy,2018-02-27,6.305,1.9955
Hitler: A Career,"Documentary, History",1977-07-08,7.426,1.7408
The Swan Princess Christmas,"Family, Animation, Fantasy",2012-11-05,5.4,1.9083
The Price of Family,Comedy,2022-12-19,6.44,1.71
Just Another Christmas,"Comedy, Drama, Fantasy, Family",2020-12-03,7.3,1.8412
Anjaam,"Crime, Drama, Thriller, Romance",1994-04-22,6.9,1.9152
Monster Hunter: Legends of the Guild,"Animation, Adventure, Action, Fantasy",2021-08-12,5.719,1.7812
Secrets in the Hot Spring,"Comedy, Horror",2018-07-11,6.6,1.6946
Heartsong,"Comedy, Drama, Music, Romance",2022-08-10,6.486,2.0627
Maa,Horror,2025-06-20,6.761,1.7257
An Honest Life,"Thriller, Drama",2025-07-30,5.7,1.9762
Anpanman: Star-Spirited Dollie,"Animation, Family",2006-07-15,8.2,1.7409
A Castle for Christmas,"Comedy, Adventure",2021-11-26,5.996,1.9075
Fyre,Documentary,2019-01-18,6.939,1.5546
Seriously Single,Comedy,2020-07-31,6.838,1.8754
The Saint of Second Chances,Documentary,2023-06-11,6.875,1.7314
The Breaker Upperers,Comedy,2018-03-10,5.2,1.7068
[m]otherhood,Documentary,2019-02-04,10.0,1.7281
What Jennifer Did,"Documentary, Crime",2024-04-09,6.233,1.6618
Just Say Yes,"Comedy, Romance",2021-04-02,6.292,1.6642
Drive,"Action, Thriller",2019-11-01,5.0,1.7806
Karol G: Tomorrow Was Beautiful,"Documentary, Music",2025-04-30,7.906,1.6091
Trevor Noah: Where Was I,"Comedy, Documentary",2023-12-18,6.409,2.2526
Thangalaan,"Adventure, Action, Fantasy, History",2024-08-15,6.9,1.5274
JJ+E,"Romance, Drama",2021-09-08,5.8,1.7011
Where the Tracks End,"Drama, Comedy, Family",2023-05-26,7.983,1.8862
Dongalunnaru Jagratha,Thriller,2022-09-23,4.7,1.9453
"Monica, O My Darling","Crime, Comedy, Drama, Mystery, Thriller",2022-11-11,7.1,1.8595
Turn of the Tide: The Surreal Story of Rabo de Peixe,"Documentary, Crime",2025-10-16,7.594,1.8457
Vijay 69,"Drama, Comedy",2024-11-08,7.0,1.7095
Life Without Principle,"Crime, Drama",2011-10-20,6.674,1.5814
How I Fell in Love with a Gangster,"Crime, Action, Drama",2022-01-05,6.639,1.9888
Kalank,"Drama, Romance",2019-04-17,5.8,1.9102
The Most Hated Woman in America,"Crime, Drama",2017-03-14,6.155,1.8203
Trevor Noah: Son of Patricia,"Comedy, TV Movie",2018-11-20,7.106,1.9943
In His Shadow,"Crime, Drama",2023-03-17,6.272,1.7605
B&B Merry,"Romance, Comedy, Drama, TV Movie",2022-12-04,5.984,1.7406
Unknown: Killer Robots,Documentary,2023-07-09,6.8,1.6632
Alter Me,"Romance, Comedy",2020-11-15,3.667,1.7061
Kontrabida Academy,"Comedy, Fantasy",2025-09-10,6.771,1.7471
Tomb Watcher,"Drama, Horror",2025-04-24,5.8,1.5186
Taylor Tomlinson: Look at You,Comedy,2022-03-08,7.207,2.0802
Dick Johnson Is Dead,Documentary,2020-01-23,7.071,1.8309
Gatao: The Last Stray,"Crime, Action",2021-02-05,5.4,1.7807
Kill Tony: Once Upon a Time in Texas,Comedy,2026-01-12,5.7,1.6605
Fanfic,Drama,2023-05-17,6.9,1.7356
Cyberbunker: The Criminal Underworld,Documentary,2023-11-07,6.547,1.984
GodFather,"Action, Drama",2022-10-05,5.9,1.5594
Aaja Nachle,"Romance, Drama",2007-11-30,6.435,1.7581
Good Sam,"Romance, Drama, Comedy",2019-05-16,6.0,1.5557
We Couldn't Become Adults,"Drama, Romance",2021-11-05,6.355,1.7708
The Last Laugh,Comedy,2019-01-11,5.395,1.618
What We Wanted,Drama,2020-11-11,5.832,1.7253
Dhoom,"Action, Crime, Drama, Thriller",2004-08-27,6.249,1.6548
My Amanda,"Romance, Drama",2021-07-15,5.7,1.768
Long Live Love!,"Romance, Comedy, Drama",2023-06-29,8.121,1.6892
"Masaka Kids, A Rhythm Within",Documentary,2025-12-08,7.111,1.6644
Trevor Noah: Afraid of the Dark,Comedy,2017-02-21,7.134,1.9613
Gunjan Saxena: The Kargil Girl,Drama,2020-07-23,7.3,1.6871
Valley of the Dead,"Comedy, Horror, War",2020-10-08,6.219,1.8341
Mujhse Dosti Karoge!,"Romance, Comedy, Drama",2002-08-08,6.2,1.6307
Jailbreak: Love on the Run,"Crime, Documentary",2024-09-24,6.424,1.6199
The White House Effect,Documentary,2024-08-31,6.0,1.6161
Firecracker,"Romance, Comedy, Drama",2022-07-16,6.8,1.6934
Bharat,"Action, History, Drama",2019-06-05,5.986,1.6357
Famous Last Words: Gloria Steinem,Documentary,2026-09-03,9.0,1.8285
"Umjolo: My Beginning, My End!","Romance, Drama",2025-01-02,7.875,1.6478
Life,Drama,2015-09-09,5.971,1.6831
Kill Me If You Dare,"Comedy, Romance",2024-02-13,5.4,1.6526
Lady J,"Drama, Romance",2018-09-12,6.422,1.5795
Maybe Baby,Comedy,2023-03-16,7.058,1.5594
The Endless Trench,"Drama, History, Thriller",2019-10-31,6.877,1.6935
The Holiday Calendar,"Romance, Comedy, Family",2018-11-02,6.614,1.7387
Surviving Paradise: A Family Tale,Documentary,2022-03-02,7.0,1.7139
The Binding,"Horror, Thriller, Drama",2020-10-02,5.473,1.7055
A Sun,"Drama, Crime",2019-11-01,7.704,1.9062
Coven,"Drama, History",2020-10-02,6.693,1.6071
Recurrence,Crime,2022-07-27,5.584,1.6958
Jim & Andy: The Great Beyond,"Documentary, Drama, Comedy",2017-09-05,7.455,1.4403
Happy Anniversary,"Romance, Comedy",2018-03-30,5.751,1.6131
Riphagen the Untouchable,"Drama, History, Thriller",2016-09-22,6.495,1.6209
Our Lovers,"Drama, Romance",2016-02-08,7.225,1.526
Ghost Lab,"Drama, Horror, Science Fiction, Thriller",2021-05-26,6.482,1.7524
Bhakshak,"Drama, Crime",2024-02-08,7.262,1.6556
Our Father,"Documentary, Crime",2022-05-11,6.502,1.8225
4L,"Comedy, Drama",2019-03-01,5.898,1.4758
My Favorite Wedding,"Comedy, Romance, TV Movie",2017-06-24,6.9,1.6534
Stuck Together,Comedy,2021-10-20,5.9,1.689
All Together Now,Drama,2020-08-28,6.702,1.6459
Christmas on Windmill Way,"Romance, Comedy, TV Movie",2023-12-02,5.86,1.5764
Under the Riccione Sun,"Comedy, Romance",2020-07-01,6.181,1.8351
I Am Not Big Bird,Comedy,2024-02-14,6.3,1.4111
Ek Villain Returns,"Action, Crime, Thriller",2022-07-29,5.989,1.601
Kurup,"Thriller, Crime",2021-11-12,6.331,1.7091
Royalteen: Princess Margrethe,"Drama, Romance",2023-05-11,6.392,1.7036
Chamatkar,"Romance, Comedy",1992-07-08,6.492,1.6864
Too Old for Fairy Tales 2,"Family, Comedy, Adventure",2024-03-15,6.457,1.7699
Dolly Parton's Christmas on the Square,"Comedy, Music, Family, TV Movie",2020-11-22,5.8,1.4255
Jim Jefferies: This Is Me Now,Comedy,2018-07-13,6.944,2.0795
Gabriel Iglesias: I'm Sorry for What I Said When I Was Hungry,Comedy,2016-12-20,7.029,1.6826
Bill Burr Presents: Friends Who Kill,Comedy,2022-06-06,5.403,1.9384
Christmas Inheritance,"Romance, Comedy",2017-12-15,6.267,1.8526
Neal Brennan: Blocks,Comedy,2022-11-08,7.059,2.1844
You & Me & Me,"Romance, Drama",2023-02-09,6.478,1.7747
Heroin(e),"Documentary, Crime",2017-09-03,6.889,1.8794
Fast & Furious,"Action, Crime, Thriller",2009-04-02,6.688,1.5933
Qifarah,"Horror, Thriller",2025-10-09,5.7,1.5849
Kuttavum Shikshayum,"Crime, Drama",2022-05-27,6.917,1.4787
The New Yorker at 100,Documentary,2025-08-29,7.018,1.4826
Furies,"Action, Drama, Thriller",2022-12-30,7.0,1.7856
Animas,"Thriller, Drama, Horror",2018-10-05,4.956,1.8692
Band Baaja Baaraat,"Comedy, Drama, Romance",2010-12-10,6.7,1.4372
Quincy,"Documentary, Music",2018-09-09,7.299,1.6851
Salvageland,"Western, Thriller",2025-11-26,0.0,1.6417
The Menendez Brothers,Documentary,2024-10-07,7.264,1.506
Trees of Peace,Drama,2021-04-01,7.2,1.7708
"Instadocs: Alex Murdaugh, Unconvicted",Documentary,2026-05-30,6.688,1.9829
The Last Days,"Documentary, History",1998-10-23,7.419,1.6626
Planet Single: Greek Adventure,"Comedy, Romance",2025-08-26,5.274,1.5699
Down the Rabbit Hole,"Comedy, Drama",2024-04-30,6.805,1.7088
Ludo,"Crime, Comedy",2020-11-12,7.204,1.7544
Patton Oswalt: Talking for Clapping,"Comedy, Documentary, TV Movie",2016-04-22,6.642,1.9244
Blue Jay,"Drama, Romance",2016-10-07,7.004,1.6313
Off Track 2,"Comedy, Drama",2025-05-23,5.7,1.5528
The Best of Netflix Is a Joke: The Festival,"Comedy, Documentary",2022-07-17,2.5,1.6465
Daughters,Documentary,2024-08-09,6.986,1.615
Rest in Peace,Drama,2024-03-21,5.851,1.7951
You've Got This,"Romance, Comedy",2020-10-02,7.885,1.6625
Dilan 1983,"Drama, Romance, Family, Comedy",2024-06-13,6.3,1.6444
Odum Kuthira Chadum Kuthira,"Drama, Romance, Comedy",2025-08-28,5.4,1.4511
One-Way to Tomorrow,"Comedy, Romance",2020-06-19,5.523,1.5437
Maareesan,"Thriller, Drama, Action",2025-07-25,7.02,1.6985
Mike Epps: Indiana Mike,Comedy,2022-03-29,5.375,2.04
The Great Seduction,"Drama, Comedy",2023-08-30,6.748,1.5032
Too Old for Fairy Tales,"Family, Comedy",2022-03-18,6.309,1.628
The Stone,"Crime, Thriller, Drama",2025-04-03,7.133,1.5637
The Forty-Year-Old Version,"Comedy, Drama, Music",2020-10-02,6.708,1.6396
Guillermo del Toro's Pinocchio: Handcarved Cinema,Documentary,2022-12-09,7.5,1.4356
Trinil,"Drama, Horror, Thriller",2024-01-04,4.4,1.4305
The Silence of the Marsh,Thriller,2019-11-08,5.243,1.6535
Sheriff,"Action, Crime, Thriller, Drama, Mystery",2024-04-18,7.595,1.533
Force 2,"Action, Adventure, Crime",2016-11-18,6.7,1.0555
Lifeline,"Action, Thriller",1997-01-03,7.2,1.9382
Dhamaka,"Thriller, Drama, Crime",2021-11-19,6.814,1.6233
The Land of Steady Habits,"Drama, Comedy",2018-09-12,5.556,1.6024
Chris D'Elia: No Pain,Comedy,2020-04-14,6.595,1.9068
Arlo the Alligator Boy,"Animation, Comedy, Family, Music, Adventure",2021-04-16,6.75,1.8025
King of Clones,Documentary,2023-06-23,7.014,1.6299
Ferry 2,"Action, Drama, Crime, Thriller",2024-12-19,5.966,1.7468
Have a Good Trip: Adventures in Psychedelics,"Documentary, Comedy",2020-05-11,6.583,1.5733
Larissa: The Other Side of Anitta,"Documentary, Music",2025-03-06,7.1,1.631
Detective Byomkesh Bakshy!,"Crime, Mystery, Thriller",2015-04-02,6.795,1.4488
Tere Ishk Mein,"Romance, Drama",2025-11-28,5.364,1.6183
"My Brother, My Sister",Drama,2021-10-08,6.415,1.4572
The Fable,"Action, Comedy, Crime",2019-06-21,6.733,1.6002
Abang Adik,"Drama, Crime",2023-12-01,7.7,1.6099
Forever Rich,"Crime, Comedy, Drama",2021-10-01,6.468,1.3555
Dabangg 3,"Action, Comedy, Crime",2019-12-20,4.8,1.7257
10 Days of a Curious Man,"Thriller, Drama, Crime",2024-11-06,6.163,1.661
Mantra Warrior: The Legend of The Eight Moons,"Animation, Action, Adventure, Fantasy, Science Fiction",2023-10-11,7.4,1.5912
Christopher - A Beautiful Real Life,"Documentary, Music",2025-08-26,7.7,1.4623
Jeff Dunham: Relative Disaster,Comedy,2017-09-12,6.609,1.8692
Pete Davidson: Turbo Fonzarelli,Comedy,2024-01-09,6.513,1.7764
"Kiss, Kiss!","Romance, Comedy",2023-04-26,5.3,1.5775
Shane Gillis: Beautiful Dogs,Comedy,2023-09-05,7.009,1.5248
"You, Always","Comedy, Romance",2026-05-01,5.857,1.7503
Tu Jhoothi Main Makkaar,"Comedy, Romance, Family",2023-03-08,6.287,1.5914
All the Places,"Comedy, Drama",2023-02-14,6.658,1.6256
Despite Everything,Comedy,2019-03-16,6.011,1.4671
Ibiza,"Comedy, Romance",2018-05-25,5.705,1.7694
That's Amor,"Romance, Comedy",2022-08-25,5.1,1.7871
I'm Glad It's Christmas,"TV Movie, Comedy, Romance, Drama",2022-11-26,5.741,1.6024
Up Next: Silvio Santos,"Drama, Comedy",2025-11-20,6.9,1.5551
Pete Davidson: Alive from New York,Comedy,2020-02-25,6.187,1.9704
No Pressure,"Romance, Comedy",2024-03-27,5.403,1.5813
Sun Dog,"Drama, Fantasy",2020-01-26,4.0,1.7634
Your Son,"Drama, Thriller",2018-11-09,5.772,1.6969
Love in a Puff,"Comedy, Drama, Romance",2010-03-25,7.0,1.6115
Ilary Blasi: The One and Only,Documentary,2023-11-24,5.701,1.6871
Mixtape,"Comedy, Family",2021-12-03,6.935,1.7001
Hum Tum,"Romance, Family, Comedy, Drama",2004-05-28,6.428,1.5726
Chalte Chalte,"Comedy, Drama, Romance",2003-06-12,6.259,1.6296
Missing,Drama,2024-05-17,7.308,1.7716
Padu,Drama,2024-06-06,0.0,1.6631
Kho Gaye Hum Kahan,"Drama, Comedy",2023-12-26,6.57,1.6171
Technoboys,"Comedy, Music",2024-09-05,6.284,1.852
Leanne Morgan: Unspeakable Things,Comedy,2025-11-03,5.8,1.7037
Mysteries of the Terracotta Warriors,Documentary,2024-06-11,6.723,1.715
The Hall: Honoring the Greats of Stand-Up,"Comedy, Documentary",2022-05-19,6.0,1.4314
Iraivan,"Action, Thriller",2023-09-28,5.267,1.583
Pinkfong Sing-Along Movie 3: Catch the Gingerbread Man,"Animation, Family, Music",2023-07-26,0.0,1.683
Anthony Jeselnik: Fire in the Maternity Ward,"Comedy, Documentary",2019-04-30,6.982,1.8688
In Good Hands,"Drama, Comedy, Romance",2022-03-21,6.6,1.5772
Lost in Perfection,"Crime, Drama, Mystery, Thriller",2023-10-27,5.5,1.6891
Monster Run,"Action, Adventure, Fantasy",2020-08-18,5.703,1.4555
Pagglait,"Drama, Comedy",2021-03-26,6.58,1.5629
Test,"Drama, Thriller",2025-04-04,5.8,1.6161
Black Beach,"Drama, Thriller",2020-09-25,5.753,1.6273
Strawberry Shortcake and the Beast of Berry Bog,"Animation, Family, TV Movie",2023-09-22,6.731,1.5734
The Awakening of Motti Wolkenbruch,Comedy,2018-07-05,6.016,1.4824
Basma,Drama,2024-03-05,7.088,1.5631
Love You To Debt,"Drama, Romance, Action",2024-04-25,6.857,1.4795
Behind the Curtain: Stranger Things: The First Shadow,Documentary,2025-04-14,7.343,1.6579
Pinkfong & Baby Shark's Space Adventure,"Animation, Family, Music, Science Fiction",2019-12-08,4.714,1.7379
Chris D'Elia: Incorrigible,Comedy,2015-04-17,6.129,1.9083
Untold: Hall of Shame,"Documentary, Crime",2023-08-15,6.591,1.5437
Hot Gimmick: Girl Meets Boy,"Drama, Romance",2019-06-28,5.941,1.5763
Article 370,"Action, Thriller, Drama",2024-02-23,7.104,1.6611
Mo Gilligan: In the Moment,Comedy,2026-02-03,7.2,1.477
"Deon Cole: Ok, Mister",Comedy,2024-09-16,5.889,1.8409
Trevor Noah: I Wish You Would,Comedy,2022-11-21,6.865,1.8569
A Wonderful World,"Comedy, Drama",2006-03-17,7.66,1.3672
Sikandar Ka Muqaddar,"Thriller, Crime, Mystery",2024-11-29,5.7,1.5248
The Perfect Dictatorship,"Drama, Comedy",2014-10-16,7.408,1.5663
Take Care of Maya,Documentary,2023-06-10,7.652,1.5738
Kabuki Akadō Suzunosuke,"Action, Fantasy, Drama",2022-06-16,10.0,1.6712
Disconnect: The Wedding Planner,"Romance, Comedy",2023-01-13,6.9,1.5418
I Am the Pretty Thing That Lives in the House,"Horror, Mystery",2016-09-10,4.608,1.5838
Gunday,"Action, Crime, Drama",2014-02-14,4.9,1.489
RRR: Behind & Beyond,Documentary,2024-12-20,7.5,1.4771
Bhool Bhulaiyaa 2,"Horror, Comedy",2022-05-20,6.143,1.6288
Swing Into Romance,"Romance, Comedy, TV Movie",2023-10-07,7.4,1.5974
Rabbids Invasion: Mission To Mars,"Animation, Comedy",2021-09-29,6.9,1.5739
Larva Pendant,"Comedy, Family, Animation",2022-05-25,7.3,1.5114
Michael Che Matters,"Comedy, TV Movie",2016-11-25,6.869,1.8898
Puff: Wonders of the Reef,Documentary,2021-10-01,7.643,1.5634
Dhamaka,"Action, Comedy",2022-12-23,4.3,1.6888
Adagio,"Crime, Thriller, Action",2023-12-14,6.621,1.3996
Disaster Holiday,"Comedy, Family",2024-12-12,6.677,1.5632
Merry Christmas,"Drama, Mystery, Thriller",2024-01-12,6.825,1.6651
Anthony Jeselnik: Thoughts and Prayers,Comedy,2015-10-16,7.398,1.8459
Gippi,"Romance, Comedy",2013-05-10,5.3,1.681
Barbie and Stacie to the Rescue,"Animation, Family",2024-03-03,6.2,1.9736
Sarah Millican: Late Bloomer,Comedy,2025-12-15,5.2,1.773
Qorin,Horror,2022-12-01,4.375,1.5128
Tashan,"Action, Romance",2008-04-25,4.5,1.6022
Rosa Peral's Tapes,Documentary,2023-09-08,5.711,1.672
The Last Paradiso,"Drama, Romance",2021-02-05,5.742,1.8557
A Vampire in the Family,Comedy,2023-12-23,5.286,1.5559
"All's Well, End's Well 2009","Comedy, Romance",2009-01-22,5.0,1.6023
A Brush with Christmas,"Romance, Comedy, Drama, TV Movie",2022-12-18,5.686,1.4883
Cactus Pears,"Drama, Romance",2025-09-19,8.1,1.5222
A Secret Love,Documentary,2020-04-06,7.369,1.7705
Untold: The Liver King,Documentary,2025-05-12,5.923,1.8615
The Four of Us,"Comedy, Romance, Drama",2021-10-15,5.468,1.4543
Kathal,"Comedy, Drama",2023-05-19,6.196,1.7763
Ultras,Drama,2020-03-09,6.146,1.5119
Maharaj,"Drama, History",2024-06-21,6.883,1.4679
Bill Burr: Walk Your Way Out,Comedy,2017-01-31,6.909,1.8518
"Thank You, I'm Sorry","Comedy, Drama",2023-12-26,5.694,1.4476
Duplicate,"Action, Comedy",1998-05-08,6.1,1.3909
Honeymoon,"Comedy, Drama",2022-10-25,7.0,1.8512
Love Destiny: The Movie,"Romance, Comedy, History",2022-07-28,7.1,1.5215
And Tomorrow the Entire World,"Crime, Drama, Romance",2021-10-07,6.0,1.5271
Laila Majnu,"Drama, Romance",2018-09-07,6.8,1.7193
One More Time,"Comedy, Drama, Romance",2023-04-12,5.812,1.8398
Octonauts and the Caves of Sac Actun,"Family, Animation, Adventure",2020-08-14,6.7,1.3853
The Wonder Weeks,"Comedy, Drama",2023-06-09,5.705,1.5643
Untold: Hope Solo vs. U.S. Soccer,Documentary,2024-09-02,6.5,1.3676
Forever Out of My League,"Romance, Comedy",2022-01-31,6.0,1.5759
Don't Kill Me,Horror,2021-04-21,4.578,1.6146
Eternal Summer,"Drama, Romance",2006-10-13,6.087,1.5991
Bhool Bhulaiyaa 3,"Horror, Comedy",2024-11-01,5.532,1.5742
The Murderer,"Comedy, Mystery, Crime, Thriller",2023-07-27,6.776,1.7179
Student Of The Year,"Comedy, Drama, Romance",2012-10-19,5.799,1.8612
Missing: The Lucie Blackman Case,"Documentary, Crime",2023-07-26,7.0,1.4717
A Second Chance: Rivals!,"Drama, Family",2019-09-21,6.926,1.7159
Doom of Love,"Romance, Drama",2022-06-20,6.661,1.4558
Izla,"Comedy, Horror",2021-10-22,4.2,1.4654
Dasvi,"Drama, Comedy",2022-04-07,6.171,1.5625
Maria,"Action, Crime",2019-03-07,6.028,1.3827
Vaathi,"Drama, Action",2023-02-16,6.771,1.4954
I Don't Expect Anyone to Believe Me,"Comedy, Crime, Drama",2023-11-22,6.412,1.4473
The Seat,Documentary,2025-05-05,7.438,1.7203
Virunga,"Documentary, War",2014-11-07,7.904,1.6483
Patton Oswalt: Annihilation,"Comedy, Documentary",2017-10-17,7.066,1.8418
Concrete Cowboy,"Drama, Western",2020-09-13,6.1,1.4427
The Guide to the Perfect Family,"Comedy, Drama",2021-07-14,6.5,1.3896
Thar,"Western, Action, Thriller, Drama, Crime",2022-05-06,5.895,1.4896
The Figo Affair: The Transfer That Changed Football,Documentary,2022-08-25,6.871,1.8234
Falling in Love Like in Movies,"Comedy, Drama, Romance",2023-11-30,8.769,1.4234
Love,Thriller,2020-10-15,6.3,1.6216
The After,Drama,2024-02-16,5.594,1.4526
Lal Patthar,Drama,1971-12-31,7.667,1.2401
Tigertail,Drama,2020-04-10,6.729,1.2745
Rocko's Modern Life: Static Cling,"Animation, Comedy, TV Movie, Family",2019-08-09,6.6,1.5471
Kaatteri,"Comedy, Horror",2022-08-05,3.3,1.4296
Cedric the Entertainer: Live from the Ville,"Comedy, Documentary, TV Movie",2016-09-16,5.692,1.7475
Michael Che: Shame the Devil,Comedy,2021-11-16,6.792,1.7307
Sunday's Illness,Drama,2018-02-23,6.622,1.4195
Humpty Sharma Ki Dulhania,"Drama, Comedy, Romance",2014-07-11,6.439,1.6396
A Nonsense Christmas with Sabrina Carpenter,"Music, Comedy",2024-12-05,6.7,1.5966
House of Ga'a,"Action, History",2024-07-26,5.554,1.6703
"El Especial de Alex Fernández, el Especial",Comedy,2017-10-13,5.5,1.6167
"Norm Macdonald: Hitler's Dog, Gossip & Trickery",Comedy,2017-05-09,6.879,1.8091
Ta Ra Rum Pum,"Family, Comedy, Romance",2007-04-27,6.217,1.3973
May the Devil Take You,"Horror, Mystery, Thriller",2018-08-09,6.209,1.7219
6 Years,"Romance, Drama",2015-03-14,5.425,1.7212
Dragons: Rescue Riders: Hunt for the Golden Dragon,"Animation, Family, TV Movie",2020-03-27,6.7,1.4548
CMXXIV,Comedy,2025-12-31,6.685,1.7915
Dragons: Rescue Riders: Secrets of the Songwing,"Animation, Family, TV Movie",2020-07-24,7.3,1.4925
Agneepath,"Action, Crime, Drama",1990-02-16,6.3,1.5071
Ivy + Bean,"Family, Adventure, Comedy",2022-09-02,6.7,1.4326
Bhola Shankar,"Action, Crime, Drama, Thriller",2023-08-10,3.5,1.3383
I'm No Longer Here,Drama,2019-10-21,7.9,1.6291
Bunty Aur Babli,"Comedy, Crime, Romance",2005-05-27,6.348,1.4265
Adú,Drama,2020-01-31,6.858,1.4356
Deon Cole: Charleen's Boy,Comedy,2022-11-15,7.25,1.7846
Seventeen,"Drama, Comedy",2019-09-21,7.304,1.459
Zero to Hero,Drama,2021-08-12,7.1,1.4602
A Brother and 7 Siblings,"Drama, Family",2025-01-23,8.417,1.3658
Race 3,"Thriller, Action, Crime, Adventure",2018-06-15,3.6,1.4591
Neal 'N' Nikki,"Comedy, Romance",2005-12-09,3.929,1.4891
On My Skin,Drama,2018-09-12,8.013,1.5139
Anima,Music,2019-06-26,7.273,1.3358
The Last Shot,"Crime, Drama, Action",2025-11-27,6.0,1.5043
A Journey,Drama,2024-04-13,7.224,1.5536
Bayonet,Drama,2018-11-09,6.1,1.6569
Sui Dhaaga - Made in India,"Comedy, Drama, Family",2018-09-28,7.238,1.3342
Maya Memsaab,"Drama, Mystery, Romance",1993-07-02,5.7,1.4183
Chris & Martina: The Final Set,Documentary,2026-06-10,7.5,1.6806
CBI 5: The Brain,"Crime, Thriller",2022-05-01,4.412,1.5066
Zero to Hero,"Romance, Comedy, Music",2023-10-05,6.435,1.4262
"¡Ay, mi madre!",Comedy,2019-03-29,4.657,1.6038
Into the Inferno,Documentary,2016-09-07,6.93,1.5851
Chris D'Elia: Man on Fire,Comedy,2017-06-27,6.196,1.8938
Stutz,Documentary,2022-11-13,7.455,1.4749
Secret Lives of Orangutans,Documentary,2024-08-21,7.5,1.3347
Trespassers,"Drama, Mystery, Comedy, TV Movie",2024-01-03,7.077,1.5222
Fall Into Winter,"TV Movie, Comedy, Romance",2023-01-28,5.708,1.5017
Erax,"Mystery, Family",2022-02-17,4.7,1.4723
2nd Miracle in Cell No. 7,"Drama, Comedy, Family",2024-12-25,8.4,1.5465
Color Book,Drama,2024-06-08,9.4,1.3782
Struggle: The Life and Lost Art of Szukalski,Documentary,2018-12-20,7.525,1.4174
The Archies,"Comedy, Drama, Romance",2023-12-07,5.6,1.4083
Brothers,"Action, Drama",2015-08-14,6.4,1.4931
Sahara,Drama,2018-11-18,1.333,1.5465
Jim Jefferies: Two Limb Policy,Comedy,2025-08-11,6.742,1.8453
83,"Drama, History",2021-12-23,7.239,1.6415
Jim Gaffigan: Beyond the Pale,Comedy,2006-01-29,7.005,1.5849
Jeff Dunham: Beside Himself,Comedy,2019-09-24,7.423,1.7707
Dry Martina,"Comedy, Drama",2018-06-21,5.784,1.4755
Royalteen,"Romance, Drama",2022-08-17,5.829,1.463
Curse of the Seven Seas,"Horror, Thriller",2024-11-07,5.7,1.6876
The Fakenapping,Comedy,2025-12-06,6.409,1.4596
Is That Black Enough for You?!?,Documentary,2022-10-09,6.066,1.4946
Barry,Drama,2016-09-10,5.666,1.6402
Adili Idola Celebrity Roast: Fedi Nuril,Comedy,2026-05-21,7.0,1.3478
A Girl and A Guy,"Drama, Romance, Comedy",2021-06-24,4.545,1.3574
A California Christmas: City Lights,"Romance, Comedy, Drama",2021-12-16,6.6,1.677
Skywalkers: A Love Story,Documentary,2024-07-12,7.169,1.4522
See You Yesterday,"Science Fiction, Drama, Adventure, Crime, Action",2019-05-03,5.545,1.5138
Girlfriend's Day,"Comedy, Drama",2017-01-24,5.006,1.3767
Gladbeck: The Hostage Crisis,Documentary,2022-06-08,7.514,1.515
Solo,"Thriller, Drama, Adventure",2018-08-03,5.432,1.6195
Once Upon a Star,Drama,2023-10-09,6.625,1.3035
In Family I Trust,"Comedy, Romance",2019-01-18,6.196,1.5279
In Good Hands 2,"Drama, Comedy, Romance",2024-05-22,6.844,1.4624
Reggie Watts: Spatial,Comedy,2016-12-06,5.667,1.7372
Hello Babies,Comedy,2014-01-11,5.1,1.4422
How to Get Over a Breakup,Comedy,2018-05-31,6.8,1.3053
Trust No One: The Hunt for the Crypto King,"Documentary, Crime",2022-03-30,6.101,1.7605
Rising Phoenix,Documentary,2020-08-26,8.118,1.3717
Virupaksha,"Horror, Mystery, Thriller",2023-04-20,6.659,1.3644
The Art of War III: Retribution,"Action, Adventure, Thriller",2009-08-24,4.061,1.5117
Matter of Time,"Documentary, Music",2025-06-12,8.4,1.2991
Masha and the Bear: 12 Months,"Comedy, Animation, Adventure",2022-12-15,8.1,1.728
I Missed You,"Romance, Drama, Family",2021-02-10,6.3,1.1691
F*ck Love Too,"Comedy, Romance",2022-05-20,5.3,1.6593
Handsome: A Netflix Mystery Movie,Comedy,2017-05-05,5.26,1.4376
UFO,"Drama, Romance",2022-02-23,6.152,1.468
One 2 Ka 4,"Action, Drama, Comedy",2001-03-30,5.596,1.5345
"The Haunted Apartment: ""Miss K""","Horror, Thriller, Mystery",2024-12-25,5.6,1.46
Octonauts and the Great Barrier Reef,"Family, Animation, Adventure",2020-11-12,5.4,1.3168
ManSuang,"Drama, Mystery",2023-08-24,6.9,1.3903
Big Mäck: Gangsters and Gold,Documentary,2023-01-20,6.986,1.5369
Tomorrow,Drama,2022-02-12,4.5,1.4108
The Disciple,"Drama, Music",2020-09-27,6.746,1.4372
Rekonek,"Drama, Family",2025-12-25,0.0,1.5443
Louis C.K.: Ridiculous,Comedy,2026-06-30,6.125,1.5181
BRO,"Comedy, Drama, Fantasy",2023-07-27,6.313,1.3677
Dining with the Kapoors,"Documentary, Family",2025-11-20,4.0,1.3526
Go! The Unforgettable Party,"Music, Family, Drama, TV Movie",2019-11-15,7.459,1.4809
All Day and a Night,Drama,2020-05-01,6.243,1.4106
Jim Norton: Mouthful of Shame,"Comedy, TV Movie, Documentary",2017-03-14,6.4,1.2524
"Ken Jeong: You Complete Me, Ho","Comedy, Documentary",2019-02-14,5.787,1.8548
Darlings,Comedy,2022-08-05,7.0,1.6408
Sunny Sanskari Ki Tulsi Kumari,"Romance, Comedy, Family",2025-10-02,5.9,1.3439
The Making of Jay Kelly,Documentary,2025-12-04,6.429,1.5443
Suffocating Love,"Romance, Fantasy, Drama",2024-07-12,6.1,1.6249
Chelsea Handler: Revolution,Comedy,2022-12-27,5.611,1.7889
Untold: Operation Flagrant Foul,Documentary,2022-08-30,7.027,1.2976
Hijack '93,"Thriller, Drama",2024-10-24,5.618,1.5387
Shaandaar,"Comedy, Romance",2015-10-22,4.313,1.435
Sam Morril: Same Time Tomorrow,Comedy,2022-09-01,6.857,1.446
Maybe Baby 2,Comedy,2024-11-21,7.1,1.4473
Kadaseela Biriyani,"Crime, Drama, Comedy",2021-11-19,6.9,1.2317
Ullozhukku,Drama,2024-06-21,7.0,1.3994
Hospital,Horror,2020-12-31,5.761,1.3779
Ghost Stories,Horror,2020-01-01,5.2,1.472
A Night at the Kindergarten,Comedy,2022-12-28,6.0,1.35
Uppena,"Romance, Drama",2021-02-12,5.75,1.4023
Weathering,Thriller,2023-04-07,4.888,1.502
An Action Hero,"Action, Thriller, Comedy",2022-12-02,6.5,1.4161
Untold: The Fall of Favre,Documentary,2025-05-19,5.87,1.2499
Caught by a Wave,"Drama, Romance",2021-03-25,6.583,1.5146
The Martha Mitchell Effect,"Documentary, Crime, History",2022-01-20,6.399,1.3382
Forever,Drama,2023-07-07,6.603,1.5621
Hurricane Season,"Drama, Thriller, Crime",2023-11-01,6.9,1.4655
Making The Witcher,"Documentary, TV Movie",2020-08-25,7.097,1.7556
Jerry Before Seinfeld,"Comedy, Documentary",2017-09-19,6.739,2.023
40 Years Young,Comedy,2022-03-10,5.8,1.3125
Bartkowiak,"Action, Thriller",2021-07-28,6.025,1.7575
Christmas As Usual,"Romance, Comedy, Drama",2023-12-06,5.905,1.3822
Dancing with the Birds,Documentary,2019-10-23,7.727,1.5665
Yiya Murano: Death at Tea Time,Documentary,2026-04-16,6.8,1.4382
Rebirth,Thriller,2016-04-17,4.7,1.4271
What Happened to Mr. Cha?,Comedy,2021-01-01,6.9,1.2158
Outstanding: A Comedy Revolution,"Documentary, Comedy",2024-06-07,6.2,1.4605
Bharathanatyam,"Comedy, Drama",2024-08-30,7.382,1.493
Mission Majnu,"Thriller, Action, Drama, History",2023-01-20,6.8,1.7192
The Ghazi Attack,"Action, War, Thriller, History",2017-02-17,7.104,1.4558
Kabhi Haan Kabhi Naa,"Romance, Comedy, Drama",1994-02-25,6.7,1.4428
A Not So Merry Christmas,"Comedy, Family",2022-12-20,6.7,1.5547
Atlantics,"Drama, Romance, Fantasy",2019-10-02,6.7,1.5892
The House of Flowers: The Movie,Drama,2021-06-22,7.923,1.4289
Sorgavaasal,"Action, Crime, Thriller, Drama",2024-11-29,6.714,1.3668
Everybody Loves Me When I'm Dead,"Thriller, Crime, Drama",2025-10-10,6.417,1.7858
The Festival of Troubadours,Drama,2022-09-02,5.849,1.3683
Shehzada,"Action, Comedy, Drama, Romance",2023-02-17,5.717,1.7263
Mixed by Erry,"Comedy, History, Music",2023-03-02,7.44,1.3956
Untold: Breaking Point,Documentary,2021-09-07,7.566,1.3207
The Man Without Gravity,"Fantasy, Drama, Comedy",2019-10-21,7.0,1.4711
Angèle,"Documentary, Music",2021-11-26,7.029,1.987
Si Juki the Movie: Harta Pulau Monyet,"Animation, Adventure, Comedy, Family, Fantasy",2024-06-27,7.0,1.4661
Plan A Plan B,"Romance, Comedy",2022-09-30,5.75,1.3692
Sun Dogs,"Drama, Comedy, Adventure",2017-06-18,6.47,1.4022
Home Sweet Loan,"Drama, Family, Comedy",2024-09-26,8.1,1.3634
The Worthy,"Thriller, Action, Science Fiction",2016-10-08,4.883,1.5765
To Kill a Tiger,Documentary,2023-10-20,7.571,1.4442
Chhota Bheem: Journey to Petra,"Animation, Adventure",2011-05-01,0.0,1.4197
The Legacy of a Whitetail Deer Hunter,Comedy,2018-03-10,5.165,1.2736
Fast & Furious 6,"Action, Thriller, Crime",2013-05-21,6.816,1.4147
Broad Peak,"Drama, History",2022-09-09,5.81,1.294
The Incredible Jessica James,"Romance, Comedy",2017-01-27,6.158,1.3512
The Getaway King,"Comedy, Crime, Action",2021-09-17,6.268,1.2857
Ajeeb Daastaans,"Drama, Romance",2021-04-16,6.1,1.3303
Misha and the Wolves,"Documentary, Mystery",2021-09-03,6.9,1.358
Goodbye,"Drama, Comedy, Family",2022-10-07,7.444,1.3614
Kaala Patthar,"Drama, Action, Thriller",1979-08-09,7.5,1.341
DEVO,"Documentary, Music",2024-01-21,7.7,1.3281
The Secret Diary of an Exchange Student,"Comedy, Romance",2021-08-18,6.503,1.5423
Come Sunday,Drama,2018-01-21,5.835,1.252
Buddy,"Action, Comedy",2024-08-02,3.5,1.5571
Forensic,"Crime, Thriller",2020-02-28,6.663,1.3955
Super Monsters Furever Friends,"Fantasy, Animation",2019-04-16,5.5,1.3372
Cici,Drama,2022-10-27,6.3,1.3645
Sounds Like Love,"Comedy, Romance",2021-09-29,6.368,1.4612
The Man Who Loved UFOs,"Drama, Comedy, Fantasy",2024-10-10,6.583,1.4763
Notes for My Son,Drama,2020-11-24,7.443,1.3276
Wedding Games,"Comedy, Romance",2023-11-24,4.938,1.3643
The Perfect Family,"Comedy, Drama, Family",2021-12-03,5.515,1.4767
Athlete A,Documentary,2020-06-23,7.536,1.446
Miss Italia Mustn't Die,Documentary,2025-02-26,6.676,1.2038
And the Breadwinner Is...,"Comedy, Family, Drama",2025-01-02,7.1,1.2653
Ae Dil Hai Mushkil,"Romance, Drama",2016-10-27,6.393,1.7507
American Son,"Drama, TV Movie",2019-09-12,6.042,1.3175
Britain and the Blitz,Documentary,2025-05-05,7.217,1.3081
Fanatyk,"Drama, Comedy",2017-12-24,6.732,1.4471
A Farewell to Ozark,Documentary,2022-04-29,6.674,1.447
Deon Cole: Cole Hearted,Comedy,2019-10-08,6.531,1.6829
24 Hours with Gaspar,"Action, Crime, Drama, Mystery, Science Fiction, Thriller",2023-10-06,6.557,1.4149
The Father Who Moves Mountains,"Drama, Thriller",2021-07-23,5.8,1.3245
The Girl on the Train,"Drama, Thriller",2021-02-26,5.737,1.5717
Untold: Jake Paul the Problem Child,Documentary,2023-08-01,5.76,1.4747
Student of the Year 2,"Romance, Comedy, Drama",2019-05-10,4.172,1.3741
Mitt,Documentary,2014-01-17,6.328,1.5037
Cowspiracy: The Sustainability Secret,Documentary,2014-07-01,7.619,1.5073
Who's a Good Boy?,Comedy,2022-11-23,5.232,1.4915
Kaapa,"Crime, Action, Drama",2022-12-22,4.75,1.3286
Little Big Women,Drama,2020-11-06,7.184,1.3547
Chopsticks,"Comedy, Drama",2019-05-31,6.1,1.3698
Pray Away,Documentary,2021-06-16,6.693,1.2838
Biko,"Drama, Romance",2022-10-13,2.0,1.6084
Vijay,"Drama, Action, Romance",1988-08-12,4.417,1.5072
Manmadhudu 2,"Comedy, Romance, Drama",2019-08-09,5.077,1.2601
Burning Sands,Drama,2017-01-24,5.825,1.4632
Christmas Crossfire,"Comedy, Crime, Thriller",2020-12-04,4.676,1.4694
Fever Dream,"Thriller, Drama, Mystery",2021-10-06,5.799,1.4237
All About Gila,Comedy,2022-04-21,5.75,1.2458
Untold: Malice at the Palace,"Documentary, Crime",2021-08-10,7.238,1.367
Ricardo O'Farrill: abrazo navideño,Comedy,2016-12-01,4.4,1.4216
Gaga: Five Foot Two,"Music, Documentary",2017-09-21,7.432,1.5447
Operation Mistletoe,"TV Movie, Romance, Comedy",2024-11-01,5.75,1.3388
Oho Enthan Baby,Romance,2025-07-11,5.0,1.4126
Kaal,"Action, Thriller, Horror",2005-04-29,4.695,1.6187
Extremis,Documentary,2016-04-17,6.944,1.2432
Crime Diaries: The Celebrity Stylist,"Crime, Drama, Thriller, Mystery",2023-11-22,6.0,1.2541
Udta Punjab,"Crime, Drama",2016-06-17,7.267,1.3133
The Antisocial Network: Memes to Mayhem,Documentary,2024-03-10,6.468,1.3518
Sometimes,Drama,2017-01-07,7.208,1.4348
Happiness Is,"Romance, Comedy, Drama",2024-10-17,6.688,1.4955
Layla Majnun,"Drama, Romance",2021-02-11,7.5,1.3052
Mission Blue,Documentary,2014-01-30,7.4,1.439
Sosyal Climbers,"Romance, Comedy",2025-02-26,6.44,1.3257
Divorce,"Comedy, Drama",2024-09-25,6.456,1.4422
Stuck Apart,"Comedy, Drama",2021-01-08,6.015,1.1955
Orgasm Inc: The Story of OneTaste,Documentary,2022-11-05,6.054,1.3505
The Laws of Thermodynamics,"Romance, Comedy",2018-04-20,5.794,1.5019
American Symphony,"Documentary, Music",2023-11-24,6.544,1.3654
Jeff Arcuri: Nice to Meet You,Comedy,2026-07-07,7.1,1.3283
Dolly Parton: A MusiCares Tribute,"Documentary, Music",2021-04-07,6.7,1.3358
Umjolo: The Gone Girl,"Romance, Drama, Comedy",2024-11-07,7.673,1.433
When the Angels Sleep,"Thriller, Crime",2018-09-07,5.542,1.7607
Lali: Time To Step Up,"Music, Documentary",2025-12-04,5.5,1.4677
Mary Beth Barone: Galaxy Brain,Comedy,2026-07-28,5.917,1.2582
The Post-Truth World,"Crime, Mystery, Drama",2022-10-21,6.2,1.4355
Áfàméfùnà: An Nwa Boi Story,Drama,2023-11-06,0.0,1.5838
The Bros,Comedy,2017-11-02,6.297,1.4785
Kath & Kimderella,Comedy,2012-09-06,5.3,1.2434
Power,Documentary,2024-05-10,6.971,1.341
Srikanth,Drama,2024-05-10,7.565,1.3706
Life in a Metro,"Drama, Romance",2007-05-11,6.441,1.4978
Dream Girl 2,"Comedy, Romance",2023-08-25,5.548,1.4503
Kelsey Cook: Happy Hour,Comedy,2026-08-18,5.8,1.1899
Wanda Sykes: I'm an Entertainer,Comedy,2023-05-22,6.609,1.2716
Shiny_Flakes: The Teenage Drug Lord,"Documentary, Crime",2021-08-02,7.494,1.5105
Ben Platt: Live from Radio City Music Hall,"Music, Documentary",2020-05-20,7.8,1.2898
Rewind,"Drama, Romance, Science Fiction",2023-12-25,6.9,1.3186
The Three Deaths of Marisela Escobedo,"Documentary, Crime",2020-10-14,8.841,1.2324
White Hot: The Rise & Fall of Abercrombie & Fitch,Documentary,2022-04-19,5.663,1.4276
1000 Miles From Christmas,"Comedy, Romance, Family",2021-12-24,6.28,1.3521
Bangarang,,2017-06-26,2.5,1.4065
Laaga Chunari Mein Daag,"Drama, Romance",2007-10-12,5.429,1.2283
Renovation Romance,"TV Movie, Romance, Comedy",2024-11-01,6.6,1.461
Made In China,"Comedy, Drama",2019-10-25,5.826,1.2903
"To Each, Her Own","Comedy, Romance",2018-06-24,5.049,1.3615
They'll Love Me When I'm Dead,Documentary,2018-08-31,7.123,1.4607
Olivia Rodrigo: GUTS World Tour,Music,2024-10-25,7.7,1.328
All My Friends Are Dead,"Comedy, Drama, Thriller",2020-12-28,5.854,1.8093
Raangi,"Action, Thriller",2022-12-30,3.1,1.3624
Christmas at the Drive-In,"TV Movie, Comedy, Romance",2022-11-25,5.766,1.4673
Mehandi Circus,Drama,2019-04-19,6.0,1.6706
Diorama,"Romance, Drama, Comedy",2022-05-06,5.4,1.5943
Badhaai Do,"Comedy, Drama",2022-02-11,6.832,1.1602
The Invisible Thread,"Family, Drama, Comedy",2022-03-04,6.552,1.4275
Delivery by Christmas,"Romance, Comedy",2022-12-06,5.9,1.2709
Sohni Mahiwal,"Romance, Drama, Action",1984-06-28,5.438,1.2112
A Business Proposal,"Drama, Comedy, Romance",2025-02-06,2.7,1.2494
Classmates Minus,"Comedy, Drama",2020-11-20,7.1,1.3017
Paskal,"Action, War, Drama, History, Adventure, Crime",2018-09-27,7.634,1.3621
Back to School,Comedy,2019-08-30,5.384,1.4357
A Cinderella Christmas Ball,"Romance, Comedy",2024-11-29,6.118,1.3508
Animals on the Loose: A You vs. Wild Movie,Adventure,2021-02-16,5.798,1.4192
Black Is Beltza,"Animation, Drama, Thriller",2018-10-05,5.528,1.3501
One Hit Wonder,"Romance, Music, Drama",2025-08-21,6.4,1.2979
Veere Di Wedding,"Drama, Comedy",2018-06-01,4.7,1.402
Adios Amigo,Drama,2024-08-09,5.5,1.2223
Tughlaq Durbar,"Drama, Comedy",2021-09-10,5.864,1.2917
Bank Robbers: The Last Great Heist,Documentary,2022-08-10,6.686,1.4767
Babah,"Drama, Family",2024-12-05,5.0,1.0988
Strawberry Shortcake's Spring Spectacular,"Animation, Family",2024-01-25,7.6,1.2692
Haroun,Comedy,2021-10-27,6.2,1.4698
4 Kings II,"Drama, Action, Crime",2023-11-30,6.818,1.3183
Psycho,"Thriller, Drama",2020-01-24,5.1,1.444
Metro... In Dino,"Drama, Romance, Comedy",2025-07-04,6.4,1.262
BuyBust,"Action, Drama, Thriller, Crime",2018-08-01,5.894,1.214
The Killer,"Action, Western",2017-09-13,6.116,1.3991
Qila,Drama,1998-04-10,5.75,1.361
Katt Williams: Woke Foke,Comedy,2024-05-04,5.338,1.3795
Slam,Comedy,2016-11-20,5.8,1.5486
Not Friends,"Drama, Comedy",2023-10-26,7.364,1.2646
The Substitute,"Drama, Crime",2022-10-20,5.86,1.4301
My Boo 2,"Romance, Comedy, Horror",2025-10-30,4.0,1.457
"Strip Down, Rise Up",Documentary,2021-02-05,6.49,1.2544
Nee Forever,"Drama, Romance",2026-03-27,0.0,1.4226
Oh Darling! Yeh Hai India!,Comedy,1995-08-11,4.694,1.3242
Trainwreck: The Cult of American Apparel,Documentary,2025-06-30,6.138,1.5062
Thambi,"Thriller, Action",2019-12-19,6.4,1.2839
Winter on Fire: Ukraine's Fight for Freedom,Documentary,2015-09-03,7.865,1.2844
Bangarang,Documentary,2024-06-06,8.0,1.4128
Chandramukhi 2,"Comedy, Horror, Drama",2023-09-28,3.167,1.2585
Takkar,"Action, Romance",2023-06-09,4.778,1.1583
Black Holes: The Edge of All We Know,"Documentary, Science Fiction, Mystery",2020-03-18,6.621,1.1321
Memories of a Murderer: The Nilsen Tapes,Documentary,2021-08-18,5.944,1.4044
Fenced In,Comedy,2022-09-01,5.679,1.3615
Spirit Riding Free: Spirit of Christmas,"Animation, Family, Adventure, TV Movie",2019-12-06,6.789,1.4033
Ghislaine Maxwell: Filthy Rich,Documentary,2022-11-25,6.236,1.1934
Get Me Roger Stone,Documentary,2017-04-23,7.048,1.2926
Love Me Instead,Drama,2021-11-19,6.543,1.3408
Saathiya,"Romance, Drama",2002-12-20,6.148,1.3729
The Elephant Whisperers,Documentary,2022-12-07,7.273,1.4424
One Night in Paris,Comedy,2021-10-14,5.2,1.2426
Jai Mummy Di,"Comedy, Romance",2020-01-16,4.9,1.2277
Ali Topan,"Action, Drama, Adventure, Romance",2024-02-14,6.9,1.1007
Isolated,"Horror, Thriller",2025-04-30,7.214,1.1895
Kill Dil,"Action, Drama, Romance",2014-11-13,5.111,1.1864
The Anthrax Attacks: In the Shadow of 9/11,"Documentary, Crime",2022-09-08,6.733,1.2197
The After Party,"Comedy, Music",2018-08-24,6.081,1.3667
Anweshippin Kandethum,"Crime, Thriller, Drama",2024-02-09,6.956,1.2851
Malbatt: Misi Bakara,"Action, History, Drama, War",2023-08-24,6.778,1.3939
The Truth About Jussie Smollett?,Documentary,2025-08-21,5.389,1.1268
Avicii - My Last Show,"Music, Documentary",2024-12-30,7.537,1.3006
Monster,"Thriller, Horror",2023-11-29,5.153,1.0584
Amanda Knox,"Documentary, Crime",2016-09-10,6.6,1.4486
Counterpunch,Documentary,2017-06-16,6.5,1.3441
Thandel,"Romance, Action, Drama, Thriller",2025-02-07,6.188,1.495
Big Nunu's Little Heist,"Comedy, Crime",2023-07-28,6.7,1.3074
Nobody Knows I'm Here,Drama,2020-04-15,6.659,1.4186
C4 Cinta,"Romance, Comedy",2024-11-21,0.0,1.8092
Martha,Documentary,2024-08-31,7.2,1.1407
Cirkus,"Comedy, Drama",2022-12-23,4.1,1.2608
Tubelight,"Drama, War",2017-06-22,5.286,1.5287
Bank Chor,"Comedy, Crime, Thriller",2017-06-16,5.0,1.1944
Oklahoma City Bombing: American Terror,"Documentary, Crime",2025-04-17,6.833,1.6022
Deep,"Science Fiction, Thriller, Drama, Mystery",2021-07-16,6.3,1.391
Scarecrow,Horror,2025-02-07,6.3,1.3168
Lolo and the Kid,"Drama, Family",2024-08-07,7.756,1.2424
Been So Long,"Drama, Music, Romance",2018-10-12,5.484,1.2849
In Waves and War,Documentary,2024-08-31,6.714,1.127
Wild Wild Punjab,"Comedy, Adventure",2024-07-10,6.438,1.3874
Jai Ho,"Action, Drama",2014-01-24,4.962,1.6503
Face Off: The Studio,Action,2016-04-29,5.2,1.1824
Dum Laga Ke Haisha,"Comedy, Drama, Romance",2015-02-27,7.186,1.3422
Long Shot,"Crime, Documentary",2017-09-03,7.176,1.3046
Amigos,"Action, Thriller",2023-02-10,4.5,1.2688
Habaddi,"Comedy, Drama, Romance",2019-10-26,4.7,1.2638
Friday Night Plan,"Comedy, Drama",2023-09-01,5.636,1.1701
Rainbow,"Fantasy, Drama, Comedy, Music",2022-09-18,5.478,1.3025
Take Your Pills,Documentary,2018-03-09,6.51,1.4846
Qala,"Drama, Music",2022-11-24,6.726,1.2808
What the Health,Documentary,2017-03-16,6.774,1.3047
Temple of Film: 100 Years of the Egyptian Theatre,Documentary,2023-11-09,6.14,1.1442
Aadikeshava,"Action, Romance",2023-11-23,6.2,1.1666
"ariana grande: excuse me, i love you","Music, Documentary",2020-12-21,7.936,1.358
"Berlin, Berlin","Comedy, Drama, Romance",2020-05-08,5.0,1.1887
Sheng Wang: Purple,Comedy,2026-04-07,6.1,1.5134
Tell Me When,"Drama, Romance",2020-12-25,6.548,1.2224
A King Like Me,Documentary,2024-03-10,10.0,1.0179
Magik Rompak,"Crime, Thriller",2025-09-11,6.0,1.3296
Jack,"Comedy, Crime, Romance",2025-04-10,6.0,1.347
Sarah Cooper: Everything's Fine,Comedy,2020-10-27,5.364,1.2369
Stealing Raden Saleh,"Crime, Drama, Action",2022-08-25,7.553,1.2272
Faasle,"Drama, Family",1985-09-17,8.0,1.5249
Ok Jaanu,"Drama, Romance",2017-01-12,5.8,1.1898
A Perfect Fit,"Romance, Comedy, Drama",2021-07-15,7.257,1.2564
Pulimada,"Drama, Thriller",2023-10-26,5.7,1.1158
Tony Hinchcliffe: Man of the People,Comedy,2026-06-09,4.5,1.2359
Burning Patience,"Romance, Drama",2022-12-07,6.7,1.2523
Clinical,"Thriller, Horror",2017-01-13,5.3,1.4618
Deidra & Laney Rob a Train,"Drama, Comedy, Crime",2017-01-23,5.648,1.3053
Air Force The Movie: Danger Close,"Action, War, Adventure",2022-08-25,6.4,1.1713
The Falls,Drama,2021-10-29,6.574,1.3137
The Devil's Mark,Horror,2020-01-03,4.492,1.4965
Gumrah,"Drama, Action, Crime",1993-08-03,7.0,1.5266
So Much Love to Give,Comedy,2020-09-09,5.92,1.5064
Mili,Thriller,2022-11-04,6.545,1.3896
ReMastered: Devil at the Crossroads,"Music, Documentary",2019-04-26,6.8,1.292
I Am Vanessa Guillen,Documentary,2022-11-16,7.5,1.3884
Who Killed Santa? A Murderville Murder Mystery,"Comedy, Crime, TV Movie",2022-12-14,5.96,1.4372
You Are Not Alone: Fighting the Wolf Pack,Documentary,2024-02-23,7.0,1.2114
Prime Time,"Drama, Thriller",2021-01-30,5.179,1.2335
Baggio: The Divine Ponytail,Drama,2021-05-26,6.43,1.3736
Super Monsters Back to School,Animation,2019-08-16,4.714,1.2758
Paris Christmas Waltz,"Romance, Comedy, TV Movie",2023-11-19,6.5,1.3026
Doctor G,"Comedy, Drama",2022-10-14,6.279,1.1472
Nganù,Drama,2023-11-07,8.5,1.2667
Marcello Hernández: American Boy,Comedy,2026-01-07,7.326,1.6577
Kesari,"Action, Drama, History, War",2019-03-21,7.114,1.2186
Agak Laen,Comedy,2024-02-01,7.152,1.3651
Creating an Army of the Dead,Documentary,2021-05-21,6.0,1.2527
A Christmas Prince: The Royal Wedding,"Romance, Comedy, TV Movie",2018-11-30,6.4,1.1885
Three of Us,Drama,2023-11-03,7.579,1.3286
Stromboli,Drama,2022-11-03,5.228,1.3313
Anna Nicole Smith: You Don't Know Me,Documentary,2023-05-16,6.063,1.3141
Cobalt Blue,"Romance, Drama",2022-04-02,5.956,1.356
Eerie,"Horror, Crime, Thriller",2019-03-27,5.423,1.0768
Father Soldier Son,"Documentary, War",2020-04-15,6.5,1.4024
Barbra: The Music ... The Mem'ries ... The Magic!,Music,2017-11-22,7.071,1.1456
Becoming,Documentary,2020-05-06,7.199,1.4429
Dostana,"Drama, Comedy, Romance",2008-11-13,6.15,1.4962
Close,,2017-05-14,0.0,1.247
Depeche Mode: M,"Documentary, Music",2025-10-28,8.202,1.2013
ONE SHOT with Ed Sheeran,Music,2025-11-20,6.905,1.3134
Amar Singh Chamkila,"Drama, Music",2024-04-12,7.676,1.2202
Dancing Queens,"Comedy, Drama",2021-06-03,5.949,1.3671
Trainwreck: Balloon Boy,Documentary,2025-07-14,5.786,1.4822
Mountain Queen: The Summits of Lhakpa Sherpa,Documentary,2024-07-26,7.603,1.2812
Khufiya,"Crime, Thriller, Mystery",2023-10-05,6.295,1.3697
Ìjọ̀gbọ̀n,Drama,2023-10-13,6.6,1.4238
Meri Pyaari Bindu,"Drama, Romance",2017-05-11,6.2,1.3268
Cities of Last Things,"Drama, Science Fiction, Crime",2018-12-13,6.392,1.2439
Mascots,Comedy,2016-09-10,5.406,1.4777
Delicious Romance,"Drama, Comedy, Romance",2023-04-20,6.6,1.1577
Luka Chuppi,"Comedy, Romance",2019-03-01,6.0,1.3054
Confessions of an Invisible Girl,"Comedy, Drama",2021-09-22,6.6,1.3824
Dil Bole Hadippa!,"Romance, Comedy, Drama",2009-09-18,5.532,1.3562
"Vengeance Is Mine, All Others Pay Cash","Action, Romance, Comedy",2021-12-02,6.7,1.2772
Talvar,"Thriller, Drama, Mystery",2015-10-02,7.483,1.4086
Love Aaj Kal,"Romance, Drama",2020-02-14,5.6,1.2248
The Skin of the Wolf,"Romance, Drama",2018-03-09,5.503,1.1461
Russell Peters: Almost Famous,Comedy,2016-10-07,6.281,1.5602
Queens on the Run,Comedy,2023-04-14,7.069,1.4707
Badmaash Company,Crime,2010-05-07,5.825,1.2031
A Merry Christmas Wish,"TV Movie, Comedy, Romance",2022-11-12,5.964,1.3299
"Ordinary Men: The ""Forgotten Holocaust""","Documentary, History",2022-01-25,7.4,1.3953
The Last Salute,Documentary,2026-08-26,1.0,1.243
October Gale,"Thriller, Drama, Romance",2014-09-11,5.014,1.3167
Eldorado: Everything the Nazis Hate,Documentary,2023-06-27,7.132,1.2963
"What Happened, Miss Simone?","Music, Documentary",2015-01-22,7.389,0.9414
Mujrim,"Drama, Action",1989-07-28,8.083,1.44
The Action Pack Saves Christmas,"Animation, Family",2022-11-28,4.9,1.3455
Unknown: Cave of Bones,Documentary,2023-07-16,7.1,1.3288
Nanpakal Nerathu Mayakkam,"Comedy, Drama, Fantasy",2023-01-19,7.063,1.256
Masameer Junior,"Animation, Comedy, Adventure, Action",2025-06-11,7.857,1.2933
Yara,Drama,2021-10-18,6.3,1.3843
Kylie - Tension Tour Live,Music,2026-05-27,6.3,1.1426
Selena y Los Dinos: A Family's Legacy,"Documentary, Music",2025-01-26,8.956,1.321
Malang,"Romance, Action, Adventure, Crime, Thriller",2020-02-06,7.015,1.2837
RedLife,Drama,2023-11-02,5.8,1.3721
Robby Hoffman: Wake Up,Comedy,2025-12-14,5.0,1.3245
Biggie: I Got a Story to Tell,"Documentary, Music",2021-03-01,7.096,1.2545
Japan,"Drama, Comedy, Crime",2023-11-09,3.333,1.2312
Semi-Soeter,"Romance, Comedy",2025-06-19,6.265,1.4143
Four to Dinner,"Comedy, Romance",2022-01-05,6.154,1.1898
Squid Game in Conversation,Documentary,2025-06-26,8.308,1.0663
Audible,Documentary,2021-04-29,6.801,1.1002
Three Songs for Benazir,Documentary,2021-06-02,6.171,1.1994
The Tribe,Comedy,2018-03-16,6.325,1.3589
The Buckingham Murders,"Crime, Mystery, Thriller",2024-09-13,5.717,1.2359
Marilyn's Eyes,Comedy,2021-10-14,6.721,1.3125
Making The Witcher: Season 2,Documentary,2021-12-16,6.847,1.1145
Wild Is the Wind,"Crime, Drama",2022-10-28,5.651,1.4199
Saakini Daakini,"Action, Adventure, Comedy",2022-09-16,5.4,1.1634
Firebrand,Drama,2019-02-22,5.8,1.2982
Parasite in Love,"Drama, Romance",2021-11-12,6.8,1.2432
Ramabanam,"Action, Comedy",2023-05-05,3.7,1.1613
The Ride,"Action, Thriller",2025-09-24,0.0,1.1775
Dange,"Action, Drama, Thriller",2024-03-01,8.1,1.1843
The Edge of Democracy,Documentary,2019-01-24,7.658,1.1226
Chhota Bheem aur Krishna: Pataliputra - City of the Dead,"Action, Adventure, Animation, TV Movie",2009-09-27,5.5,1.1322
The Third Eye,"Horror, Thriller",2017-11-30,5.722,1.4029
LOL Surprise: The Movie,"Animation, Family",2021-10-08,6.8,1.3057
Seven Years,Drama,2016-10-28,6.374,1.161
WWE Crown Jewel 2025,Action,2025-10-11,7.023,1.2264
Kangaroo Valley,"Documentary, Family",2022-12-14,6.952,1.2832
Sardar Ka Grandson,"Comedy, Drama, Romance, Family",2021-05-18,7.125,1.301
Thiruvin Kural,"Drama, Thriller, Action",2023-04-14,4.8,0.9585
Irugapatru,"Romance, Family, Drama",2023-10-06,7.233,1.2353
Ladies VS. Ricky Bahl,"Comedy, Drama, Romance",2011-12-08,6.046,1.3078
Circus of Books,"Documentary, History",2019-04-26,6.821,1.0708
Ginny Weds Sunny,"Romance, Comedy, Drama, Family",2020-10-09,6.0,1.198
Ranga Ranga Vaibhavanga,"Romance, Comedy, Drama",2022-09-02,4.325,1.1117
Maktub,"Comedy, Drama",2017-09-06,7.2,1.1166
Holiday in the Vineyards,"Romance, Drama",2023-12-13,5.707,1.1926
Green Bones,"Crime, Drama, Thriller",2024-12-25,7.5,1.0436
Untold: The Murder of Air McNair,"Documentary, Crime",2024-08-19,5.6,1.2206
Masthishka Maranam,"Science Fiction, Comedy, Thriller",2026-02-27,5.5,1.3297
My Love Will Make You Disappear,"Romance, Comedy",2025-03-26,8.5,1.2907
Joan Didion: The Center Will Not Hold,Documentary,2017-10-11,7.385,1.0086
Andragogy,Drama,2023-11-02,8.25,1.1643
Ishaqzaade,"Drama, Action, Romance",2012-05-11,6.038,1.2852
Yoo Byung Jae: Discomfort Zone,Comedy,2018-08-17,6.4,1.2779
Face Off 6: The Ticket of Destiny,"Thriller, Mystery",2023-04-28,6.2,1.3346
The Magic School Bus Rides Again: Kids in Space,"Family, Animation, Adventure",2020-08-07,7.3,1.2405
Don't Blame Karma!,"Romance, Comedy",2022-08-03,6.874,1.2477
Kapoor & Sons,"Drama, Romance, Comedy, Family",2016-03-18,7.055,1.256
Bachna Ae Haseeno,"Romance, Comedy, Drama",2008-08-15,6.106,1.2041
Bombay Rose,"Animation, Drama, Romance",2019-08-28,6.6,1.1849
Get the Goat,"Action, Comedy, Crime",2021-03-18,6.87,1.3631
She's Gotta Have It,"Comedy, Romance",1986-08-08,6.6,1.3481
Vaashi,"Drama, Thriller",2022-06-17,5.938,1.0173
A Remarkable Tale,Comedy,2019-07-12,5.479,1.2032
Jogi,"Crime, Drama",2022-09-16,6.971,1.1479
American Factory: A Conversation with the Obamas,Documentary,2019-09-03,5.5,1.1562
Thomas & Friends: Race for the Sodor Cup,"Animation, Family, TV Movie",2021-09-17,5.0,1.228
Thomas & Friends: The Christmas Letter Express,"Animation, Adventure, Family",2024-11-19,7.1,1.1655
The Marriage App,"Romance, Comedy",2022-12-07,6.043,1.3125
Serendipity,Drama,2021-09-22,2.0,1.1307
Operation Nation,"Comedy, Romance",2022-09-02,5.5,1.1026
Hey! Sinamika,"Drama, Romance",2022-03-03,5.731,1.441
Seth Rogen's Hilarity for Charity,"Comedy, Documentary, TV Movie",2018-04-06,5.114,1.1681
After the Quake,Drama,2025-10-03,8.0,1.1252
Ulajh,"Drama, Thriller",2024-08-02,5.763,1.1736
Thottappan,Drama,2019-06-05,5.0,1.1394
Lobola Man,"Comedy, Romance",2024-07-12,8.1,1.2858
Kandasamys: The Baby,Comedy,2023-10-20,5.6,1.3592
Dobaaraa,"Science Fiction, Mystery, Thriller",2022-08-19,5.2,1.3712
Kill Tony: Mayhem at Madison Square Garden,Comedy,2025-08-25,4.9,1.097
Ek Ladki Ko Dekha Toh Aisa Laga,"Romance, Drama",2019-02-01,5.6,1.1957
Mardaani 2,"Action, Crime, Thriller",2019-12-12,7.0,1.1451
Inkabi,"Drama, Action",2024-03-13,5.5,1.4181
Takizawa Kabuki Zero 2020: The Movie,Music,2020-12-04,0.0,1.2819
A Choo,"Action, Comedy, Romance, Science Fiction",2020-07-15,5.0,1.1608
CREEP,Horror,2014-12-21,2.0,1.3539
Kadhalikka Neramillai,"Romance, Drama, Comedy",2025-01-14,5.357,1.1138
Frankenstein: The Anatomy Lesson,Documentary,2025-11-06,7.433,1.2667
Too Much Love,"Comedy, Romance",2023-10-26,6.0,1.1097
Bheed,Drama,2023-03-24,6.026,1.1984
The Turning Point,Drama,2021-12-02,6.171,1.2735
Mumbai Mafia: Police vs the Underworld,Documentary,2023-01-06,6.4,1.2723
Black Rose,Thriller,2023-11-24,5.0,1.3534
Meenakshi Sundareshwar,"Romance, Drama",2021-11-05,5.592,1.1145
13 Bombs,"Action, Crime, Thriller",2023-12-28,6.984,1.3235
Suzzanna: Kliwon Friday Night,"Drama, Horror, Fantasy, Thriller",2023-08-03,6.438,1.2317
Ali & Ratu Ratu Queens,"Comedy, Drama",2021-06-17,6.324,0.9872
Anpanman: Adventure of Happie,Animation,2005-07-16,5.8,1.3794
DSP,"Action, Drama",2022-12-02,6.242,1.2503
Anne+: The Film,"Drama, Romance",2021-10-14,6.2,1.3741
Crosspoint,"Drama, Action, Thriller",2024-10-16,0.0,1.1205
Mat Kilau,"Action, History, War, Adventure, Drama, Thriller",2022-06-23,6.8,1.2241
Alkhallat+,"Mystery, Comedy",2022-12-04,6.893,1.1753
Telusu Kada,"Romance, Drama",2025-10-17,4.3,1.1748
CTRL,"Thriller, Drama",2024-10-04,6.11,1.2634
Rumspringa,"Comedy, Drama",2022-04-29,5.397,1.2387
Mark Cavendish: Never Enough,Documentary,2023-08-02,7.862,1.25
Tell Me Who I Am,"Documentary, Drama, Mystery",2019-10-18,7.35,1.2311
Dongeng Sang Kancil,"Animation, Adventure, Comedy, Family, Fantasy, Music",2024-12-26,7.6,1.1704
Eye of the Storm,Drama,2023-04-14,7.3,1.2602
The Claus Family 3,"Family, Comedy, Fantasy",2022-12-07,5.733,1.2285
Why Did You Kill Me?,"Documentary, Crime",2021-04-07,5.888,1.2836
Yaar Gaddar,"Crime, Action",1994-11-04,6.0,1.1884
Gori Tere Pyaar Mein,"Comedy, Romance",2013-11-22,6.009,1.0701
Autumn Girl,"Drama, History",2021-11-12,4.722,1.2509
"Hello, Privilege. It's Me, Chelsea",Documentary,2019-09-13,5.437,1.1393
Mandela,"Comedy, Drama",2021-04-05,7.186,1.1964
Wild Dog,"Action, Thriller",2021-04-02,5.435,1.1488
Everyone Knows Every Juan,"Comedy, Drama",2025-10-22,6.0,1.2143
Greater Kalesh,"Drama, Family",2025-10-17,5.3,1.2326
The Upshaws - The Afterparty,,2021-05-14,7.2,1.0925
Sangre del Toro,Documentary,2025-08-29,6.269,1.1048
Mr. & Mrs. Mahi,"Drama, Romance",2024-05-31,5.882,1.2096
Maamannan,"Drama, Thriller",2023-06-29,5.983,1.0917
Tegkang,Drama,2024-11-28,6.0,1.2348
"Crack: Cocaine, Corruption & Conspiracy",Documentary,2021-01-11,6.817,1.3273
Intuition,"Thriller, Crime",2020-05-28,6.228,1.2066
Con Mum,"Documentary, Crime",2025-03-24,6.769,1.4309
Hasan Minhaj: Homecoming King,Comedy,2017-05-23,7.584,1.1467
Spelling the Dream,Documentary,2020-06-03,7.071,1.1019
Noorie,Romance,1979-05-11,7.0,1.3423
Whindersson Nunes: My Own Show!,Comedy,2022-03-03,7.143,1.2322
Possessive,"Drama, Romance",2017-10-26,7.028,1.0382
Panipat,"Action, History, War, Romance",2019-12-06,6.1,1.392
WHAT DID JACK DO?,"Comedy, Mystery, Crime",2017-11-08,6.287,1.3955
Into the Deep: The Submarine Murder Case,"Documentary, Crime",2020-01-23,6.549,1.2855
A Royal Date for Christmas,"Romance, Comedy, TV Movie",2023-11-25,5.8,1.3733
Gumraah,"Crime, Action, Thriller",2023-04-07,6.793,1.1669
A Ranjith Cinema,Thriller,2023-12-08,5.2,1.1537
Casting JonBenet,"Documentary, Crime, Drama",2017-04-28,5.644,1.1878
What If?,"Drama, Romance",2023-09-07,6.2,1.1433
So My Grandma's a Lesbian!,"Comedy, Romance",2020-09-11,5.321,1.2434
"With Love, Meghan: Holiday Celebration",Documentary,2025-12-02,3.3,1.1531
Nothing to Lose 2,Drama,2019-08-15,4.9,1.2306
Trainwreck: The Real Project X,Documentary,2025-07-07,5.906,1.4044
Swearnet: The Movie,Comedy,2014-08-29,5.183,1.0703
Soweto Blaze,"Comedy, Action",2023-10-28,0.0,1.1041
The White Helmets,"Documentary, War",2016-09-16,7.39,1.1568
Face Off,Comedy,2015-03-11,4.7,1.0429
Mission Raniganj,"Drama, Action, Thriller",2023-10-06,6.56,1.264
Umjolo: Day Ones,"Romance, Drama",2024-12-19,8.0,1.1997
Thalaikoothal,"Drama, Family",2023-02-03,6.3,1.1092
A Land Imagined,"Mystery, Drama",2019-02-06,5.9,1.2149
Full Circle,Documentary,2023-10-20,6.5,1.155
The Hatchet Wielding Hitchhiker,"Crime, Documentary",2023-01-10,6.189,1.3868
Godspeed,Drama,2022-05-23,6.838,1.2412
HOMONCULUS,"Fantasy, Drama",2026-05-30,0.0,1.097
A Family Reunion Christmas,"Comedy, Family",2019-12-09,5.9,1.36
Reversing Roe,Documentary,2018-09-01,7.333,1.1354
Crypto Boy,Drama,2023-10-19,6.295,0.9778
One Small Problem,Comedy,2020-07-27,6.355,1.1133
Miss India,Drama,2020-10-04,4.2,1.0503
A StoryBots Christmas,"Animation, Fantasy, Music",2017-12-01,5.545,1.0697
Dostana,"Drama, Action, Crime",1980-10-17,6.033,1.3034
Girl's Revenge,Drama,2020-08-07,5.5,1.071
A Miracle,"Music, Drama",2024-12-25,10.0,1.3919
Def Comedy Jam 25,"Comedy, Documentary, TV Movie",2017-09-26,6.0,1.1419
Seventeen,"Animation, Documentary",2023-11-10,0.0,1.1088
Hello Ghost!,"Comedy, Family, Drama",2023-08-18,6.867,1.3169
Untold: Sign Stealer,Documentary,2024-08-26,7.1,1.1225
Thai Massage,"Comedy, Drama",2022-11-11,6.0,1.3042
Bagheera,"Action, Adventure",2024-10-31,5.457,1.2121
Shikari,"Action, Drama",1991-04-12,5.786,1.1036
Bringing Christmas Home,"Romance, Comedy, TV Movie",2023-10-28,6.5,1.2621
Still Out of My League,"Romance, Comedy",2021-09-16,6.571,1.3352
Posthouse,"Horror, Fantasy",2025-08-20,5.0,1.114
Super Senior Heroes,"Comedy, Fantasy, Family",2022-10-16,6.0,1.3194
Sarbath,"Romance, Comedy",2021-04-11,5.0,1.0896
Indigo,"Horror, Thriller",2023-10-19,5.9,1.048
Battle: Freestyle,"Romance, Drama",2022-04-01,5.514,1.2303
Chatha Pacha: The Ring of Rowdies,"Action, Drama, Comedy",2026-01-22,5.85,1.1842
Call Me Dad,"Drama, Comedy, Family",2025-08-07,7.4,1.2028
Sky Ladder: The Art of Cai Guo-Qiang,Documentary,2017-09-22,6.955,1.1934
Anuja,Drama,2024-06-08,6.543,1.0466
Elesin Oba: The King's Horseman,Drama,2022-09-10,6.182,1.1304
A Trash Truck Christmas,"Animation, Adventure, Family",2020-12-11,6.3,1.0953
Ram Jaane,"Action, Crime",1995-11-29,5.194,1.1201
The Lonely Island Presents: The Unauthorized Bash Brothers Experience,"Comedy, Music",2019-05-22,6.363,1.1781
Believe: The Ultimate Battle,"Action, Drama, History, War",2025-07-24,6.0,0.935
Lead Me Home,"Documentary, Drama",2021-09-03,6.327,1.0618
A Soweto Love Story,"Comedy, Romance",2024-02-14,4.66,1.1885
Miss. Shetty Mr. Polishetty,"Comedy, Drama, Romance, Thriller",2023-09-07,6.242,1.2115
The (Almost) Legends,"Comedy, Music",2023-07-19,7.831,1.2659
Adventures of Ali-Baba and the Forty Thieves,"Adventure, Drama, Family",1980-05-29,6.3,1.1066
Vengeance in the Dreary Night,"Crime, Drama, Mystery, Thriller",2025-05-28,7.0,0.9346
Boomika,"Mystery, Thriller, Horror",2021-08-20,5.237,1.0115
Feminists: What Were They Thinking?,Documentary,2018-02-19,7.535,1.1244
A Cop Movie,"Documentary, Crime, Drama",2021-10-28,7.2,1.163
Felix Lobrecht: Hype,"Comedy, Documentary",2020-11-03,5.667,1.1775
Dhokha: Round D Corner,"Crime, Thriller",2022-09-22,5.383,1.1071
Bleach,,2016-07-10,2.0,1.3504
Badrinath Ki Dulhania,"Drama, Comedy, Romance",2017-03-10,6.452,1.1983
My Next Guest with David Letterman and Volodymyr Zelenskyy,Documentary,2022-12-12,7.094,1.071
Black,Drama,2005-02-04,7.669,1.272
Nail Bomber: Manhunt,"Crime, Documentary, History",2021-05-26,6.5,1.1149
In Her Hands,Documentary,2022-11-16,5.853,1.2341
American Girl,Drama,2021-12-03,6.8,1.0964
Kaka Boss,"Comedy, Drama",2024-08-29,5.8,1.1072
The Entitled,"Comedy, Romance",2022-07-29,4.885,1.1522
I Love Lizzy,"Romance, Drama",2023-01-18,9.5,1.1915
For Jojo,Drama,2022-07-10,4.24,1.2917
Chandigarh Kare Aashiqui,"Drama, Romance",2021-12-10,5.961,1.0778
Khel Khel Mein,"Comedy, Drama",2024-08-15,5.986,1.0193
Kuyang,"Horror, Drama, Thriller",2024-03-07,5.8,1.1696
Road to Roma,Documentary,2020-02-11,7.79,1.0874
Irul,"Thriller, Mystery",2021-04-02,5.647,1.2856
Hold Your Breath: The Ice Dive,Documentary,2022-05-02,6.594,1.1333
Hell Torture,"Horror, Thriller",2023-12-14,6.056,1.1824
Jonas Brothers Family Roast,"Comedy, Music, Documentary",2021-11-23,6.456,1.1473
"Frankenstein's Monster's Monster, Frankenstein",Comedy,2019-07-16,5.8,1.1464
Rangabali,"Romance, Comedy, Action",2023-07-07,5.8,1.4879
The Delivery Rider,"Action, Drama",2025-10-23,7.05,1.0688
Vadh,"Crime, Thriller",2022-12-09,6.448,1.0558
Sonora: The Devil’s Highway,"Drama, Thriller, Western",2019-09-06,6.2,1.1364
Chestnut vs. Kobayashi: Unfinished Beef,,2024-09-02,3.5,1.0321
The Dad Quest,"Comedy, Drama",2025-04-08,6.9,1.1348
The Claus Family 2,"Family, Comedy, Fantasy",2021-12-07,6.42,1.4734
Sukhee,"Comedy, Drama",2023-09-22,6.125,1.2964
Mucho Mucho Amor: The Legend of Walter Mercado,Documentary,2020-01-24,7.306,1.1448
My Wonderful Life,"Comedy, Drama, Romance",2021-10-29,4.943,1.0691
The Matchmaker,"Drama, Mystery, Thriller",2023-04-27,5.4,1.138
Mau Nieto: viviendo sobrio… desde el bar,Comedy,2018-01-26,5.6,1.0684
Seeing Allred,Documentary,2018-01-21,6.7,1.2011
Free Rein: The Twelve Neighs of Christmas,"Comedy, Drama, Family",2018-12-06,6.674,1.1344
Bogeyman,"Action, Comedy",2023-06-26,6.273,1.0614
The Ghost,"Action, Drama, Thriller",2022-10-05,5.0,1.2717
The Little Switzerland,Comedy,2019-04-26,4.7,1.0053
Kuttey,"Comedy, Crime, Thriller",2023-01-13,5.886,1.1114
Anelka: Misunderstood,Documentary,2020-08-05,6.517,1.3035
La Luna,"Comedy, Drama, Romance",2023-11-09,7.6,0.9532
"All's Well, Ends Well","Comedy, Romance",2012-01-19,4.6,1.1252
Forgive Us Our Debts,Drama,2018-05-04,6.074,1.0649
Jersey,Drama,2022-04-22,7.0,1.1571
It's All Good,"Drama, Comedy",2021-12-31,3.5,1.0778
Serious Men,"Drama, Comedy",2020-10-02,6.651,1.0881
Mr Bachchan,"Action, Drama, Romance",2024-08-15,3.0,1.1503
Trailer Park Boys: The Movie,"Comedy, Crime",2006-10-06,6.537,1.0556
Guilty,"Thriller, Drama",2020-03-06,6.6,1.1826
Do You See What I See,"Drama, Horror, Thriller",2024-05-16,6.84,1.2676
It's All Over: The Kiss That Changed Spanish Football,Documentary,2024-10-31,6.719,1.2552
The Sky Is Pink,"Romance, Drama, Comedy",2019-10-11,7.7,1.1428
The Third Eye 2,"Horror, Mystery, Thriller",2019-01-11,5.787,1.2548
Bo Burnham: Make Happy,"Comedy, Music",2016-06-03,8.009,1.1064
Doll House,Drama,2022-10-07,5.8,1.2107
Da Kath & Kim Code,"Comedy, TV Movie",2005-11-27,6.9,1.1345
Khoon Khoon,"Drama, Crime",1973-01-01,4.429,0.9583
Untold: The Race of the Century,Documentary,2022-09-06,7.462,1.206
Super Monsters Save Christmas,"Animation, Family",2019-11-26,6.0,1.1852
My Daughter's Killer,Documentary,2022-07-12,6.697,1.5102
Parchís: the Documentary,"Documentary, Music",2019-03-12,6.618,1.0759
Raat Akeli Hai,"Crime, Mystery, Thriller",2020-07-31,6.828,1.2732
The Stringer: The Man Who Took the Photo,Documentary,2025-01-25,7.925,1.1632
You Gotta Have Faith,"Romance, Comedy",2025-10-15,10.0,1.2326
Fate: The Winx Saga - The Afterparty,"Fantasy, Comedy",2021-02-19,7.841,1.2209
Mungkin Esok Lusa Atau Nanti,Drama,2024-07-11,6.0,1.1717
Temurun,"Horror, Thriller",2024-05-30,6.432,1.0789
Conjuring Kannappan,"Comedy, Horror",2023-12-08,6.2,0.9865
Trailer Park Boys: Live in F**kin' Dublin,"Comedy, TV Movie, Documentary",2014-05-01,5.875,1.0463
Sherdil: The Pilibhit Saga,Drama,2022-06-24,5.9,1.1316
Sommore: Chandelier Fly,Comedy,2026-02-17,5.75,1.3607
Young Royals Forever,Documentary,2024-03-13,7.278,1.1036
Nobody Speak: Trials of the Free Press,Documentary,2017-01-24,6.045,1.2069
Love per Square Foot,"Comedy, Romance",2018-02-14,6.684,1.0353
The Haunted Hotel,"Horror, Mystery, Thriller",2023-11-30,5.1,1.1398
Kill Tony: Kill or Be Killed,Comedy,2025-04-07,5.3,1.0775
Stavros Halkias: Fat Rascal,Comedy,2023-12-05,6.25,1.1317
Who Would You Take to a Deserted Island?,"Comedy, Drama",2019-03-22,5.098,1.1043
Nayattu,"Thriller, Drama",2021-04-08,7.49,1.0954
AK vs AK,"Comedy, Action, Drama, Crime",2020-12-24,6.75,1.1626
Dito at Doon,"Romance, Comedy",2025-02-12,10.0,1.3084
Society of the Snow: Who Were We on the Mountain?,Documentary,2024-01-23,7.4,1.1415
A Life Too Short: The Isabella Nardoni Case,Documentary,2023-08-17,6.9,1.1221
Ready to Mingle,"Comedy, Romance",2019-06-07,6.76,1.1457
Nitham Oru Vaanam,"Romance, Thriller, Comedy",2022-11-04,6.5,1.3312
Shéhérazade,"Drama, Thriller, Romance",2018-09-05,7.168,1.0753
Snoop Dogg's F*cn Around Comedy Special,"Documentary, Comedy, Music",2022-06-16,5.643,1.0865
We Are One,Documentary,2020-07-14,5.8,1.4468
Caged Wings,Drama,2023-08-25,5.611,1.1427
Mrs. Serial Killer,Thriller,2020-05-01,6.2,1.1395
Keys to the Heart,Drama,2023-10-04,7.1,1.0953
Modern Masters: SS Rajamouli,Documentary,2024-08-02,8.333,1.1066
Ek Jaan Hain Hum,,1983-09-16,6.4,1.1363
Ungli,"Thriller, Comedy, Drama",2014-11-28,5.7,0.997
Felipe Esparza: Raging Fool,Comedy,2025-02-11,5.833,1.0499
Cristela Alonzo: Upper Classy,Comedy,2025-09-22,6.0,1.1812
Get Smart With Money,Documentary,2022-09-06,6.3,1.2224
A Bright Lawyer,Comedy,2025-03-06,6.6,1.2873
Bad Education,"Crime, Thriller",2023-03-03,6.136,1.2016
Beauty,"Romance, Drama, Music",2022-06-29,4.824,1.1612
Sinposis Filem Tiga Janda Melawan Dunia,,2022-01-01,0.0,1.2289
Bebefinn Sing-Along Movie: Into the Pinkfong World,"Animation, Family, Fantasy, Adventure",2025-07-24,0.0,1.1458
Me Against You: Mr. S's Vendetta,"Family, Fantasy",2020-01-17,8.04,1.2813
(Tillu)²,"Romance, Comedy, Thriller, Crime",2024-03-29,6.441,1.0887
Kannai Nambathe,"Crime, Thriller, Action",2023-03-17,5.2,1.1778
"Mirror, Mirror",Comedy,2022-05-20,5.656,1.207
The Lighthouse of the Orcas,"Romance, Drama",2016-12-16,6.963,1.1912
Paradox,"Music, Fantasy",2018-03-15,3.864,1.0271
"I Love You, Stupid",Comedy,2020-01-24,6.373,1.4788
"I, Potro","Comedy, TV Movie",2018-10-19,5.333,1.0773
Stuck with You,"Romance, Comedy",2022-12-28,4.6,1.0966
Travis Scott: Look Mom I Can Fly,"Documentary, Music",2019-08-28,6.763,1.4224
Making It Up,"Comedy, Romance, Drama",2023-02-09,7.2,1.1113
The Black Godfather,"Documentary, Music",2019-06-06,6.592,1.1145
Strawberry Shortcake's Summer Vacation,"Animation, Family",2024-01-25,5.333,0.99
Shabaash Mithu,"Drama, Family",2022-07-15,6.067,1.0889
Period. End of Sentence.,Documentary,2018-04-05,7.777,1.1445
The Redemption of Sin,"Drama, Horror, Mystery, Thriller",2024-10-17,5.864,0.9723
Biggest Heist Ever,"Documentary, Crime",2024-12-05,6.045,1.0574
RADWIMPS 20th Anniversary Live Tour,Music,2026-06-19,0.0,1.2275
"Bikram: Yogi, Guru, Predator","Documentary, Crime",2019-09-10,6.283,1.2177
Rocket Singh: Salesman of the Year,"Drama, Comedy, Romance",2009-12-10,6.886,1.1135
Daawat-e-Ishq,"Drama, Romance, Comedy",2014-09-05,6.806,0.9877
The Bleeding Edge,Documentary,2018-07-27,6.8,1.085
Sesham Mike-il Fathima,"Comedy, Drama",2023-11-17,5.375,1.0168
Malaal,"Romance, Drama",2019-07-05,5.5,1.0861
Something Huge,Comedy,2017-11-10,4.0,1.0356
Yuva,"Drama, Crime",2004-05-22,6.5,1.0857
All Good,Drama,2018-07-01,6.009,1.093
Sergio,Documentary,2009-01-20,7.7,1.0339
The Boys in the Band: Something Personal,Documentary,2020-09-30,7.212,1.205
GG: Good Game,"Drama, Family",2024-01-24,6.25,1.0063
Phil Wang: Philly Philly Wang Wang,Comedy,2021-08-10,6.0,1.0819
Boi,Thriller,2019-03-29,4.964,1.0428
Befikre,"Romance, Comedy, Drama",2016-12-09,5.061,1.1588
Robocar POLI Special: The Story of the Desert Rescue,"Animation, Family",2025-11-08,0.0,1.2982
Grandma's Last Wishes,Comedy,2020-10-09,7.3,1.0244
Kampon,"Horror, Thriller",2023-12-25,7.667,0.9122
Into the Beat,"Drama, Romance",2020-07-16,6.326,1.1826
Thimmarusu: Assignment Vali,"Crime, Thriller",2021-07-30,7.667,1.0071
Giving Voice,Documentary,2020-01-26,6.4,1.2044
Break Up 100,"Comedy, Romance",2014-08-01,6.3,1.2042
Crazy Awesome Teachers,"Comedy, Drama",2020-08-17,5.286,1.0374
Toolsidas Junior,"Drama, Family",2022-03-04,7.231,1.1262
Stand Out: An LGBTQ+ Celebration,"Comedy, Documentary",2022-06-09,4.379,0.9974
Dear Friend,"Drama, Romance, Comedy, Mystery",2022-06-10,6.111,1.1097
Legend of Gatotkaca,"Action, Adventure, Drama, Fantasy, Science Fiction",2022-06-09,6.5,1.0005
Nayanthara: Beyond the Fairy Tale,Documentary,2024-11-18,4.6,1.1035
Chandni,"Drama, Romance",1989-09-14,7.0,1.291
Thalaivii,Drama,2021-09-10,4.639,1.0387
Hero,"Romance, Action, Drama",2015-09-11,5.797,0.9443
The App,"Drama, Science Fiction",2019-12-26,3.0,1.0794
Amy Schumer: Emergency Contact,Comedy,2023-06-12,5.04,1.4601
Un/Happy for You,"Romance, Drama",2024-08-14,5.0,1.0248
Showtime 1958,Drama,2020-06-07,5.0,1.0161
Yucatán,Comedy,2018-08-31,5.571,1.1248
Zach Galifianakis: Live at the Purple Onion,Comedy,2007-03-06,6.988,1.0543
Lamhe,"Drama, Romance",1991-11-04,6.7,1.0184
The Making of Chicken Run: Dawn of the Nugget,Documentary,2023-12-15,6.2,0.9907
Have You Ever Seen Fireflies?,"Drama, Comedy",2021-04-09,6.289,1.0293
The Road to El Camino: Behind the Scenes of El Camino: A Breaking Bad Movie,Documentary,2019-10-28,6.9,1.0786
HollyBlood,"Comedy, Fantasy, Romance",2022-07-22,5.268,0.9725
Tony Robbins: I Am Not Your Guru,Documentary,2016-07-15,6.439,0.9911
Best of Stand-Up 2020,"Comedy, Documentary",2020-12-30,6.0,0.9098
Kondal,"Action, Drama",2024-09-13,4.6,1.0785
Ahir Shah: Ends,Comedy,2024-09-10,5.7,1.1601
Doubles Cause Troubles,Comedy,1989-04-27,6.208,1.0697
Thi Mai,Comedy,2018-01-12,6.187,1.2586
True: Happy Hearts Day,"Adventure, Animation, Family, TV Movie",2019-02-01,5.0,0.9264
Thrishanku,"Romance, Comedy",2023-05-26,7.5,0.9203
Ali's Wedding,"Comedy, Drama, Romance",2017-08-31,6.925,1.0382
Suzzanna: Buried Alive,"Horror, Drama, Thriller",2018-11-15,5.2,1.2209
Frontliner,Drama,2021-09-30,4.0,1.1636
Broken Idol: The Undoing of Diomedes Díaz,Documentary,2022-03-30,6.679,1.0742
OMG 2,"Comedy, Drama",2023-08-11,7.357,1.1909
Take Your Pills: Xanax,Documentary,2022-11-29,6.13,1.1037
Red,"Crime, Drama, Thriller",2024-05-03,3.5,1.0777
Bankrolled,Comedy,2021-07-23,5.5,0.9267
Aggretsuko: We Wish You a Metal Christmas,"Animation, Comedy",2018-12-20,6.7,1.0119
Jane Fonda & Lily Tomlin: Ladies Night Live,"Comedy, Documentary, TV Movie",2022-06-14,5.9,1.0966
Knock Down the House,Documentary,2019-01-27,7.111,1.1703
Mujhse Fraaandship Karoge,"Romance, Comedy",2011-10-14,6.9,1.0764
Mashaal,Action,1984-01-12,7.8,0.971
Shadow and Bone - The Afterparty,Documentary,2021-04-24,7.0,0.9128
"Your Friend, Nate Bargatze",Comedy,2024-12-23,6.694,1.079
Jhoom Barabar Jhoom,"Drama, Romance",2007-06-15,4.081,1.0235
Barbie & Teresa: Recipe for Friendship,"Animation, Family, Comedy",2025-03-06,6.5,1.1085
A Taste of Sin,Drama,2023-04-07,1.0,0.9135
Whindersson Nunes: Preaching to the Choir,"Comedy, Documentary",2023-02-19,6.741,1.159
Class of '83,"Action, Crime, Drama",2020-08-21,5.8,1.0226
Ivy + Bean: The Ghost That Had to Go,"Family, Comedy",2022-09-02,6.8,1.0066
Party Monster: Scratching the Surface,Comedy,2018-05-30,2.0,0.96
Dark Forces,"Horror, Action, Thriller, Mystery",2020-08-21,4.061,1.1797
The Crystal Calls - Making The Dark Crystal: Age of Resistance,Documentary,2019-08-30,7.6,0.9278
Aníkúlápó,"Drama, Fantasy",2022-09-30,7.105,1.074
Pinkfong & Hogi Mini-Movie: The Tricky Three Cars,"Animation, Adventure, Family",2024-07-18,0.0,0.9677
Mike Birbiglia: The Good Life,Comedy,2025-05-25,6.156,1.0813
Park Na-rae: Glamour Warning,Comedy,2019-10-16,5.8,1.3938
Carnaval,Comedy,2021-06-02,5.056,1.0866
GomBurZa,"History, Drama",2023-12-25,7.357,1.1176
Today We'll Talk About That Day,"Drama, Family, Romance",2023-07-27,8.0,1.1241
Heart Shot,"Romance, Crime",2022-02-17,5.457,1.3685
I'll Sleep When I'm Dead,"Documentary, Music",2016-04-15,6.395,1.0904
Ronny Chieng: Speakeasy,Comedy,2022-04-04,6.242,0.7937
Seasons,"Drama, Romance",2023-07-07,6.8,1.1085
Then Barbara Met Alan,Drama,2022-03-21,6.8,0.9611
Varalaru Mukkiyam,"Romance, Comedy",2022-12-09,5.333,0.9703
"Trailer Park Boys: Drunk, High and Unemployed","Comedy, TV Movie",2015-12-09,5.352,1.0304
Victim/Suspect,Documentary,2023-05-19,6.988,1.0853
Kev Adams: The Real Me,Comedy,2022-10-07,5.9,1.0495
Curry & Cyanide: The Jolly Joseph Case,"Documentary, Crime",2023-12-22,6.713,1.1312
An Inconvenient Love,"Romance, Comedy",2022-11-23,5.4,0.8854
Alex Fernández: The Best Comedian in the World,"Comedy, Documentary",2020-01-23,5.5,1.2805
Double XL,"Comedy, Drama",2022-11-04,5.3,1.0821
Go! Go! Cory Carson: Chrissy Takes the Wheel,"Animation, Family",2021-09-21,5.9,1.0308
Buya Hamka Vol. 1,"Drama, History",2023-04-19,6.2,1.0192
Ludo,Horror,2015-07-17,2.971,0.9871
COMIN' IN HOT,Adventure,2024-01-23,6.0,1.0761
Julia's Stepping Stones,Documentary,2024-07-25,6.3,1.078
Live Is Life,"Comedy, Adventure",2022-06-03,6.729,1.1115
Kevin Hart & Chris Rock: Headliners Only,"Documentary, Comedy",2023-12-12,6.313,1.015
Convergence: Courage in a Crisis,Documentary,2021-10-08,4.8,0.9393
Once a Gangster,"Action, Comedy, Crime",2010-05-20,6.5,1.17
Attention Please,"Drama, Thriller",2021-02-12,6.833,1.1626
The Netflix Afterparty: The Best Shows of the Worst Year,Documentary,2020-12-14,6.1,1.0737
ReMastered: The Two Killings of Sam Cooke,Documentary,2019-02-08,6.8,1.0815
Face to Face with ETA: Conversations with a Terrorist,"Documentary, History",2023-09-22,7.0,0.9028
Soul's Peak,"Drama, Action, Crime",2025-04-24,4.2,0.9596
The Mars Generation,Documentary,2017-01-20,6.317,1.1534
Furry Friends Forever: Elmo Gets a Puppy,"Animation, Family",2021-08-05,6.7,0.9157
Little Miss Sumo,Documentary,2018-10-18,6.155,1.0044
Fruitcake,"Comedy, Drama",2024-06-12,6.0,1.0742
Anpanman: Nanda and Runda from Star of Toys,"Animation, Family",2016-07-02,7.0,0.9848
All Lives,"Drama, TV Movie",2024-05-06,7.25,1.2061
Thomas & Friends: The Mystery of Lookout Mountain,"Animation, Family, Adventure",2022-10-08,1.5,1.0264
True: Wuzzle Wegg Day,"Comedy, Family, Animation",2020-03-27,1.5,0.8304
Katherine Ryan: Glitter Room,Comedy,2019-07-01,6.807,0.9589
Chhota Bheem and Krishna,"Action, Adventure, Animation, TV Movie",2008-08-24,6.857,1.1295
Ali Wong: Baby Cobra,Comedy,2016-05-06,7.111,1.1535
Song of the South,"War, Family, Drama",2023-10-20,4.8,1.1914
Running with the Devil: The Wild World of John McAfee,"Documentary, Crime",2022-08-24,6.11,1.141
Handing Them Over,"Comedy, Romance, Crime",2022-08-03,5.8,1.0311
Wed or Wait,"Comedy, Drama, Romance",2025-10-09,7.0,0.9463
Spirited,"Horror, Fantasy",2022-09-29,6.3,1.1244
Juanita,Drama,2019-03-08,5.4,0.949
Ostinato,"Animation, Music, Drama",2024-12-05,6.108,1.6314
Diana: The Musical,"History, Romance, Drama",2021-10-01,4.893,1.1212
Mantra Surugana,Horror,2023-07-27,4.25,1.3103
The Minimalists: Less Is Now,Documentary,2021-01-01,6.132,0.9744
The Speed Cubers,Documentary,2020-07-28,7.414,1.13
Happy Monday(s),"Comedy, Romance, Fantasy, Drama",2025-02-20,6.0,1.032
Kabul Express,"Action, Comedy, Drama, Thriller",2006-12-15,5.978,1.0751
Jefe,Comedy,2018-05-04,5.568,1.1439
A Whole Lifetime with Jamie Demetriou,Comedy,2023-02-28,5.3,1.0031
Meraklii,"Comedy, Drama",2025-04-11,0.0,1.1069
Untold: Crime & Penalties,"Documentary, Crime",2021-08-31,7.095,1.096
Perusu,Comedy,2025-03-14,5.4,1.1154
The Guardian of the Monarchs,Documentary,2024-04-11,7.735,1.0559
Umjolo: There Is No Cure,"Romance, Comedy, Drama",2025-02-13,6.529,1.0208
Moo 2,,2023-03-25,5.3,1.2015
Blessed You,"Comedy, Drama, Family",2023-10-26,6.0,0.851
"Anpanman: Purun, the Soap Bubble","Animation, Fantasy",2007-07-14,5.3,1.108
All Because of You,"Comedy, Action, Romance",2020-10-01,5.4,1.0498
Fireworks,"Drama, Science Fiction, Thriller",2023-03-02,7.458,1.0122
Strawman,"Drama, History",2023-10-20,4.938,0.9458
Untold: Caitlyn Jenner,Documentary,2022-08-24,6.781,1.0849
"Shake, Rattle & Roll Extreme",Horror,2023-11-29,3.8,1.0068
Flip a Coin: ONE OK ROCK Documentary,"Documentary, Music",2021-10-21,7.8,0.9742
Brad Paisley's Comedy Rodeo,Comedy,2017-08-15,5.833,0.9769
Love the Way U Lie,"Romance, Comedy, Fantasy",2020-08-20,3.3,0.8399
How to Deal with a Heartbreak,Comedy,2023-07-06,7.081,1.0403
Jim Gaffigan: Obsessed,Comedy,2014-04-27,6.853,1.1029
The Assistant,"Crime, Action, Thriller",2022-05-19,4.8,0.9216
Sampung Utos Kay Josh,Comedy,2025-01-29,9.0,0.9206
The Price of Success,"Drama, Comedy",2017-08-30,5.479,1.1691
Aashik Aawara,"Romance, Comedy",1993-05-28,6.0,1.0284
Most Eligible Bachelor,"Romance, Drama",2021-10-15,6.281,1.0008
Camp Courage,"Documentary, War",2023-10-15,7.091,1.0463
The Irishman: In Conversation,Documentary,2019-11-27,7.475,1.0073
F3: Fun and Frustration,"Comedy, Romance, Family",2022-05-27,4.175,1.0224
"Welcome, Now Get Lost","Comedy, TV Movie",2025-05-13,7.0,0.9976
"Sing, Dance, Act: Kabuki featuring Toma Ikuta",Documentary,2022-06-16,6.444,0.9783
Oprah Winfrey Presents: When They See Us Now,Documentary,2019-06-13,7.652,1.068
Skandal! Bringing Down Wirecard,Documentary,2022-09-15,7.44,0.9332
Do Not Disturb,"Comedy, Drama",2023-09-29,6.181,1.0169
The Next Skin,"Drama, Mystery, Thriller",2016-10-21,5.838,1.0122
Red Ollero: Mabuhay is a Lie,Comedy,2024-03-14,7.0,1.0422
A Cut Above,"Comedy, Romance",2022-07-28,6.643,1.1974
Nakhuda,"Drama, Family, Romance",1981-01-01,9.0,0.9954
Jerry Seinfeld: 23 Hours to Kill,Comedy,2020-05-05,6.214,0.8595
Face Off 3: Imperfect Trio,"Comedy, Adventure",2018-04-17,4.5,1.0138
Ginny & Georgia - The Afterparty,Documentary,2021-02-26,7.0,0.9635
Up Among the Stars,Drama,2018-08-31,5.8,1.0554
Happiness Ever After,"Romance, Drama",2021-11-09,7.061,1.1393
The Most Assassinated Woman in the World,"Mystery, Thriller",2018-07-09,5.3,0.9793
Life Overtakes Me,Documentary,2019-01-26,6.528,0.9558
Noise,Drama,2022-10-13,7.2,0.9936
The Trader,Documentary,2018-01-19,6.556,1.1831
Britney vs. Spears,"Documentary, Music",2021-09-27,6.998,1.186
All the Freckles in the World,Comedy,2019-09-27,6.195,0.9834
The Turnaround,Documentary,2024-10-18,7.154,0.8657
Procession,Documentary,2021-11-12,6.6,1.0451
Lorena: Light-Footed Woman,Documentary,2019-11-20,6.635,0.9208
Chhota Bheem: Krishna vs Zimbara,"Animation, Adventure, TV Movie",2013-08-25,0.0,1.048
Celeb Five: Behind the Curtain,Comedy,2022-04-01,3.8,1.032
Love at First Stream,"Romance, Comedy",2021-12-25,7.5,1.0247
Trainwreck: P.I. Moms,Documentary,2025-07-21,5.565,1.2178
Nicole Byer: BBW (Big Beautiful Weirdo),Comedy,2021-12-07,6.222,1.031
Kabhi Kabhie,"Drama, Romance",1976-02-27,6.3,0.9568
Muqaddar Ka Faisla,,1987-06-26,8.5,0.9959
Elway,Documentary,2025-12-21,6.553,1.0182
5 Star Christmas,Comedy,2018-12-07,4.32,0.9078
Joshua: Teenager vs. Superpower,Documentary,2017-01-20,7.241,1.0489
Chhota Bheem: The Rise of Kirmada,"Animation, TV Movie, Action",2012-11-11,4.667,0.9163
Ankahi Kahaniya,"Drama, Romance",2021-09-17,5.8,0.9354
100 Songs for Stella,"Romance, Drama",2025-09-05,4.5,1.0556
Whipped,"Comedy, Drama, Romance",2020-09-18,5.9,0.9665
Viraata Parvam,"Drama, Romance",2022-06-17,5.05,1.0559
Partners in Crime,Comedy,2022-12-25,2.0,0.9574
Daag,"Music, Romance",1973-04-23,7.0,1.0858
An Unremarkable Christmas,"Comedy, TV Movie",2020-12-17,6.1,1.0317
Princess 'Daya' Reese,"Romance, Comedy",2021-01-01,2.0,1.0355
A Love Song for Latasha,Documentary,2019-04-28,7.014,0.9726
GIMS: On the Record,"Documentary, Music",2020-09-17,7.265,0.9336
Sometimes,Drama,2015-06-09,0.0,1.1111
Mister Mummy,"Comedy, Drama",2022-11-18,4.9,0.8815
Michelle Wolf: Joke Show,Comedy,2019-12-10,6.8,0.8531
Dolly Kitty and Those Twinkling Stars,"Comedy, Drama",2020-09-18,5.179,1.2529
Nabil El Gamil Plastic Surgeon,Comedy,2022-12-28,6.8,1.0736
Katt Williams: World War III,Comedy,2022-05-17,6.139,1.0507
Yesterday After Tomorrow,"Science Fiction, Comedy",2024-01-25,0.0,1.1505
Kromoleo: The Haunting,"Horror, Thriller",2024-08-22,4.2,0.8933
Creating a Universe - The Making of Rebel Moon,Documentary,2024-04-18,6.615,0.9606
Sillu Karuppatti,"Drama, Romance",2019-12-26,7.0,0.9047
Strong Island,Documentary,2017-01-23,6.355,1.0282
Jeff Foxworthy: The Good Old Days,"Comedy, Documentary, TV Movie",2022-03-22,6.792,1.0108
Tom Papa: You're Doing Great!,Comedy,2020-02-04,6.519,0.9685
The Last Wife,"Drama, Romance",2023-11-03,7.0,0.9211
Arisaka,Action,2021-10-15,5.615,0.9091
Freestyle,"Crime, Action, Thriller",2023-09-22,6.375,1.0356
Bhangra Paa Le,Music,2020-01-03,5.4,0.8742
Leyla Everlasting,Comedy,2020-12-04,3.75,0.9232
Makayla's Voice: A Letter to the World,Documentary,2024-01-21,6.912,0.9928
Nikamma,"Action, Comedy",2022-06-17,4.0,1.0273
Sawaal,Drama,1982-05-21,7.0,0.934
One of Us,Documentary,2017-09-10,6.885,1.0425
A Farewell for Lilí,Drama,2022-10-23,6.0,1.0023
Aay,Comedy,2024-08-15,5.688,0.8162
Longest Third Date,Documentary,2023-04-18,6.688,0.9402
Scouts Honor: The Secret Files of the Boy Scouts of America,"Documentary, Crime",2023-09-05,7.415,1.199
Familia,Drama,2023-12-07,7.025,1.1321
Sajini Shinde Ka Viral Video,"Mystery, Thriller",2023-10-27,6.447,1.0351
Patton Oswalt: We All Scream,"Comedy, Documentary, TV Movie",2022-09-20,5.909,0.9959
A Lagos Love Story,"Drama, Romance",2025-04-11,5.5,0.9652
Breaking the Silence: The Maria Soledad Case,Documentary,2024-10-09,7.476,1.0505
Kings of Mulberry Street: Let Love Reign,"Comedy, Drama, Adventure",2023-04-07,5.625,1.0072
Mere Brother Ki Dulhan,"Drama, Comedy, Romance",2011-09-09,6.0,1.3809
Camp Confidential: America's Secret Nazis,"Documentary, Animation, History",2021-09-24,6.282,0.9171
Code Name: Tiranga,"Action, Thriller",2022-10-14,4.4,1.0448
Maniyarayile Ashokan,"Comedy, Drama",2020-08-31,3.3,1.1368
Anpanman: Shine! Kulun and the Stars of Life,"Animation, Comedy, Fantasy, Science Fiction",2018-06-30,5.0,0.9786
DEAW #11 Stand Up Comedy Show,Comedy,2015-09-11,8.0,0.8922
Cinema Bandi,"Drama, Comedy",2021-05-14,6.906,1.0476
"Phil Wang: Wang in There, Baby!",Comedy,2024-09-03,5.9,1.0286
Gina,Drama,2021-01-01,0.0,1.1225
Kalaga Thalaivan,"Thriller, Action",2022-11-18,5.7,0.9173
Still Laugh-In: The Stars Celebrate,"Comedy, Documentary, TV Movie",2019-05-14,5.3,0.8018
Kevin Hart's Guide to Black History,Comedy,2019-02-08,5.4,1.0131
Mighty Express: Mighty Trains Race,"Animation, Adventure, Family",2022-12-05,4.7,0.9853
The Orchestra,Horror,2019-06-17,7.0,1.1577
Panji Tengkorak,"Animation, Action, Adventure, Fantasy, Thriller",2025-08-28,6.5,0.766
Choked: Paisa Bolta Hai,"Drama, Crime, Thriller",2020-06-05,6.434,0.8555
Bhaje Vaayu Vegam,"Action, Drama",2024-05-31,6.2,0.9788
Tears at the Edge of a Prayer Rug,Drama,2023-09-07,6.071,0.8999
DEAW #5 Stand Up Comedy Show,Comedy,2002-10-01,0.0,0.9106
Soni,"Drama, Crime",2019-01-18,6.811,0.9022
Lewis Capaldi: How I'm Feeling Now,"Documentary, Music",2023-04-05,7.61,1.269
Third World Romance,"Romance, Comedy",2023-08-16,7.0,0.9591
Jo Koy: In His Elements,Comedy,2020-06-11,5.722,0.9071
Cuba and the Cameraman,Documentary,2017-09-08,7.45,1.0725
Patria,"Documentary, History, War",2019-01-18,7.0,1.0423
Winner,Comedy,2022-08-23,5.0,1.0918
Maha Samudram,"Drama, Action",2021-10-14,4.8,0.952
The Short Game,Documentary,2013-09-20,7.4,1.0332
Tom Segura: Sledgehammer,Comedy,2023-07-04,6.877,0.915
All in My Family,Documentary,2019-05-03,6.279,1.1822
Anjelah Johnson: Not Fancy,Comedy,2015-10-02,4.6,0.887
Rockstar: DUKI from the End of the World,"Documentary, Music",2025-10-01,8.1,0.9766
You vs. Wild: Out Cold,"Action, Adventure, Documentary",2021-09-14,5.8,0.9555
Summer Vacation,"Comedy, Family",2023-07-06,5.677,1.0248
Do Your Worst,"Comedy, Drama, Romance",2023-03-10,6.0,1.0652
Shark Busters,"Comedy, Crime",2002-11-28,6.3,0.9535
Pasutri Gaje,"Comedy, Drama, Romance",2024-02-07,6.1,1.0431
Blood Brothers: Malcolm X & Muhammad Ali,"Documentary, History",2021-09-08,7.3,1.0105
Tracy Morgan: Staying Alive,"Comedy, Documentary, TV Movie",2017-05-16,6.111,0.9833
The Son,Thriller,2019-05-02,5.415,1.1022
Vash Level 2,"Thriller, Horror",2025-08-27,6.9,1.0671
Bewakoofiyaan,"Romance, Comedy, Drama",2014-03-13,5.583,0.9778
Mutiny of the Worker Bees,Comedy,2020-02-28,7.2,0.9846
Ufff Yeh Siyapaa,"Comedy, Action",2025-09-05,5.0,1.047
Smaller and Smaller Circles,"Crime, Thriller",2017-12-06,6.0,0.9729
Salaakhen,"Action, Thriller",1975-12-26,7.6,0.9646
Footfairy,"Crime, Thriller",2020-10-24,4.2,1.2162
Disappear Completely,"Thriller, Horror",2024-02-29,6.825,0.9459
2 Weeks in Lagos,"Romance, Drama, Comedy",2019-10-19,2.75,0.8728
La Ciguapa Siempre,Horror,2021-06-05,3.731,0.8436
Luv Ka The End,"Comedy, Drama",2011-05-06,4.944,1.1374
The Lady of Silence: The Mataviejitas Murders,"Documentary, Crime",2023-07-27,7.68,0.8841
Momshies! Your Soul is Mine,Comedy,2021-06-11,4.0,0.9644
Possession: Kerasukan,"Drama, Horror, Thriller",2024-05-08,6.0,0.8941
Ariyippu,Drama,2022-08-03,5.1,0.7706
Dany de Boon des Hauts-de-France,Comedy,2018-05-04,6.204,0.9047
Trailer Park Boys: Countdown to Liquor Day,"Comedy, Crime",2009-09-25,6.643,0.9588
The Best Mother in the World,Drama,2025-08-07,7.1,0.8614
Johanna Nordström: Call the Police,Comedy,2022-11-15,6.0,1.0969
Padavettu,"Drama, Action",2022-10-21,6.5,1.0073
E-Team,Documentary,2014-01-18,6.0,1.0657
Shawn Mendes: In Wonder,"Music, Documentary",2020-11-23,8.1,0.9487
Mae Martin: SAP,Comedy,2023-03-28,5.548,0.939
Love Like the Falling Rain,"Drama, Romance",2020-10-15,6.0,0.9859
Super Monsters: Santa's Super Monster Helpers,"Animation, Family",2020-12-08,6.5,1.109
Spivak,Comedy,2018-05-11,5.243,0.997
Mujigae,Drama,2024-10-09,8.0,0.8969
Ralph Barbosa: Cowabunga,Comedy,2023-10-31,6.143,0.8774
Trailer Park Boys: Say Goodnight to the Bad Guys,Comedy,2008-12-07,7.0,1.0505
Rumah Masa Depan,Drama,2023-12-07,6.2,0.893
Michelle Buteau: Welcome to Buteaupia,Comedy,2020-09-28,7.071,0.8633
Invisible,Drama,2017-03-21,5.725,0.9603
Tri Am the Movie,"Music, Documentary",2023-04-08,5.667,0.8114
DEAW #13 Stand Up Comedy Show,Comedy,2022-06-10,6.8,0.9562
I'm Still a Superstar,"Documentary, Music",2025-07-17,6.2,1.0444
Wanita Ahli Neraka,Horror,2024-11-14,6.143,0.8769
ReMastered: Who Killed Jam Master Jay?,"Documentary, Music",2018-10-12,6.414,0.9441
GOAT Pandemonium Ge on all tempo,Comedy,2026-06-18,0.0,0.9969
Indoo Ki Jawani,Comedy,2020-12-11,3.8,0.9851
Tiffany Haddish: Black Mitzvah,Comedy,2019-12-03,6.083,0.9807
John Leguizamo's Latin History for Morons,Comedy,2018-11-02,6.978,0.8595
Tribhanga,"Drama, Family",2021-01-15,7.1,0.9136
Marc Maron: End Times Fun,Comedy,2020-03-10,6.745,0.9286
Sebastián Marcelo Wainraich,Comedy,2018-01-26,5.0,0.7783
Yeh Ballet,Drama,2020-02-21,7.6,1.0167
An Invisible Victim: The Eliza Samudio Case,"Documentary, Crime",2024-09-26,6.921,0.9566
The Last Dolphin King,Documentary,2022-11-13,6.3,1.0138
Nick Kroll: Little Big Boy,Comedy,2022-09-27,5.942,0.9638
Kaamyaab,"Comedy, Drama",2020-03-06,6.632,0.901
City of Joy,Documentary,2016-11-11,7.26,0.9357
Aurora,"Horror, Thriller",2018-12-25,5.1,0.8021
Meet the Khumalos,"Comedy, Romance",2025-04-10,5.875,0.8822
Lulli,"Comedy, Romance, Fantasy",2021-12-26,5.836,0.9017
Laabam,"Drama, Action",2021-09-09,3.0,1.0569
Nazar Andaaz,"Comedy, Drama",2022-10-07,3.75,0.8846
Mathu Vadalara 2,"Comedy, Crime, Thriller",2024-09-13,7.0,1.0312
Duniya,"Action, Drama",1984-10-12,7.313,0.9022
Making Senna,Documentary,2024-11-28,7.7,0.9486
Lords of Scam,"Documentary, Crime",2021-11-03,6.863,0.9526
End Game,Documentary,2018-01-21,7.156,0.9174
Free Rein: Valentine's Day,"Romance, Family",2019-02-01,7.5,0.9286
Go! Go! Cory Carson: The Chrissy,"Animation, Family",2020-05-01,4.8,1.051
Chico Bon Bon and the Very Berry Holiday,"Animation, Family",2020-12-03,4.8,0.9021
Bandie,"Drama, Family",1978-03-10,6.0,1.0336
Rodney Carrington: Here Comes the Truth,Comedy,2017-10-03,4.6,1.1035
Keith Richards: Under the Influence,"Documentary, Music",2015-09-18,6.735,0.8844
Iliza Shlesinger: Freezing Hot,Comedy,2015-01-23,6.717,0.9427
Russell Howard: Recalibrate,Comedy,2017-12-19,7.463,0.8829
Loveyatri,"Drama, Romance, Comedy, Music",2018-10-05,5.5,1.0382
Ketika Berhenti di Sini,"Drama, Science Fiction, Romance",2023-07-27,6.3,0.8406
The Trailer Park Boys Xmas Special,"Comedy, TV Movie",2004-12-12,6.86,0.915
Behind the Scenes with Jane Campion,Documentary,2022-01-27,6.1,0.9465
Pyaar Ka Punchnama,"Drama, Comedy, Romance",2011-05-20,6.772,0.9997
Savi,"Action, Thriller",2024-05-31,6.891,0.9961
Alie's Home,"Drama, Family",2025-04-17,6.0,0.9529
Illusion,"Mystery, Drama",2022-09-09,5.333,1.0487
Thammudu,"Action, Drama",2025-07-04,5.125,0.9121
Jack Whitehall: I'm Only Joking,Comedy,2020-07-21,6.216,0.9548
Aruna & Her Palate,"Drama, Romance",2018-09-27,6.75,0.8999
Taylor Tomlinson: Have It All,Comedy,2024-02-12,6.869,0.9882
Missing Home,"Drama, Comedy, Family",2022-06-02,7.932,1.0993
Un-Ex You,"Comedy, Romance",2025-04-09,6.7,0.9507
Untold: Johnny Football,Documentary,2023-08-08,6.847,0.9501
Matt McCusker: A Humble Offering,Comedy,2025-10-07,4.813,1.0899
Rafa Márquez: El Capitán,Documentary,2024-06-06,7.25,0.8713
The Circle - The Afterparty,"Documentary, TV Movie",2021-05-07,5.2,0.8431
Notebook,"Romance, Drama",2019-03-29,5.8,1.0281
Rooting for Roona,Documentary,2020-10-15,6.938,1.0045
Bruises,Drama,2021-01-01,0.0,0.9535
Kasargold,"Action, Crime, Drama",2023-09-15,4.6,0.8529
Grass Is Greener,Documentary,2019-04-20,6.696,0.9285
Super Monsters: Dia de los Monsters,"Animation, Family",2020-09-10,7.5,0.924
Liss Pereira: Adulting,Comedy,2022-09-15,6.0,0.9664
The Insomnia Club,"Drama, Comedy",2018-06-15,6.7,0.9241
Who Killed the Montreal Expos?,Documentary,2025-10-09,6.8,0.9657
Love Unlike in K-Dramas,"Drama, Romance",2024-12-05,6.313,0.8244
Demetri Martin: The Overthinker,"Comedy, TV Movie",2018-08-10,6.78,0.9944
Eric Andre: Legalize Everything,Comedy,2020-06-23,5.992,0.9549
Yoo Byung Jae: Too Much Information,Comedy,2018-03-16,6.2,0.9551
King of Boys,Drama,2018-10-26,6.4,0.978
Cheer to Life,"Comedy, Drama, Romance",2025-01-30,6.8,0.982
Hantu Kak Limah,"Comedy, Horror",2018-08-09,6.4,0.9503
Krishna Vrinda Vihari,"Romance, Comedy",2022-09-23,5.0,0.9271
Luciano Mellera: Infantiloide,Comedy,2018-07-06,7.5,0.7858
That Kind of Love,"Romance, Comedy, Drama",2024-05-25,6.0,0.859
The Photographer: Murder in Pinamar,Documentary,2022-04-21,7.7,0.9485
Theo Von: Regular People,Comedy,2021-10-19,6.059,0.9717
Springsteen on Broadway,"Music, Documentary",2018-12-15,7.9,0.9092
Adam Ray Is Dr. Phil UNLEASHED,"Comedy, TV Movie",2024-11-18,7.2,0.869
Super Monsters Save Halloween,"Animation, Family",2018-10-05,6.05,0.9457
The Blue Drum,Horror,2022-10-13,4.25,0.8088
Hazel Brugger: Tropical,Comedy,2020-12-02,5.9,0.8825
Famous Last Words: Dr. Jane Goodall,Documentary,2025-10-02,7.438,0.9912
The Super Frugal Family,"Comedy, Drama, Family",2025-06-12,7.143,0.7888
DEAW #10 Stand Up Comedy Show,Comedy,2013-03-15,7.0,0.8722
One Night Stand,"Romance, Drama",2021-11-26,4.9,1.028
Badak,"Drama, Music",2025-10-02,9.0,0.7396
Swearnet Live,Comedy,2014-10-01,4.786,1.2206
Anpanman: Apple Boy and Everyone's Hope,"Family, Animation",2014-07-05,4.0,0.9791
Entre la tierra y el cielo,Documentary,2025-08-21,10.0,1.115
Game Changer,"Comedy, Crime",2021-10-28,6.5,1.0166
Warkop DKI Kartun,"Animation, Comedy, Science Fiction, Fantasy",2025-06-26,5.8,0.9074
Sheng Wang: Sweet and Juicy,Comedy,2022-09-06,7.286,0.9346
Operation Romeo,"Drama, Thriller",2022-04-22,6.429,0.9261
The Kingdom,"Action, Adventure",2024-12-25,10.0,0.8549
The House of Flowers Presents: The Funeral,Comedy,2019-10-31,7.0,0.9362
Sarah Silverman: PostMortem,Comedy,2025-05-19,6.045,0.8051
R. K. Nagar,"Romance, Comedy",2019-12-17,3.3,0.8684
Night on Earth: Shot in the Dark,Documentary,2020-01-29,6.115,0.7992
My Heroes Were Cowboys,"Documentary, Western",2021-09-16,6.438,0.8549
Asvins,"Horror, Mystery, Thriller",2023-06-23,4.05,0.9406
The Death and Life of Marsha P. Johnson,Documentary,2017-07-27,7.1,0.8849
Iliza Shlesinger: Unveiled,Comedy,2019-11-19,6.275,0.9638
Songs from the Hole,"Documentary, Drama, Music",2024-03-09,7.5,0.871
"LSD 2: Love, Sex aur Dhokha 2","Drama, Comedy, Crime",2024-04-19,5.9,0.8945
The Fabulous Filipino Brothers,"Comedy, Romance",2021-03-16,5.5,1.0335
99 Songs,"Music, Drama, Romance",2019-10-09,5.2,0.8274
Liberated: The New Sexual Revolution,Documentary,2017-04-22,6.206,0.9208
Fugitive: The Curious Case of Carlos Ghosn,Documentary,2022-09-26,6.4,0.8817
Lafangey Parindey,"Action, Drama, Romance",2010-08-20,5.87,1.0018
Iliza Shlesinger: Elder Millennial,Comedy,2018-07-24,6.961,0.9927
Manson Family Vacation,"Mystery, Comedy, Drama, Thriller",2015-10-06,5.529,0.9326
It Takes a Lunatic,Documentary,2019-05-03,5.3,0.937
Ali Wong: Don Wong,Comedy,2022-02-14,6.871,0.9208
Jared Freid: The Family Plan,Comedy,2026-09-01,0.0,0.7428
The 4 Rascals,"Comedy, Romance",2025-01-29,5.8,1.1171
Ricardo Quevedo: Tomorrow Will Be Worse,Comedy,2022-08-02,7.3,0.8914
Found,Documentary,2021-10-13,7.421,0.9851
Strange Frequencies: Taiwan Killer Hospital,Horror,2024-12-25,5.4,1.0999
Aaha Kalyanam,"Romance, Comedy",2014-02-21,4.5,1.1347
Mike Birbiglia: The New One,Comedy,2019-11-26,7.372,0.9216
Wizzo School,Comedy,2023-10-11,1.0,0.8122
A Very Good Girl,"Drama, Comedy, Thriller",2023-09-27,6.125,0.8555
Sinam,"Action, Thriller, Crime",2022-09-16,5.0,0.9793
Natchathiram Nagargiradhu,"Romance, Drama, Comedy",2022-08-31,6.9,0.9548
Only Yesterday,TV Movie,2021-01-09,6.2,0.8421
The Land,"Comedy, Crime, Drama",2021-08-27,5.139,0.9997
Whindersson Nunes: Adult,Comedy,2019-08-15,7.904,0.9885
Miracle Baby,Horror,2023-01-19,3.929,0.9371
Bat War,"Comedy, Action",2024-09-19,6.0,0.8486
Making All Quiet on the Western Front,Documentary,2022-11-16,6.1,0.8477
Ralphie May: Unruly,Comedy,2015-02-27,5.0,0.963
Mana Man,"Comedy, Action",2024-08-08,6.2,0.8499
"Oh, Hello on Broadway","Comedy, TV Movie",2017-06-13,6.875,0.8495
Christina P: Mom Genes,"Comedy, Documentary",2022-05-08,6.733,0.8991
The Masked Scammer,"Documentary, Crime",2022-12-01,6.5,0.9961
Professor,"Drama, Romance, Comedy",1962-01-01,6.444,0.8288
Only We Know,"Romance, Drama",2025-06-11,8.0,0.7509
A Naija Christmas,"Comedy, Romance",2021-12-16,6.7,0.928
Audrie & Daisy,Documentary,2016-09-23,7.154,0.9354
Bleeding Tiger: Internal Affairs,"Action, Crime, Drama",2025-05-08,0.0,0.867
Mighty Little Bheem: I Love Taj Mahal,"Animation, Comedy",2022-05-30,0.0,1.0241
ReMastered: Who Shot the Sheriff,Documentary,2018-10-12,6.8,0.8251
Ranveer vs Wild with Bear Grylls,"Adventure, Family, TV Movie",2022-07-08,5.154,1.0037
Asphalt Goddess,Drama,2020-10-31,6.732,0.9793
Justin Willman: Magic Lover,Comedy,2025-06-17,8.2,0.8585
Хорошие девочки,"Mystery, Drama, Thriller",2024-12-09,3.5,0.9394
Love You Long Time,"Drama, Romance",2023-04-08,8.0,0.862
Michelle Buteau: A Buteau-ful Mind at Radio City Music Hall,Comedy,2024-12-30,6.125,0.8761
Operation Mayfair,"Crime, Thriller",2023-03-24,3.2,0.881
Jagun Jagun,"Action, Drama",2023-08-10,6.7,0.9064
"Ray Romano: Right Here, Around the Corner","Comedy, TV Movie",2019-02-05,6.764,0.9771
Urvasivo Rakshasivo,"Romance, Comedy",2022-11-04,5.6,1.0342
Thoda Pyaar Thoda Magic,"Drama, Comedy",2008-06-27,5.472,1.0615
Sesame Street: The Nutcracker,"Family, Adventure, Animation, Comedy",2022-12-01,7.5,0.9932
"Rob Schneider: Asian Momma, Mexican Kids",Comedy,2020-08-11,5.775,0.989
David Spade: Nothing Personal,Comedy,2022-04-26,5.389,0.9303
Libera nos: Il trionfo sul male,,2026-09-30,0.0,0.8976
Andhaghaaram,Thriller,2020-11-24,7.286,0.8623
Racionais MC's: From the Streets of São Paulo,"Documentary, Music",2022-10-20,8.32,0.9945
Taylor Tomlinson: Quarter-Life Crisis,Comedy,2020-03-03,7.195,0.8809
Beyond the Game: Samurai 2026 WORLD BASEBALL CLASSIC,Documentary,2026-04-20,8.0,0.9925
Reversi,"Drama, Science Fiction, Romance",2024-12-19,6.875,0.8643
Cops and Robbers,Animation,2020-12-28,6.709,0.9476
Ben & Jody,"Action, Adventure, Thriller",2022-01-27,6.176,0.8564
The Womb,"Drama, Horror, Mystery",2022-10-13,5.885,0.9883
Chhota Bheem's Russian Adventures,Animation,2020-09-04,0.0,0.9367
DEAW #6 Stand Up Comedy Show,Comedy,2003-10-01,0.0,0.9053
Ek Chatur Naar,"Drama, Comedy, Crime",2025-09-12,5.455,0.9362
Love Is Color Blind,"Romance, Comedy",2021-12-09,6.6,0.8853
Tom Segura: Mostly Stories,Comedy,2016-01-08,6.989,0.8616
Jack Whitehall: At Large,Comedy,2017-10-24,6.851,0.8103
500 Days of Escobar,"Documentary, Crime",2023-12-03,7.3,0.9029
Missed Connections,"Romance, Comedy, Drama",2023-06-02,5.3,0.9373
Agustín Aristarán: Soy Rada,Comedy,2018-02-16,5.8,0.9094
Stolen Vacation,Comedy,2023-08-31,3.0,0.7113
George Lopez: Why You Crying?,"Comedy, Documentary, TV Movie",2005-09-23,9.0,0.858
Gangs of Godavari,"Action, Drama",2024-05-31,6.0,0.9926
Rekha,"Drama, Thriller, Romance",2023-02-10,4.4,0.8811
DeAr,"Comedy, Romance",2024-04-11,6.3,0.9298
Coming to You,Documentary,2021-11-17,6.125,0.9328
Aaina,"Drama, Romance",1993-06-18,7.429,1.0253
Trese After Dark,Documentary,2021-06-10,6.6,0.8322
Hannah Gadsby: Douglas,Comedy,2020-05-25,7.172,0.8553
Dieter Nuhr: Nuhr in Berlin,Comedy,2016-11-15,6.3,1.0375
Prince,Drama,1969-01-01,6.0,0.862
Thank You For Coming,"Comedy, Drama",2023-10-06,4.792,0.9474
Oregon,"Drama, Comedy, Romance",2023-04-28,4.6,0.9266
Angeliena,"Family, Comedy, Drama",2021-10-08,4.8,0.9679
Grandma's Wedding,Comedy,2019-10-11,6.9,0.9443
Torbaaz,Drama,2020-12-11,7.3,0.9826
The Joys and Sorrows of Young Yuguo,Documentary,2022-06-26,6.6,0.8927
Kuiko,"Drama, Family",2023-11-24,0.0,0.904
Right Time,Comedy,2025-02-07,0.0,0.8097
Aakhri Adaalat,"Action, Crime",1988-06-10,5.3,0.964
Elaan,"Action, Drama, Adventure",1971-05-19,5.667,0.9287
Nonostante tutto,,2025-01-01,0.0,0.9244
A Sunday Affair,"Romance, Drama",2023-02-12,5.154,0.904
Dhak Dhak,"Adventure, Drama",2023-10-13,6.0,0.9196
Making The Witcher: Season 3,Documentary,2023-07-27,6.0,0.8289
Guilty Pleasure,"Romance, Drama",2024-10-16,6.0,0.875
Illusions for Sale: The Rise and Fall of Generation Zoe,Documentary,2024-05-22,6.9,0.925
Jurnal Risa by Risa Saraswati,"Documentary, Horror, Thriller",2024-07-11,6.175,0.9294
Kilometers and Kilometers,"Adventure, Drama",2020-08-31,5.955,0.9397
Our Planet: Behind the Scenes,Documentary,2019-04-05,7.6,1.032
Butta Bomma,"Drama, Romance",2023-01-26,6.111,0.795
Ro & the Stardust,"Fantasy, Drama",2022-10-19,6.6,0.8838
Faraaz,"Action, Thriller",2023-02-03,4.65,0.833
As If It's True,"Romance, Drama",2023-08-04,0.0,0.7505
Pattathu Arasan,"Family, Action, Romance",2022-11-25,5.0,0.8522
Trevor Noah: Joy in the Trenches,Comedy,2026-04-13,6.833,0.9287
Guide to Prepare for Separation,"Drama, Romance",2023-02-24,8.5,0.8771
Sex: Unzipped,Comedy,2021-10-26,3.357,0.9905
Ronny Chieng: Asian Comedian Destroys America!,Comedy,2019-12-17,7.018,1.0094
Untold,Horror,2025-04-30,5.4,1.0128
The Hand of God: Through the Eyes of Sorrentino,Documentary,2021-12-10,6.526,0.853
The Darkness within La Luz del Mundo,"Documentary, Crime",2023-09-28,7.094,0.8952
A Queen’s Runway,Documentary,2025-04-10,5.0,0.7429
Matt Rife: Natural Selection,Comedy,2023-11-15,6.093,1.1654
Buffoon,"Drama, Comedy",2022-09-23,5.5,0.9019
Why Do You Love Me,"Comedy, Drama",2023-06-28,6.8,0.8624
Nate Bargatze: The Greatest Average American,Comedy,2021-03-18,7.171,0.8372
Ellen DeGeneres: For Your Approval,Comedy,2024-09-23,6.519,0.8056
Aelay,Comedy,2021-02-28,6.5,1.0039
The Missing,"Animation, Drama, Science Fiction",2023-08-04,7.2,0.8247
Creating The Queen's Gambit,Documentary,2021-01-10,7.813,1.0379
Super Monsters and the Wish Star,"Comedy, Family, Animation, Fantasy",2018-12-07,5.273,0.8941
Feast,"Mystery, Crime",2023-04-08,0.0,0.8775
Iliza Shlesinger: Hot Forever,Comedy,2022-10-11,6.18,0.8382
Making The Witcher: Blood Origin,"Documentary, TV Movie",2022-12-25,4.0,0.7515
Chappelle's Home Team - Donnell Rawlings: A New Day,Comedy,2024-02-26,6.5,0.6903
Sit Down with Stand Up Udom Taephanich,Comedy,2024-01-25,8.3,0.9621
Susuk,Horror,2023-08-31,6.071,0.8707
Pinoy Sunday,"Comedy, Drama",2009-10-24,5.5,0.8122
Nelma Kodama: The Queen of Dirty Money,"Documentary, Crime",2024-06-06,6.26,0.9366
Beat Bugs: All Together Now,"Adventure, Music, Animation, Family",2017-11-21,5.0,0.8072
The Accidental Twins,Documentary,2024-06-19,7.435,0.9242
The Ivory Game,Documentary,2016-09-02,7.6,0.8839
Tom Segura: Disgraceful,Comedy,2018-01-12,7.112,0.821
27 Steps of May,Drama,2019-04-27,8.269,0.8469
Amrapali,"War, Fantasy, History, Drama, Music, Romance",1966-09-11,6.444,0.8628
Theera Kaadhal,"Family, Comedy, Romance",2023-05-26,6.6,0.9003
Kaali Khuhi,"Horror, Drama, Thriller",2020-10-30,4.6,0.9195
Time Out,Animation,2015-10-10,0.0,0.8336
Larry the Cable Guy: Remain Seated,Comedy,2020-06-16,6.5,0.825
My Next Guest with David Letterman and John Mulaney,Documentary,2024-04-29,7.5,0.8396
Copenhagen Cowboy: Nightcall with Nicolas Winding Refn,Documentary,2023-01-26,7.4,0.7531
Mere Yaar Ki Shaadi Hai,"Comedy, Romance",2002-06-07,6.056,0.7599
Legasi: Bomba the Movie,"Action, Drama, Thriller",2025-08-21,5.7,0.7285
"Celeste Barber: Fine, thanks",Comedy,2023-04-12,5.6,0.9852
Ms. Pat: Y'all Wanna Hear Something Crazy?,Comedy,2022-02-08,5.8,0.9545
El Pepe: A Supreme Life,Documentary,2019-10-13,7.284,0.9877
The Female Followers of the Devil,Horror,2023-02-16,4.8,0.8387
Untold: The Rise and Fall of AND1,Documentary,2022-08-23,7.164,0.8777
StarBeam: Halloween Hero,Animation,2020-10-07,6.571,0.8655
My Future You,"Romance, Comedy, Fantasy, Drama",2024-12-25,6.333,0.9624
The Last Beergin,"Comedy, Drama",2025-10-01,6.0,0.7607
The Resemblance,Drama,2022-06-09,5.867,0.8332
StarBeam: Beaming in the New Year,"Animation, Family, Science Fiction",2021-12-14,6.0,0.8985
Todd Barry: Spicy Honey,Comedy,2017-12-26,6.828,0.8432
Mike Birbiglia: The Old Man and the Pool,Comedy,2023-11-21,7.385,0.8784
Rodrigo Marques: King of Uncouth,Comedy,2022-09-06,5.9,0.8698
Fuchsia Libre,"Comedy, Action",2024-05-15,5.0,0.8659
Crossroads: One Two Jaga,"Crime, Drama, Action",2018-09-06,5.2,0.9009
Panayotis Pascot: Almost,Comedy,2022-11-03,7.75,0.9536
Sugar High,Science Fiction,2020-07-31,5.6,0.7594
Brené Brown: The Call to Courage,Documentary,2019-04-19,7.17,0.8937
Shuddh Desi Romance,"Drama, Romance",2013-09-06,5.743,0.8761
Irandam Ulagaporin Kadaisi Gundu,"Drama, Thriller",2019-12-05,6.6,0.7482
Team Foxcatcher,Documentary,2016-04-18,6.964,0.8261
The Cliche,"Comedy, Romance, Drama",2024-12-26,5.2,0.8166
Arsenio Hall: Smart and Classy,Comedy,2019-10-29,6.0,0.7806
C-section,"Comedy, Drama",2021-12-02,0.0,0.9239
Joe Mande's Award-Winning Comedy Special,"Comedy, Documentary",2017-07-25,5.853,0.877
Upstarts,"Comedy, Drama",2019-10-18,6.333,0.8606
ReMastered: Tricky Dick & The Man in Black,"Documentary, Music",2018-11-02,6.6,0.8415
Flashback,"Fantasy, Romance, Thriller",2023-10-20,4.771,1.03
L.O.L. Surprise! Winter Fashion Show,Animation,2022-10-24,7.8,0.9288
85 South: Ghetto Legends,Comedy,2023-06-20,6.1,0.9595
Gajen Nad: Professional Mixed Breed,Comedy,2023-12-01,2.5,0.9433
Rajma Chawal,"Comedy, Drama, Family",2018-10-13,6.4,0.986
Lee Su-geun: The Sense Coach,Comedy,2021-07-09,2.4,0.8698
Brij Mohan Amar Rahe!,"Comedy, Drama",2017-12-13,5.447,0.8889
Marc Maron: Too Real,Comedy,2017-09-05,6.858,0.811
Primbon,"Drama, Horror",2023-08-10,4.9,0.88
Oru Thekkan Thallu Case,"Drama, Thriller",2022-09-08,5.5,0.8716
Shirkers,Documentary,2018-01-21,7.191,0.9998
A 3 Minute Hug,Documentary,2018-11-20,6.5,0.8985
In Case They Don't Arrive,Drama,2016-03-16,7.8,0.9174
Wanda Sykes: Not Normal,Comedy,2019-05-21,7.0,0.8203
Sol Levante,"Animation, Action, Science Fiction, Fantasy",2020-04-02,4.631,0.8126
Demetri Martin: Live (At the Time),"Comedy, TV Movie",2015-03-10,6.903,0.8403
Mishan Impossible,"Thriller, Comedy",2022-04-01,6.4,0.7579
Hannibal Buress: Comedy Camisado,Comedy,2016-02-05,6.21,0.8076
Starfish,"Drama, Thriller, Romance",2023-11-24,3.5,0.8511
Chhota Bheem: Dinosaur World,"Adventure, Fantasy",2025-12-02,0.0,0.8828
Almost Pyaar with DJ Mohabbat,"Romance, Drama, Music",2023-02-03,3.688,0.8317
Ali Wong: Hard Knock Wife,Comedy,2018-05-13,6.9,0.8476
Fabrizio Copano: solo pienso en mí,Comedy,2017-09-08,5.2,0.8732
ReMastered: The Miami Showband Massacre,Documentary,2019-03-22,6.8,0.7679
Sisters on Track,Documentary,2021-06-10,7.3,0.8378
Regular People,Drama,2024-06-15,0.0,1.0735
True: Friendship Day,Animation,2020-09-01,5.2,0.7929
Night and Day,,2010-12-31,6.0,0.7458
Blippi's Big Dino Adventure,Family,2023-08-25,5.0,0.8108
Jo Koy: Comin' in Hot,Comedy,2019-06-12,6.724,0.9838
Never Stop Dreaming: The Life and Legacy of Shimon Peres,Documentary,2022-07-13,6.5,0.9287
Bomb Scared,Comedy,2017-12-08,5.435,1.0058
Civil: Ben Crump,Documentary,2022-06-17,7.429,0.8343
"Rodrigo Sant'anna: I'm Here, I'm Queer!",Comedy,2022-05-19,4.0,0.8496
Deaw Special: Super Soft Power,Comedy,2024-05-01,8.0,0.7942
Higuita: The Way of the Scorpion,Documentary,2023-11-02,7.75,0.7857
Jewel,Drama,2022-07-08,6.4,0.8585
Flower Girl,"Comedy, Fantasy",2025-06-18,9.0,0.811
The Husbands of Rosario,"Romance, Comedy",2018-05-09,0.0,0.7763
Meter,"Comedy, Action, Romance",2023-04-07,3.0,0.9807
Mughizh,Drama,2021-10-08,3.5,0.8484
The deliverance of a suitcase,"Adventure, Comedy",2024-06-16,0.0,0.9359
Mercy,Thriller,2016-06-04,4.292,0.9088
Naai Sekar Returns,Comedy,2022-12-09,7.1,0.8853
Love with its Details,"Romance, Comedy",2023-02-08,0.0,0.7054
Tom Segura: Teacher,Comedy,2025-12-24,6.3,0.8716
Finding Agnes,Drama,2020-11-30,3.8,0.7591
Money No Enough 3,"Comedy, Drama",2024-02-01,5.6,0.8306
Save the Children,"Music, Documentary",1973-05-13,6.571,0.7135
Rhythm + Flow France: After the Beat,Documentary,2025-10-03,7.0,0.857
Bert Kreischer: The Machine,Comedy,2016-11-11,7.71,0.9072
Geez & Ann,"Drama, Romance",2021-02-25,6.8,0.7627
Guna Guna Istri Muda,"Drama, Horror, Thriller",2024-11-27,5.9,0.8488
The Heartbreak Club,"Drama, Romance",2021-01-14,8.0,0.8136
Jeff Garlin: Our Man in Chicago,Comedy,2019-11-12,5.6,0.696
Derren Brown: Sacrifice,"Documentary, Mystery",2018-10-19,7.19,0.8352
Gates of Heaven,Drama,2025-02-13,5.5,0.9276
Becky and Badette,Comedy,2023-12-25,7.0,0.8895
Countdown: Taylor vs. Serrano,Documentary,2025-07-02,7.9,0.9282
ONEFOUR: Against All Odds,"Documentary, Music",2023-10-26,6.8,0.7986
Guna 369,"Romance, Action",2019-08-02,5.7,0.8148
CANVAS,"Horror, Thriller",2023-12-06,7.0,0.9823
Labyu with an Accent,"Comedy, Romance",2022-12-25,4.5,0.7713
Deaw Still Alive,Comedy,2026-01-28,7.0,0.8134
Aziz Ansari: Nightclub Comedian,Comedy,2022-01-25,6.821,0.804
Ex Ex Lovers,"Romance, Comedy, Drama",2025-02-12,6.0,0.8383
Print the Legend,Documentary,2014-03-09,6.654,0.7578
Sebastian Maniscalco: Is it Me?,Comedy,2022-12-06,6.469,0.8161
Aaviri,"Drama, Thriller",2019-11-01,6.0,0.7413
Carolin Kebekus: The Last Christmas Special,Comedy,2021-12-08,5.0,0.6352
Ikaw,"Comedy, Romance, Drama",2021-11-12,4.5,0.6928
Dance Dreams: Hot Chocolate Nutcracker,Documentary,2020-11-27,7.5,0.7973
Yo Yo Honey Singh: Famous,"Documentary, Drama, Music",2024-12-20,5.3,0.8283
The Hungover Games,Comedy,2012-03-04,2.333,0.7241
Cristela Alonzo: Middle Classy,Comedy,2022-06-28,6.917,0.9542
Agape: The Unconditional Love,"Drama, Romance",2025-09-04,3.0,0.7825
Jim Gaffigan: Mr. Universe,Comedy,2012-04-11,6.822,0.9186
Gabriel Iglesias: Legend of Fluffy,Comedy,2025-01-06,6.648,0.7198
Chip and Potato: Chip's Holiday,Animation,2022-06-27,5.2,0.8867
Mamasapano: Now It Can Be Told,"Drama, Action",2022-12-25,0.0,0.7187
Kannum Kannum Kollaiyadithaal,"Romance, Comedy, Drama",2020-02-28,6.824,0.8913
Martabat: Misi Berdarah,Comedy,2025-06-12,0.0,0.9546
Maple Leaf Dreams,"Romance, Drama, Family",2024-09-25,6.5,0.7398
Jada,Drama,2019-12-06,4.0,0.8963
Simon Amstell: Set Free,Comedy,2019-08-20,6.08,0.872
Zion,Documentary,2018-01-18,6.662,0.8201
Steve Martin and Martin Short: An Evening You Will Forget for the Rest of Your Life,"Comedy, Music, TV Movie",2018-05-25,6.586,0.8116
Little Big Mouth,"Comedy, Romance",2021-10-22,5.3,0.8847
Maria Bamford: Old Baby,"Comedy, Documentary",2017-05-02,5.196,0.7869
Face to Face,"Drama, Comedy",2023-08-16,6.429,0.9183
Birders,Documentary,2019-09-25,6.194,0.8983
Hate by Dani Rovira,Comedy,2021-02-12,6.966,0.8617
A Breath of Fresh Air,"Comedy, Drama",2022-07-07,5.6,0.8225
The Guardian,"Thriller, Drama, Horror",2021-04-30,7.3,0.9041
The Female Followers of the Devil: Part 2,"Horror, Thriller",2024-03-28,5.3,0.7672
To Russia with Love,"Romance, Comedy",2022-11-01,6.8,0.7906
The Queenstown Kings,Drama,2023-11-17,5.8,0.7544
The Third Eye,Animation,2014-06-26,4.5,0.9949
Milestone,Drama,2020-09-03,5.975,0.768
Janji Darah,"Drama, Horror, Thriller",2024-07-04,6.1,0.7408
Chief Daddy 2: Going for Broke,Comedy,2021-12-17,6.0,0.849
A Go! Go! Cory Carson Summer Camp,"Animation, Family",2020-07-04,3.3,0.8248
Lasting Moments,"Drama, Romance",2025-07-30,4.0,0.7896
Kenny Sebastian: The Most Interesting Person in the Room,Comedy,2020-05-29,6.286,0.9794
Jacob Sartorius: Life on the Road,"Adventure, Music",2017-07-29,4.0,0.8355
Sebastian Maniscalco: Aren't You Embarrassed?,Comedy,2014-11-14,7.783,0.8154
Lego Friends: The Next Chapter: New Beginnings,"Animation, Family",2023-01-29,4.3,0.7381
#OOTD: Outfit of the Designer,"Drama, Romance",2024-01-25,4.5,0.7719
Alejandro Riaño: Especial de stand up,Comedy,2018-01-10,4.5,0.8401
Trailer Park Boys: Live at the North Pole,"TV Movie, Comedy",2014-11-15,6.182,0.8395
Mere Dad Ki Maruti,Comedy,2013-03-15,6.05,0.8077
Faith in the Impossible,Drama,2025-02-20,7.6,0.8621
Krishna and His Leela,"Romance, Comedy",2020-06-24,4.792,0.8842
Sitara,Drama,2019-09-27,2.0,1.0737
The Braid of Time,"Animation, Drama",2021-06-06,4.3,0.8364
Christina P: Mother Inferior,Comedy,2017-10-10,6.05,0.8673
The Reservoir Game,Documentary,2017-09-07,7.5,0.731
The Last Goodbye,"Drama, Romance",2025-05-07,5.0,0.9585
Uninvited,"Thriller, Mystery, Crime",2024-12-25,6.5,0.7316
The Day of the Lord,"Drama, Horror, Thriller",2020-10-30,6.5,0.7667
My Next Guest with David Letterman and Adam Sandler,Documentary,2025-11-30,6.0,0.802
I'm Brent Morin,Comedy,2015-12-01,6.652,0.774
Silsila,"Drama, Romance",1981-07-29,6.167,0.9599
State of Alabama vs. Brittany Smith,"Documentary, Crime",2022-11-10,5.952,0.8352
Jim Gaffigan: King Baby,Comedy,2009-03-29,6.784,0.8737
The Oskars Fantasy,"Comedy, Horror",2023-06-28,4.0,0.7216
Michael McIntyre: Showman,Comedy,2020-09-15,7.343,0.7216
Hannah Gadsby: Nanette,Comedy,2018-06-19,7.904,0.845
Kamla,Drama,2022-12-06,0.0,0.7706
Harith Iskander: I Told You So,Comedy,2018-01-19,4.8,0.7146
All India Rank,"Drama, Comedy",2024-02-23,6.833,0.8158
Whitney Cummings: Can I Touch It?,Comedy,2019-07-30,6.693,0.7512
Love Child,"Romance, Comedy, Drama",2024-08-02,4.0,0.7582
Untold: Shooting Guards,Documentary,2025-05-05,6.591,0.8124
11:11,"Drama, Thriller",2022-02-02,4.8,0.7809
What Would Sophia Loren Do?,Documentary,2021-01-15,6.537,0.8274
Bolehkah Sekali Saja Kumenangis,Drama,2024-10-17,6.5,0.7378
Jo Koy: Live from Brooklyn,Comedy,2024-06-03,7.147,0.7752
My Next Guest with David Letterman and Shah Rukh Khan,Documentary,2019-10-25,6.0,0.8173
Friendly Fire,"Drama, Adventure",2024-10-23,6.0,0.7136
Afwaah,"Thriller, Drama",2023-05-05,5.9,0.8277
Titip Surat Untuk Tuhan,"Drama, Family",2024-03-07,6.2,0.7219
"Chances Are, You and I","Drama, Romance",2024-05-29,6.0,0.7067
El club de los buenos infieles,Comedy,2018-03-28,5.3,0.8345
Jacqueline Novak: Get on Your Knees,Comedy,2024-01-22,6.0,0.7487
The Lost World: Jurassic Park,"Adventure, Action, Science Fiction",1997-05-23,6.564,0.7749
Free to Play,Documentary,2014-03-19,6.9,0.788
Emicida: AmarElo - It's All for Yesterday,"Documentary, Music",2020-12-08,8.602,0.8361
Semi-Soet,Romance,2012-02-17,5.1,0.7846
Bittersweet Rain,Drama,2023-10-10,7.0,0.7452
Emicida: AmarElo – Ao Vivo,"Music, Documentary",2021-07-15,7.9,0.8242
This Is Not a Comedy,"Drama, Comedy",2021-10-05,6.105,0.9328
A World Without,"Mystery, Thriller, Drama",2021-10-14,5.0,0.9355
The Dreamlife of Georgie Stone,Documentary,2022-06-09,6.219,0.7365
Cemara's Family 2,"Drama, Family",2022-06-23,7.0,0.8876
Koshien: Japan's Field of Dreams,Documentary,2019-11-01,6.0,0.6738
Amy Schumer Presents: Parental Advisory,Comedy,2022-06-11,4.6,0.7982
Mike Birbiglia: Thank God for Jokes,Comedy,2017-02-28,7.348,0.7549
One Last Shot,"Comedy, Drama",1998-09-01,5.3,0.8562
Kappela,"Romance, Mystery",2020-03-06,6.283,0.8398
Godse,"Thriller, Action",2022-06-17,4.6,0.8236
Saving Capitalism,Documentary,2017-08-25,6.725,0.86
Ma Rainey's Black Bottom: A Legacy Brought to Screen,Documentary,2020-12-18,6.2,0.793
Franco Escamilla: Ladies' man,Comedy,2024-05-23,9.029,0.9014
Franco Escamilla: bienvenido al mundo,Comedy,2019-04-17,8.489,0.7225
"Rachel Bloom: Death, Let Me Do My Special",Comedy,2024-10-15,6.455,0.6982
Jaal,"Action, Drama",1986-02-14,5.429,0.7527
Gevi,"Action, Drama",2025-07-18,0.0,0.7827
The Third Eye,"Romance, Mystery, Adventure",2024-07-11,0.0,0.9152
My Brother Above in the Tree,Comedy,2023-01-18,2.0,0.8912
Jakarta vs Everybody,"Drama, Crime",2020-11-26,5.1,0.9494
137 Shots,"Documentary, Crime",2021-12-15,6.3,0.8937
Tara vs Bilal,"Romance, Comedy, Drama",2022-10-28,6.306,0.8029
Chhota Bheem and Hanuman,"Animation, Action, Adventure, TV Movie",2013-11-22,6.2,0.8103
The Doomsday Cult of Antares de la Luz,Documentary,2024-04-25,6.7,0.763
Lovefucked,"Romance, Drama",2018-10-26,4.8,0.7979
Everything About My Wife,"Comedy, Romance",2025-02-26,4.0,0.847
A Faraway Land,Drama,2021-08-19,4.4,0.6887
Ghosts of Sugar Land,Documentary,2019-01-26,5.627,0.715
Uma Maheswara Ugra Roopasya,"Comedy, Drama",2020-07-30,7.3,0.876
"Aku Jati, Aku Asperger","Comedy, Drama, Romance",2024-10-31,6.1,0.6816
Maska,Comedy,2020-03-27,5.211,0.775
The American Meme,Documentary,2018-12-07,5.739,0.7729
Ari Eldjárn: Pardon My Icelandic,Comedy,2020-12-02,7.394,0.8382
One Day We'll Talk About Today,Drama,2020-01-02,7.259,0.834
Have a Nice Day!,"Comedy, Drama",2023-03-10,7.1,0.8212
Urzila Carlson: Overqualified Loser,Comedy,2020-07-14,4.818,0.7734
Ali Wong: Single Lady,Comedy,2024-10-07,6.526,0.9524
Joe Rogan: Triggered,Comedy,2016-10-21,6.829,0.7851
Aziz Ansari: Right Now,"Comedy, TV Movie, Documentary",2019-07-09,7.1,0.8355
Ayalvaashi,"Drama, Comedy",2023-04-21,7.2,0.8145
My Beautiful Broken Brain,Documentary,2014-11-21,7.1,1.0202
The Legend of Cocaine Island,Documentary,2018-04-20,6.167,0.8333
Vir Das: Landing,Comedy,2022-12-26,7.208,0.9551
In Broad Daylight: The Narvarte Case,Documentary,2022-12-08,7.955,0.831
Sarah Silverman: A Speck of Dust,Comedy,2017-05-30,6.815,0.7404
Adam by Eve: A Live in Animation,"Animation, Music",2022-03-15,6.9,0.9678
"Tu prima, tu hermana, la gata y tu mamá también",,2002-12-31,5.7,0.7803
Dead Kids,"Thriller, Crime, Drama",2019-11-17,5.8,0.8184
Nate Bargatze: The Tennessee Kid,Comedy,2019-03-26,7.385,0.8138
Katherine Ryan: In Trouble,Comedy,2017-02-14,6.5,0.8323
Enter the Anime,Documentary,2019-08-05,5.191,0.8559
Afonso Padilha: Classless,Comedy,2020-09-03,7.519,0.769
Titli,"Drama, Action, Crime",2015-05-06,6.655,0.893
Mo Amer: Mohammed in Texas,Comedy,2021-11-30,4.727,0.7393
Music Teacher,"Drama, Music, Romance",2018-09-21,6.636,0.7583
Alhamour H.A.,"Crime, Comedy, Drama",2023-01-19,6.429,0.77
"Ice Cold: Murder, Coffee and Jessica Wongso","Documentary, Crime",2023-09-28,6.278,0.7618
Jordan Jensen: Take Me with You,Comedy,2025-09-09,6.5,0.7614
A Go! Go! Cory Carson Halloween,"Animation, Family, TV Movie",2020-10-02,6.808,0.6867
Aziz Ansari: Live at Madison Square Garden,Comedy,2015-03-06,6.547,0.7131
DEAW #7 Stand Up Comedy Show,Comedy,2008-02-01,0.0,0.8481
Hans Teeuwen: Echte Rancune,Comedy,2017-12-01,7.25,0.8476
Broken Wings,"Drama, Thriller",2022-08-18,6.4,0.8129
The Piano Lesson: Legacy and a Vision,Documentary,2024-11-21,0.0,0.8356
It's Worth It by Dani Rovira,Comedy,2025-07-10,8.9,0.7191
Grumpy Christmas,Comedy,2021-12-21,7.6,0.8584
Room to Move,Documentary,2025-06-11,10.0,0.7808
Lionheart,"Drama, Comedy",2018-09-08,6.1,0.8421
Two Catalonias,Documentary,2018-09-28,6.5,0.7244
Vikruthi,"Comedy, Drama",2019-10-04,6.5,0.735
ReMastered: Massacre at the Stadium,Documentary,2019-01-11,7.389,0.8129
Tuesdays And Fridays,"Romance, Comedy, Music",2021-02-19,4.3,0.7268
Fortune Feimster: Crushing It,Comedy,2024-12-02,5.4,0.7847
Gerry Dee: Funny You Should Say That,Comedy,2025-11-18,3.8,0.7908
Chelsea Handler: The Feeling,Comedy,2025-03-24,5.8,0.7208
Tim Dillon: I'm Your Mother,Comedy,2025-04-14,5.8,0.7167
Mike Epps: Ready to Sell Out,Comedy,2024-02-19,4.778,0.7587
The Land of Cards,Fantasy,2013-09-13,6.2,0.7812
Camarón: The Film,Documentary,2018-06-01,7.094,0.7487
Unbridled,Thriller,2018-09-14,5.3,0.8022
Doosara Aadmi,"Drama, Romance",1977-09-14,9.667,0.8603
Ballot,"Drama, Thriller",2024-10-16,8.4,0.7356
Amy Schumer: Growing,Comedy,2019-03-19,5.806,0.8095
Tig,Documentary,2015-04-23,7.202,0.7009
The Cheating Game,"Drama, Romance",2023-07-26,0.0,0.7035
The Netflix Cup,,2023-11-14,5.7,0.6993
The Fugitives,Comedy,2023-01-25,5.0,0.7416
Evelyn,Documentary,2019-09-10,7.3,0.7477
Matt Rife: Unwrapped - A Christmas Crowd Work Special,Comedy,2025-12-01,6.9,0.6657
The Angel from Below,Drama,2022-11-01,5.3,0.8315
Hold Me Close,"Romance, Drama, Fantasy",2024-12-25,0.0,0.781
Simplemente Manu NNa,Comedy,2017-05-05,3.0,0.7927
The Battered Bastards of Baseball,Documentary,2014-01-20,7.405,0.8774
Fred Armisen: Standup for Drummers,"Music, Comedy",2018-02-06,6.368,0.6589
Sofía Niño de Rivera: Natural Selection,Comedy,2018-03-30,5.5,0.7453
Ijakumo: The Born Again Stripper,Drama,2022-12-23,0.0,0.8064
Voices,Drama,2023-12-03,0.0,0.8417
Jack Whitehall: Settle Down,Comedy,2024-01-30,6.263,1.0903
ConMom,Comedy,2025-05-21,0.0,0.8432
Chhota Bheem and Krishna: Mayanagari,"Animation, TV Movie",2011-09-02,6.1,0.7265
Ryan Hamilton: This Just Hit Me,Comedy,2026-06-23,6.4,0.8078
Mighty Express: A Mighty Christmas,"Animation, Family",2020-12-05,4.2,0.7685
Super Monsters: The New Class,"Animation, Family",2020-08-01,5.9,0.8304
Chhota Bheem in the Incan Adventure,"Action, Adventure, Comedy, Family, Animation, Fantasy",2013-07-07,0.0,0.6829
15 August,"Comedy, Romance",2019-03-05,7.0,0.8222
Pyar Ke Do Pal,"Action, Drama",1986-08-15,8.0,0.8527
Fortune Feimster: Good Fortune,Comedy,2022-10-25,5.75,0.7984
Gabriel Iglesias: Stadium Fluffy,Comedy,2022-10-18,7.57,0.7622
Theo Von: No Offense,Comedy,2016-02-26,6.121,0.6382
True: Rainbow Rescue,Animation,2020-06-02,4.5,0.7688
Man on the Run,"Documentary, Crime",2023-10-08,6.714,0.7724
LEGO Friends: Holiday Special,"Animation, Family",2021-11-05,3.9,0.6479
What the F* Is Going On?,Documentary,2019-11-25,6.2,0.6566
"GEN HOSHINO STADIUM TOUR ""POP VIRUS""","Music, Documentary",2019-10-10,7.0,0.7421
Saverio Raimondo: Il Satiro Parlante,Comedy,2019-05-17,5.7,0.8655
Chappelle's Home Team - Luenell: Town Business,Comedy,2023-09-26,6.3,0.8184
Amy Schumer: The Leather Special,Comedy,2017-03-06,3.789,0.6575
Chhota Bheem: Bheem vs Aliens,"Animation, Fantasy, TV Movie, Thriller",2010-12-12,5.5,0.711
Por,"Action, Drama",2024-03-01,0.0,0.8212
Lokillo: Nothing's the Same,Comedy,2021-08-12,7.1,0.7962
Hurdang,"Drama, Romance",2022-04-08,5.9,0.8767
Deive Leonardo: The Answer,Documentary,2023-11-28,8.1,0.7772
Gen Hoshino Concert Recollections 2015-2023,Music,2023-08-10,8.25,0.7429
Thiago Ventura: POKAS,Comedy,2020-07-02,7.013,0.8189
Carlos Almaraz: Playing with Fire,Documentary,2019-05-01,4.5,0.6421
Amandla,"Crime, Drama",2022-01-21,5.9,0.7268
"Gabriel ""Fluffy"" Iglesias: One Show Fits All",Comedy,2019-01-20,7.246,0.7342
Rosebud Baker: The Mother Lode,Comedy,2025-02-18,6.444,0.8035
One Hundred Years with Juan Rulfo,"History, Documentary",2017-11-03,0.0,0.7767
Merry Men 3: Nemesis,"Action, Comedy, Thriller",2023-10-13,0.0,1.0766
London Hughes: To Catch A D*ck,Comedy,2020-12-22,6.1,0.7962
Sitara: Let Girls Dream,"Animation, Drama",2019-09-23,6.8,0.6665
Fortune Feimster: Sweet & Salty,Comedy,2020-01-21,6.226,0.6739
Matt Rife: Lucid - A Crowd Work Special,Comedy,2024-08-12,6.766,0.794
Stay on Board: The Leo Baker Story,Documentary,2022-08-11,6.4,0.7817
Franco Escamilla: Eavesdropping,Comedy,2022-10-23,8.6,0.7267
Adrishya Jalakangal,"Thriller, Drama",2023-11-24,5.2,0.7109
Det hopfällbara slottet,"Music, Drama",1968-04-13,2.0,0.7113
Prince of Peoria: A Christmas Moose Miracle,"Comedy, Family",2018-12-17,6.1,0.7794
Dov'è Sisifo?!,Drama,2005-01-01,0.0,0.7287
Harta Tahta Raisa,"Documentary, Music",2024-06-06,6.7,0.7313
Jeff Foxworthy & Larry the Cable Guy: We've Been Thinking,Comedy,2016-08-26,5.5,0.7271
Mauricio Meirelles: Generating Chaos,Comedy,2020-04-16,7.1,0.7644
My Father is a Playboy,"Family, Comedy",2022-07-29,4.7,0.8302
Franco Escamilla: por la anécdota,Comedy,2018-06-08,8.647,0.7449
What Are the Odds?,,2006-02-01,9.0,0.7136
Carlos Ballarta: False Prophet,Comedy,2021-11-18,6.2,0.7824
Pendekar Awang & Tok Gajah: Darah Indera Gajah,"Action, Adventure, History, Drama, Thriller",2024-09-12,0.0,0.692
Kolaiyuthir Kaalam,"Crime, Thriller, Horror",2019-08-08,4.0,0.6295
Trading Places,"Romance, Comedy",2023-07-14,0.0,0.69
A Long Way to Come Home,"Drama, Family",2023-02-02,6.444,0.762
Yeh Ballet,Documentary,2017-06-07,0.0,0.6474
Moro,Drama,2023-10-06,0.0,0.6508
Murder to Mercy: The Cyntoia Brown Story,Documentary,2020-04-29,6.9,0.7788
Grillo vs Grillo,Comedy,2017-02-10,6.0,0.8048
Tim Dillon: This Is Your Country,Comedy,2024-09-30,5.9,0.6927
Love Is Blind Brazil: After the Altar,"Romance, Documentary",2023-12-20,7.1,0.6842
The Man of God,Drama,2022-04-16,5.8,0.7894
Barakah Meets Barakah,"Comedy, Romance",2016-02-15,6.385,0.6603
Neal Brennan: 3 Mics,Comedy,2017-01-17,7.167,0.7501
The Magic School Bus Rides Again: The Frizz Connection,"Family, Animation",2020-10-20,6.2,0.7498
Joe Rogan: Strange Times,Comedy,2018-10-02,7.1,0.6469
Murder by the Coast,"Documentary, Crime, History, Mystery",2021-06-23,6.38,0.7528
Tersanjung: The Movie,"Drama, Romance",2021-04-01,8.2,0.7862
Heartbreak Motel,"Drama, Romance",2024-08-01,8.2,0.8995
Torching 2024: A Roast of the Year,Comedy,2024-12-26,5.25,0.6442
In My Skin,Documentary,2019-06-10,10.0,0.7057
Arini by Love.inc,"Drama, Science Fiction, Romance",2022-02-04,5.1,0.6311
"Cristiano y Messi, la tormenta perfecta",Documentary,2021-10-21,8.0,0.8245
Joe DeRosa: I Never Promised You a Rose Garden,Comedy,2025-07-21,5.0,0.6915
Tig Notaro: Happy to Be Here,Comedy,2018-05-22,6.2,0.7443
The Orchestra,Animation,2016-10-02,7.0,0.5993
David Cross: Making America Great Again,"Comedy, TV Movie",2016-08-05,6.611,0.6715
Marei El Breemo,Comedy,2023-08-02,2.5,0.7267
Bleeding Tiger: Conflict Begins,"Action, Crime, Drama",2025-03-27,6.0,0.7955
Modo avión,,2023-08-03,7.0,0.5806
Shastry Viruddh Shastry,"Drama, Family",2023-11-03,6.0,0.6624
Dad Stop Embarrassing Me - The Afterparty,,2021-04-16,6.0,0.7398
Kavin Jay : Everybody Calm Down!,"Comedy, Documentary",2018-02-02,4.667,0.595
Sanitation Day,"Thriller, Crime",2021-01-29,4.7,0.6643
Fire in Paradise,Documentary,2019-09-01,6.863,0.7717
Story of Dinda: Second Chance of Happiness,"Romance, Drama",2021-10-29,4.3,0.7286
Qaidi Band,"Drama, Music",2017-08-25,6.0,0.6119
"Mon Laferte, I Love You","Documentary, Music",2024-08-01,8.879,0.7625
Greg Davies: You Magnificent Beast,Comedy,2018-04-10,6.709,0.7509
DEAW #8 Stand Up Comedy Show,Comedy,2010-02-04,0.0,0.7771
Cristela Alonzo: Lower Classy,Comedy,2017-01-24,5.933,0.7111
True: Winter Wishes,"Animation, Adventure, Family",2019-11-26,6.3,0.8467
RUSSELL BRAND: RE:BIRTH,Comedy,2018-12-04,6.419,0.6437
Eraserheads: Combo on the Run,"Documentary, Music",2025-03-21,0.0,0.7489
Mike Epps: Only One Mike,Comedy,2019-06-25,6.867,0.7952
An Instant Dad,Comedy,2023-11-22,5.5,0.7679
Gad Gone Wild,Comedy,2017-01-24,6.748,0.651
Judd Apatow: The Return,Comedy,2017-12-12,6.261,0.6612
Justin Timberlake + The Tennessee Kids,"Music, Documentary",2016-09-13,7.407,0.7567
Paradise,"Drama, Crime",2024-06-21,6.0,0.7037
Bo Burnham: The Inside Outtakes,"Comedy, Music",2022-05-30,8.137,0.7021
Alexis de Anda: Mea Culpa,Comedy,2017-11-10,3.8,0.7405
Vir Das: Fool Volume,Comedy,2025-07-17,7.222,0.7287
Nate: A One Man Show,Comedy,2020-12-01,6.071,0.7897
Coco y Raulito: Carrusel de ternura,Comedy,2018-07-28,4.5,0.6807
The Dads,Documentary,2023-03-12,6.1,0.6717
Jo Koy: Live from the Los Angeles Forum,Comedy,2022-09-13,6.7,0.7256
The Rachel Divide,Documentary,2018-04-23,6.214,0.6946
The Seven Deadly Sins: Prisoners of the Sky,"Action, Adventure, Fantasy, Animation",2018-08-18,7.532,0.749
Dr Jason Leong: Ride with Caution,Comedy,2023-02-09,3.8,0.6592
The Last Summer,Drama,2020-05-09,3.5,0.6629
Under Parallel Skies,"Romance, Drama",2024-04-17,6.143,0.7333
Madam Chief Minister,Drama,2021-01-22,5.8,0.8079
"From Hello, to Goodbye and Everything in Between",,2024-05-22,9.0,0.7467
Rodney King,"Drama, Crime",2017-04-28,5.125,0.7542
ALOHA,,2024-07-05,0.0,0.7021
It's me against you - The mystery of the spellbound school,"Family, Fantasy",2021-08-18,8.0,0.7486
"Kim Kwang Seok, an Unfinished Story","Documentary, Music",2022-06-22,1.5,0.7214
Ronny Chieng: Love to Hate It,Comedy,2024-12-17,6.7,0.7138
Ayotzinapa: The Turtle's Pace,Documentary,2018-03-13,6.1,0.7213
NOISE!,"Drama, Horror",2023-10-09,5.0,0.8104
Tom Papa: Live in New York City,"Comedy, TV Movie",2011-07-01,6.55,0.6658
Final Fantasy: The Spirits Within - Aki's Dream Reconstruction,,2001-10-21,7.0,0.7385
AUM!,"Thriller, Drama",2021-09-30,5.5,0.6292
Oxygène,,2024-10-14,0.0,0.6828
Hasan Minhaj: The King's Jester,Comedy,2022-10-04,6.952,0.6902
"2,215",Documentary,2018-09-06,7.1,0.7357
Kingdom of Us,Documentary,2017-10-07,7.094,0.6303
Jim Gaffigan: Cinco,Comedy,2017-01-10,6.91,0.6563
Mo Amer: The Vagabond,Comedy,2018-10-08,5.978,0.6631
Fary Is the New Black,Comedy,2018-04-03,6.707,0.6898
Rafinha Bastos: Ultimatum,Comedy,2018-09-21,6.3,0.6821
Mo Gilligan: Momentum,Comedy,2019-09-30,5.1,0.6194
Jen Kirkman: I'm Gonna Die Alone (And I Feel Fine),Comedy,2015-05-22,6.821,0.6644
Jurassic Park III,"Adventure, Thriller, Science Fiction, Action",2001-07-18,6.178,0.7169
Rory Scovel Tries Stand-Up for the First Time,Comedy,2017-06-20,7.083,0.6723
Kapil Sharma: I'm Not Done Yet,Comedy,2022-01-28,6.273,0.7482
I'm Your Venus,Documentary,2024-06-06,6.778,0.7123
Liss Pereira: Reteniendo Liquidos,Comedy,2019-04-10,6.1,0.6143
The Modest Heroes of Studio Ponoc,Documentary,2019-06-18,7.214,0.7368
My Own Man,"Comedy, Documentary, Drama",2014-03-06,6.438,0.6263
Nikki Glaser: Bangin',Comedy,2019-10-01,6.657,0.7153
"Ron White: If You Quit Listening, I'll Shut Up",Comedy,2018-10-16,6.079,0.6612
The Netflix Slam,,2024-03-03,6.5,0.7969
Searching for Sheela,Documentary,2021-04-22,5.731,0.672
The Bad Family,"Drama, Documentary",2021-06-15,5.9,0.8006
"Martin Matte : La vie, la mort... eh la la..!",Comedy,2019-10-14,7.75,0.5977
John Was Trying to Contact Aliens,Documentary,2020-01-23,6.133,0.701
Oprah + Viola: A Netflix Special Event,"Documentary, TV Movie",2022-04-22,6.412,0.595
After Maria,Documentary,2019-04-28,5.522,0.7078
Republic of South Ah Sh**t,Comedy,2023-07-28,3.0,0.7613
Chhota Bheem: The Blue Mountain,,2013-01-01,10.0,0.7268
Daniel Sosa: Maleducado,Comedy,2019-06-28,6.5,0.6488
After the Raid,Documentary,2019-12-19,5.5,0.7071
Katt Williams: Great America,Comedy,2018-01-16,5.826,0.6714
"Mariusz Kałamaga, Karol Kopiec, Wiolka Walaszczyk, Hilarious Trio",Comedy,2017-02-18,1.0,0.7597
Aziz Ansari: Buried Alive,Comedy,2013-11-01,6.97,0.6929
Fernando Sanjiao: Hombre,Comedy,2018-05-25,5.0,0.7496
The Vow,"Drama, Romance, Comedy",2024-05-29,0.0,0.5783
Jimmy Carr: The Best of Ultimate Gold Greatest Hits,Comedy,2019-03-12,7.039,0.6022
Moro,"Action, Drama",2023-10-06,5.0,0.6291
Happy Birthday,"Action, Comedy",2022-07-08,5.8,0.6723
Monday First Screening,"Romance, Comedy, Drama",2023-08-30,0.0,0.6198
Golden Hour Billkin The First Fan Meeting,Music,2022-10-08,0.0,0.6236
The Witcher Season One Recap: From the Beginning,Action,2021-12-17,5.7,0.709
Jo Koy: Live from Seattle,Comedy,2017-03-28,6.814,0.6613
Sebastian Maniscalco: Stay Hungry,"Comedy, TV Movie",2019-01-15,6.397,0.6137
The Harouns,"Drama, Thriller",2023-12-26,3.0,0.6916
Horizon,Documentary,2024-01-04,0.0,0.6797
Manoranjan,"Comedy, Romance",1974-01-11,5.0,0.7239
DEAW #4 Stand Up Comedy Show,Comedy,1999-10-01,0.0,0.6051
Deive Leonardo - Antes & Depois,Documentary,2025-08-10,10.0,0.7607
Guillermo Vilas: Settling the Score,Documentary,2020-10-27,7.269,0.7358
Lynne Koplitz: Hormonal Beast,Comedy,2017-08-22,5.433,0.6031
A StoryBots Space Adventure,"Animation, Family",2021-11-09,2.0,0.6722
Amit Tandon: Family Tandoncies,Comedy,2020-02-28,6.2,0.6594
Jen Kirkman: Just Keep Livin'?,Comedy,2017-01-02,6.514,0.6786
Best of Stand-Up 2022,Comedy,2022-12-30,3.9,0.7503
D.L. Hughley: Contrarian,"Comedy, Documentary, TV Movie",2018-09-18,5.278,0.679
"Ram Dass, Going Home",Documentary,2017-09-24,5.919,0.57
Chhota Bheem and the Shinobi Secret,"Adventure, Animation, Comedy",2013-11-03,0.0,0.6303
Brian Regan: On the Rocks,Comedy,2021-02-23,6.7,0.5909
Private Network: Who Killed Manuel Buendía?,"Documentary, History",2021-07-14,7.3,0.6863
The Light We Carry: Michelle Obama and Oprah Winfrey,Documentary,2023-04-25,5.6,0.7247
Ladies First,Documentary,2017-07-07,7.308,0.7234
"Out of Many, One",Documentary,2018-12-12,5.3,0.6224
Daniel Sosa: Sosafado,Comedy,2017-02-03,5.8,0.6882
Jack Whitehall: Christmas with My Father,Comedy,2019-12-12,5.429,0.6956
Whindersson Nunes: Isso Definitivamente Não É Um Culto,Comedy,2025-05-09,0.0,0.6365
Todo lo que sería Lucas Lauriente,Comedy,2018-04-06,6.4,0.6169
LEAL,Documentary,2025-05-13,5.0,0.6295
Seth Meyers: Lobby Baby,Comedy,2019-11-05,7.019,0.6995
Ngayon Kaya,"Romance, Drama",2022-06-22,9.0,0.6485
Everything Is Fine,Drama,2021-02-14,0.0,0.5726
Fakkah Fuzz: Almost Banned,Comedy,2018-01-26,4.6,0.7274
Joe Rogan: Burn the Boats,Comedy,2024-08-03,4.917,0.6479
Tom Segura: Ball Hog,Comedy,2020-03-24,6.993,0.6512
Mama Retreat,Horror,2021-10-15,4.1,0.6888
David A. Arnold: It Ain't for the Weak,Comedy,2022-07-19,6.313,0.6202
Chhota Bheem: Dholakpur to Kathmandu,"Animation, Action, Adventure",2012-03-25,6.0,0.682
Voices,Documentary,2025-04-02,7.5,0.7005
Bert Kreischer: Secret Time,Comedy,2018-08-24,7.225,0.5952
Will You Marry?,"Drama, Comedy, Romance",2021-10-22,4.0,0.6533
Tom Papa: Home Free,Comedy,2024-10-29,6.0,0.6315
The Claudia Kishi Club,Documentary,2020-03-26,5.25,0.6502
Chadi Jawani Budhe Nu,,1976-01-01,6.0,0.6114
Marco Luque - We are together,Comedy,2017-06-15,5.1,0.653
Craig Ferguson: Tickle Fight,Comedy,2017-12-05,6.0,0.6441
Iliza Shlesinger: Confirmed Kills,Comedy,2016-09-23,6.237,0.7149
DeRay Davis: How to Act Black,Comedy,2017-11-14,6.3,0.6281
Bert Kreischer: Razzle Dazzle,Comedy,2023-03-14,6.879,0.6578
A Go! Go! Cory Carson Christmas,"Animation, Family",2020-11-27,6.6,0.6606
Catching Feelings,"Romance, Comedy, Drama",2017-06-18,4.688,0.6429
Bert Kreischer: Hey Big Boy,Comedy,2020-03-17,6.569,0.5785
Lessons from a School Shooting: Notes from Dunblane,Documentary,2018-09-28,5.9,0.7786
Wave of Cinema: Nanti Kita Cerita Tentang Hari Ini,"Documentary, Music",2020-09-25,0.0,0.5838
Jonas,Drama,2016-05-01,2.0,0.7454
Govinda Govinda,"Comedy, Thriller, Crime",2021-11-26,0.0,0.6828
Hotel Underground,"Action, Thriller",2023-12-01,1.0,0.5738
Mercury 13,Documentary,2018-04-08,6.689,0.7099
Time to Dance,"Drama, Romance",2021-03-12,4.0,0.6613
Michelle Wolf: The Well,Comedy,2025-10-21,6.714,0.665
"Dana Carvey: Straight White Male, 60","Comedy, Documentary, TV Movie",2016-11-04,6.273,0.6506
Matsuko in Real Life,Documentary,2025-01-04,7.0,0.5929
Making Malinche: A Documentary by Nacho Cano,"Documentary, Music",2021-10-12,7.0,0.6139
Caught Out: Crime. Corruption. Cricket.,Documentary,2023-03-17,5.5,0.6391
Soy Rada: Serendipity,Comedy,2021-05-27,4.5,0.6741
Mark Normand: Soup to Nuts,Comedy,2023-07-25,6.25,0.6271
Mo Gilligan: There's Mo to Life,Comedy,2022-02-17,6.273,0.5867
Ryan Hamilton: Happy Face,Comedy,2017-08-29,6.897,0.6005
Her Excellency Mum,Comedy,2022-02-09,0.0,0.6456
Carlos Ballarta: el amor es de putos,,2016-11-18,6.9,0.6018
"¿Nos casamos? Sí, mi amor","Comedy, Romance",2022-02-03,2.167,0.6043
George Lopez: We'll Do It for Half,"Comedy, Documentary, TV Movie",2020-06-30,5.3,0.6481
Super Monsters: Vida's First Halloween,"Animation, Family, Comedy",2019-10-04,4.636,0.5934
"The Other One: The Long, Strange Trip of Bob Weir","Documentary, Music",2014-04-20,6.8,0.6957
Runs in the Family,"Adventure, Comedy, Drama",2023-06-01,1.0,0.6249
Judah Friedlander: America Is the Greatest Country in the United States,"Comedy, Documentary",2017-10-31,7.208,0.5977
Making Athena,Documentary,2022-09-30,7.5,0.6257
LiSA Another Great Day,"Documentary, Music",2022-10-18,8.25,0.6746
Gen Hoshino presents MAD HOPE MAD MUSIC,Music,2026-04-15,0.0,0.5758
"Now There's 3 of Us? Sí, Mi Amor.",Comedy,2024-01-25,6.5,0.5789
Tom Papa: What a Day!,Comedy,2022-12-13,6.958,0.6149
Bruna Louise: Demolition,Comedy,2022-06-22,5.2,0.6104
#IamVanessaGuillen,,2021-09-30,0.0,0.6009
Fadily Camara: La plus drôle de tes copines,Comedy,2019-11-14,6.3,0.678
"Michela Giraud: The Truth, I Swear!",Comedy,2022-04-06,5.0,0.6386
"English Only, Please","Comedy, Romance",2014-12-25,7.0,0.5936
"Do Paise Ki Dhoop, Chaar Aane Ki Baarish",Drama,2009-05-22,6.0,0.5972
Hannah Gadsby's Gender Agenda,Comedy,2024-03-04,5.423,0.624
Yuri Marçal: Honest Mistake,Comedy,2022-06-02,7.0,0.6231
Mathieu Dufour at Bell Centre,Comedy,2022-12-22,2.7,0.588
Southern All Stars: Chigasaki Live 2023,Music,2024-02-02,0.0,0.5704
The Spokeswoman,Documentary,2020-11-23,6.8,0.5959
Cem Yılmaz: Diamond Elite Platinum Plus,"Comedy, TV Movie",2021-12-31,6.173,0.6245
The Edge of Town,Drama,2020-09-24,2.0,0.6238
Edoardo Ferrario: Temi Caldi,"TV Movie, Comedy",2019-03-15,6.6,0.6818
Recovery Boys,Documentary,2018-05-01,6.5,0.6111
Vir Das: For India,Comedy,2020-01-26,8.125,0.5576
Bert Kreischer: Lucky,Comedy,2025-03-17,6.435,0.596
Making The Helicopter Heist,Documentary,2024-11-28,10.0,0.5402
Adam Devine: Best Time of Our Lives,"Comedy, TV Movie",2019-06-17,6.24,0.597
Making Transatlantic,Documentary,2023-04-07,3.3,0.7633
Sinam,Drama,2021-01-22,2.0,0.5928
Black Sunshine Baby,Documentary,2023-01-24,6.0,0.5688
Jenny Slate: Stage Fright,Comedy,2019-10-22,6.0,0.6118
"Kevin Hart: ""What Now?"" All Access","Comedy, Documentary",2016-01-01,1.5,0.545
Kambili: The Whole 30 Yards,"Comedy, Romance",2021-06-18,2.0,0.5715
Neal Brennan: Crazy Good,Comedy,2024-04-08,6.9,0.5776
Ari Shaffir: America's Sweetheart,Comedy,2025-01-14,6.5,0.5876
Six in the City,Comedy,2023-05-05,0.0,0.5622
Adire,Drama,2023-09-03,0.0,0.4906
Joaquín Reyes: Una y no más,Comedy,2017-09-08,5.2,0.7018
David Batra: Elephant in The Room,Comedy,2020-04-01,5.0,0.6224
Dusty Slay: Wet Heat,Comedy,2025-07-29,5.9,0.6147
Before Life After Death,Drama,2022-11-26,0.0,0.6106
Derrick Stroup: Nostalgic,Comedy,2026-03-10,4.9,0.5474
Sommore: Queen Chandelier,Comedy,2023-02-21,6.2,0.6092
Whispers in the Wind,Drama,2024-08-21,0.0,0.5507
Harley & Katya,Documentary,2022-02-07,7.571,0.5593
Slyth: The Hunt Saga,"Action, Science Fiction, Thriller, Romance",2023-12-05,5.714,0.5003
Liza Treyger: Night Owl,Comedy,2025-01-28,5.4,0.5526
Prime,"Drama, Horror, Thriller",2023-07-24,3.0,0.4845
Print the Legend,"Drama, Western",2023-10-08,6.0,0.5856
Real Estate Sisters,Comedy,2024-04-26,0.0,0.6083
Hari Kondabolu: Warn Your Relatives,Comedy,2018-05-08,5.794,0.5729
Sam Jay: 3 in the Morning,Comedy,2020-08-03,6.167,0.5861
4EVE The 1st Concert Friends & Family,,2023-04-29,5.0,0.5291
Lucas Brothers: On Drugs,Comedy,2017-04-18,5.2,0.5846
Felipe Neto: My Life Makes No Sense,Comedy,2017-03-24,6.2,0.5225
Eddie Pence: The (Un)special Comedy Special,Comedy,2020-09-01,2.0,0.6039
Natalia Valdebenito: El especial,Comedy,2018-03-02,6.2,0.8326
Leanne Morgan: I'm Every Woman,Comedy,2023-04-11,5.444,0.5076
Jada,Drama,2016-04-14,5.0,0.674
Carlos Ballarta: furia ñera,Comedy,2018-05-11,7.0,0.5519
Catherine Cohen: The Twist...? She's Gorgeous,"Comedy, Music",2022-03-15,6.429,0.5421
Loudon Wainwright III: Surviving Twin,"Music, Documentary",2018-11-13,6.0,0.6016
Making The Billion Dollar Code,Documentary,2021-10-07,6.357,0.5389
You and I,,2012-01-16,0.0,0.5399
Adrienne Iapalucci: The Dark Queen,Comedy,2024-11-12,5.813,0.5438
My Name Is Mo'Nique,Comedy,2023-04-04,4.2,0.5745
Mysterious murder,"Mystery, Crime, Horror",2020-11-13,10.0,0.5191
Hans Teeuwen: Real Rancour,Comedy,2017-07-01,0.0,0.5529
Leslie Jones: Time Machine,Comedy,2020-01-14,6.074,0.5489
Casting a Butcher,,2023-01-18,0.0,0.5266
Adel Karam: Live from Beirut,Comedy,2018-03-01,5.8,0.522
True: Tricky Treat Day,Animation,2019-09-20,3.3,0.5312
"Yours Sincerely, Kanan Gill",Comedy,2020-04-24,6.179,0.5569
Malena Pichot: Estupidez compleja,Comedy,2018-03-02,5.2,0.5325
Malaal,"Crime, Drama",2021-10-01,0.0,0.5394
"Fujii Kaze Stadium Live ""Feelin' Good""",Music,2024-12-01,8.3,0.5074
The Platform,"Comedy, Drama",2025-09-19,10.0,0.51
Enissa Amani: Ehrenwort,Comedy,2018-04-26,5.9,0.5047
Hasan Minhaj: Off with His Head,Comedy,2024-10-21,7.238,0.4905
PAGTATAG! The Documentary,"Documentary, Music",2024-08-28,0.0,0.5446
Colin Quinn: The New York Story,Comedy,2016-11-18,5.98,0.5335
The Nth Room case: The Making of a Monster,Documentary,2021-05-28,4.0,0.5129
Steph Tolev: Filth Queen,Comedy,2025-06-24,5.4,0.5236
One Take,Drama,2019-06-05,0.0,0.6048
Past Is Past,Comedy,2026-03-19,0.0,0.5575
Zion,,2022-08-29,0.0,0.5641
Ari Shaffir: JEW,Comedy,2022-11-02,8.2,0.5685
Miranda Sings Live... Your Welcome,"Comedy, Music",2019-06-04,5.4,0.5053
Trevor Noah: Lost In Translation,Comedy,2015-11-22,6.4,0.5507
Vir Das: Abroad Understanding,Comedy,2017-04-25,6.821,0.5143
Loyiso Gola: Unlearning,Comedy,2021-03-23,5.8,0.5476
Alan Saldaña: mi vida de pobre,Comedy,2017-08-04,5.0,0.5235
The Witcher Bestiary Season 2,Documentary,2022-08-23,6.607,0.5011
Maz Jobrani: Immigrant,Comedy,2017-08-01,5.96,0.4993
Vir Das: Losing It,Comedy,2018-12-11,7.242,0.5207
Delivery From Earth,"Family, Science Fiction",2014-02-15,2.0,0.4962
Todd Glass: Act Happy,Comedy,2018-01-23,5.647,0.5107
Inheritance,Drama,2022-06-09,7.375,0.5218
Chhota Bheem Aur Ganesh in The Amazing Odyssey,,2012-01-01,8.5,0.4902
Arango y Sanint: Ríase el show,Comedy,2018-01-17,3.5,0.4493
Blue Again,Drama,2022-12-08,7.8,0.538
What Was Left Behind,Drama,2024-09-03,0.0,0.5255
"Edmilson Filho: Notas, Comedy about Relationships",,2018-03-08,5.5,0.5046
What Are The Odds?,"Music, Documentary",2021-05-28,6.0,0.551
Mighty Express: Train Trouble,"Animation, Family",2022-01-18,8.0,0.5104
Mo Amer: Wild World,Comedy,2025-10-27,7.5,0.4943
Los Tigres del Norte at Folsom Prison,"Music, Documentary",2019-09-05,6.4,0.4991
Chhota Bheem Shakti Astra Ki Khoj,"Action, Adventure, Animation",2023-11-11,0.0,0.4777
Chhota Bheem: Master of Shaolin,"Animation, Adventure, Action, TV Movie",2011-07-21,8.0,0.6245
The Other Shore: The Diana Nyad Story,Documentary,2013-07-23,6.833,0.5704
Mike Epps: Don't Take It Personal,Comedy,2015-12-18,5.556,0.4656
Renaissance,Documentary,2023-03-09,2.0,0.4994
Resurface,Documentary,2017-04-23,6.8,0.4797
W. Kamau Bell: Private School Negro,Comedy,2018-06-26,6.095,0.4743
A Go! Go! Cory Carson Christmas on Nicktoons,"Family, Animation, TV Movie",2023-12-28,5.0,0.4539
Ricardo Quevedo: los amargados somos más,Documentary,2019-04-03,8.2,0.5491
BOWKYLION LANTA CONCERT,Music,2024-01-01,0.0,0.4355
A Tale of Two Kitchens,Documentary,2019-05-22,5.9,0.4854
Dinner,"Drama, Thriller",2016-11-11,0.0,0.5906
Chhota Bheem and the Broken Amulet,,2013-02-06,0.0,0.4635
Smart Casuals,Romance,2024-04-12,7.0,0.4682
Francesco de Carlo: Cose di Questo Mondo,Comedy,2019-04-12,6.6,0.4791
Angèle: Special voor De Warmste Week,,2021-12-22,0.0,0.5292
The Roommate,"Thriller, Horror, Drama",2022-10-06,4.0,0.5617
Aditi Mittal: Things They Wouldn't Let Me Say,Comedy,2017-07-18,4.4,0.4445
Alone,,2018-05-25,1.333,0.4694
Hannah Gadsby: Something Special,Comedy,2023-05-09,6.609,0.5122
"The Witcher Bestiary Season 1, Part 2",Documentary,2020-12-18,6.722,0.4705
Nate Jackson: Super Funny,Comedy,2025-07-07,5.3,0.4656
King of Boys (Abattoir of Makoko),,2015-10-29,2.0,0.4592
Alan Saldaña: Locked Up,Comedy,2021-06-03,6.0,0.4527
Confinement,,2018-05-17,6.0,0.4331
"The Witcher Bestiary Season 1, Part 1",Documentary,2020-05-10,6.283,0.4448
Kuch Kuch Hota Hai,,2020-02-04,8.0,0.452
Brian Regan: Nunchucks and Flamethrowers,Comedy,2017-11-21,5.6,0.5315
Hello Carbot Allstar Special,Animation,2024-07-31,0.0,0.4457
She,"Animation, Comedy, Romance",2024-10-13,6.0,0.4861
Chhota Bheem: The Great War of the Great Devil,"Animation, Action, Adventure",2023-08-13,0.0,0.4647
Ricardo Quevedo: Hay gente así,Comedy,2018-01-24,7.3,0.4285
Casti whatever it costs,Comedy,2024-12-05,0.0,0.4858
Making The Leopard,Documentary,2025-03-20,0.0,0.4419
Blippi’s Wonderful Talent Show,,2024-10-28,0.0,0.4488
Otherhood,,2023-07-08,0.0,0.422
White Christmas Fireplace,,2024-12-01,0.0,0.4453
Assassin’s Creed VR Experience,,2016-12-01,0.0,0.4628
Villains in the Metropolis,Thriller,2023-12-14,0.0,0.4265
The Ladies With Style,Documentary,2023-11-22,6.0,0.4264
Childish,"Drama, Crime",2022-04-29,2.0,0.4833
Ной,Documentary,2024-08-24,0.0,0.415
Night of Their Break-up,,2023-05-26,3.0,0.4479
Trainwreck,Animation,2018-11-14,0.0,0.4066
Super 8 ½,"Drama, Documentary, Comedy",2004-11-21,0.0,0.4146
Uncredited: The Story of Passinho,Documentary,2025-02-19,6.0,0.4066
aiko Love Like Aloha vol.7,,2024-11-22,0.0,0.4202
Making Unorthodox,Documentary,2020-03-26,7.577,0.4093
Dia de Los Muertos,,2021-12-31,2.0,0.4323
Ballots,"Comedy, Drama",2024-10-23,0.0,0.4084
Noah,Mystery,2025-09-11,0.0,0.4077
Checkpoint,Documentary,2022-12-22,0.0,0.426
Mid-Century Modern Fireplace,,2024-12-17,0.0,0.4257
Branca de Neve e o Caçador Alvarenguense,Fantasy,2023-11-15,0.0,0.4025
Under the Igloo's Shadow,Animation,2025-11-14,0.0,0.4235
Vantage Point,,2023-09-01,0.0,0.4219
"Rafał Banaś, Michał Leja, Laugh out Loud",,,0.0,0.4
Grego Rossello: Disculpe las molestias,Comedy,2019-10-31,3.0,0.4531
Aurangzeb,"Thriller, Action, Drama",2013-05-17,6.0,0.0542
Grave of the Fireflies,"Animation, Drama, War",1988-04-16,8.449,0.0202
