title,genres,release_date,rating,popularity,type
Facing El Chapo,"Crime, Action, Thriller",2026-08-21,8.797,132.3604,Movie
The Whisper Man,"Crime, Drama, Thriller",2026-08-27,6.836,93.2893,Movie
Gandhari,"Action, Drama, Thriller",2026-09-03,5.063,58.4292,Movie
Spider-Man: Homecoming,"Action, Adventure, Science Fiction",2017-07-05,7.333,49.2178,Movie
Spider-Man: Across the Spider-Verse,"Animation, Action, Adventure, Science Fiction",2023-05-31,8.347,48.4686,Movie
Why Did I Get Married Again?,"Comedy, Romance, Drama",2026-09-08,6.6,49.0357,Movie
The Last House,"Horror, Science Fiction, Thriller",2026-08-06,6.887,41.3727,Movie
The Secret Woman,"Drama, Thriller, Mystery",2026-08-28,6.192,41.2689,Movie
Dune: Part Two,"Science Fiction, Adventure",2024-02-27,8.135,40.8596,Movie
Practical Magic,"Romance, Fantasy, Comedy",1998-10-16,6.782,48.5894,Movie
The Lord of the Rings: The Return of the King,"Adventure, Fantasy, Action",2003-12-17,8.505,41.58,Movie
Elize: Shadows of a Woman,"Thriller, Crime, Drama",2026-07-22,7.527,39.2186,Movie
Swapped,"Adventure, Animation, Family, Fantasy",2026-05-01,8.868,38.7123,Movie
The Lord of the Rings: The Fellowship of the Ring,"Adventure, Fantasy, Action",2001-12-18,8.445,37.9808,Movie
Fight Club,"Drama, Thriller",1999-10-15,8.437,36.7538,Movie
War Machine,"Action, Science Fiction, Thriller",2026-02-12,7.473,36.5306,Movie
The Batman,"Crime, Mystery, Thriller",2022-03-01,7.7,35.4627,Movie
Spirited Away,"Animation, Family, Fantasy",2001-07-20,8.5,35.7338,Movie
Dune,"Science Fiction, Adventure",2021-09-15,7.784,32.3735,Movie
The Amazing Spider-Man,"Action, Adventure, Science Fiction",2012-06-23,6.761,33.7121,Movie
GOAT,"Animation, Comedy, Family",2026-02-11,8.063,32.4033,Movie
Desire,"Mystery, Drama",2026-05-07,6.745,31.2349,Movie
KPop Demon Hunters,"Fantasy, Music, Comedy, Animation",2025-06-20,8.0,32.2287,Movie
Howl's Moving Castle,"Fantasy, Animation, Adventure",2004-09-09,8.386,32.748,Movie
Shrek,"Animation, Comedy, Fantasy, Adventure, Family",2001-05-18,7.778,30.1517,Movie
The Lord of the Rings: The Two Towers,"Adventure, Fantasy, Action",2002-12-18,8.428,29.2343,Movie
Spider-Man: Far From Home,"Action, Adventure, Science Fiction",2019-06-28,7.393,31.144,Movie
Dhamaal 4,Comedy,2026-07-10,3.35,30.6687,Movie
The Amazing Spider-Man 2,"Action, Adventure, Science Fiction",2014-04-16,6.56,29.0054,Movie
A Minecraft Movie,"Family, Fantasy, Comedy, Adventure",2025-03-31,6.224,27.5735,Movie
Kill Bill: Vol. 1,"Action, Crime",2003-10-10,7.97,27.4442,Movie
Apex,"Action, Thriller",2026-04-24,6.893,26.8099,Movie
Insidious: The Red Door,"Horror, Thriller",2023-07-05,6.518,25.1976,Movie
The Truman Show,"Comedy, Drama",1998-06-04,8.158,26.5036,Movie
The Debt Collector,"Action, Thriller, Crime",2026-07-20,7.989,25.3807,Movie
Scarface,"Action, Crime, Drama",1983-12-09,8.152,25.4154,Movie
G.D.N,Drama,2026-08-07,0.0,24.7252,Movie
Aquaman and the Lost Kingdom,"Action, Adventure, Fantasy",2023-12-20,6.503,23.7544,Movie
The Prestige,"Drama, Mystery, Science Fiction",2006-10-19,8.211,24.3435,Movie
World War Z,"Action, Horror, Science Fiction",2013-06-19,6.85,21.5992,Movie
The Brutalist,Drama,2024-12-20,6.928,23.525,Movie
Furiosa: A Mad Max Saga,"Action, Science Fiction, Adventure",2024-05-22,7.444,22.0572,Movie
28 Years Later,"Horror, Thriller, Science Fiction",2025-06-18,6.603,21.0857,Movie
Sonic the Hedgehog 3,"Action, Science Fiction, Comedy, Family",2024-12-19,7.601,23.7075,Movie
The Rip,"Action, Thriller, Crime",2026-01-13,7.088,21.2793,Movie
A Chinese Odyssey Part Two: Cinderella,"Action, Adventure, Fantasy, Comedy, Romance, Drama",1995-02-04,7.7,23.29,Movie
Man of Steel,"Action, Adventure, Science Fiction",2013-06-12,6.661,20.5438,Movie
Eyes Wide Shut,"Drama, Thriller, Mystery",1999-07-16,7.484,21.9126,Movie
365 Days: This Day,"Romance, Drama",2022-04-26,5.944,22.9494,Movie
Shrek the Third,"Fantasy, Adventure, Animation, Comedy, Family",2007-05-17,6.314,20.5657,Movie
2012,"Action, Adventure, Science Fiction",2009-10-10,5.896,21.0451,Movie
Gladiator II,"Action, Adventure, Drama",2024-11-13,6.593,20.9998,Movie
The Revenant,"Western, Drama, Adventure",2015-12-25,7.541,19.7851,Movie
Princess Mononoke,"Adventure, Fantasy, Animation",1997-07-12,8.319,20.6137,Movie
Taxi Driver,"Crime, Drama",1976-02-09,8.121,19.8138,Movie
Infernal Affairs,"Drama, Action, Thriller, Crime, Mystery",2002-12-12,7.808,28.181,Movie
Wicked,"Drama, Romance, Fantasy",2024-10-16,6.905,19.5097,Movie
The Croods,"Animation, Adventure, Family, Comedy",2013-03-15,6.945,18.5608,Movie
After We Fell,"Drama, Romance",2021-09-01,6.996,20.6449,Movie
Tenet,"Action, Thriller, Science Fiction",2020-08-22,7.17,18.242,Movie
Frankenstein,"Drama, Fantasy, Horror",2025-10-17,7.616,19.1742,Movie
The Suicide Squad,"Action, Comedy, Adventure",2021-07-28,7.447,20.3485,Movie
Batman v Superman: Dawn of Justice,"Action, Adventure, Fantasy",2016-03-23,6.011,19.2453,Movie
Voicemails for Isabelle,"Romance, Comedy, Drama",2026-06-20,8.306,18.5461,Movie
Shrek 2,"Animation, Comedy, Family, Fantasy, Romance",2004-05-19,7.328,18.7941,Movie
Meg 2: The Trench,"Action, Science Fiction, Horror",2023-08-02,6.363,19.9293,Movie
Godzilla Minus One,"Science Fiction, Horror, Action",2023-11-03,7.595,18.4071,Movie
No Country for Old Men,"Crime, Thriller, Western",2007-11-09,7.95,19.5801,Movie
Furious 7,"Action, Crime, Thriller",2015-04-01,7.213,18.1588,Movie
Godzilla x Kong: The New Empire,"Action, Adventure, Science Fiction",2024-03-27,7.039,18.7666,Movie
Fast & Furious Presents: Hobbs & Shaw,"Action, Adventure, Comedy",2019-07-31,6.823,20.0103,Movie
Venom: Let There Be Carnage,"Science Fiction, Action, Adventure",2021-09-30,6.731,17.1461,Movie
The Meg,"Action, Science Fiction, Horror",2018-08-08,6.253,18.5061,Movie
Kill Bill: Vol. 2,"Action, Crime, Thriller",2004-04-16,7.873,17.8002,Movie
Peaky Blinders: The Immortal Man,"Crime, Drama",2026-03-05,7.176,18.3683,Movie
Jurassic World,"Adventure, Science Fiction, Thriller, Action",2015-06-06,6.703,17.8899,Movie
Jurassic World: Fallen Kingdom,"Adventure, Science Fiction, Thriller, Action",2018-06-06,6.525,18.1994,Movie
Bullet Train,"Action, Comedy, Thriller",2022-08-03,7.409,17.2342,Movie
Puss in Boots,"Action, Adventure, Animation, Comedy, Family",2011-10-27,6.615,17.9185,Movie
Remarkably Bright Creatures,"Drama, Mystery",2026-05-07,8.424,16.8685,Movie
My Neighbor Totoro,"Fantasy, Animation, Family",1988-04-16,8.066,18.5032,Movie
Anaconda,"Adventure, Comedy, Horror",2025-12-24,5.81,16.6124,Movie
Shrek Forever After,"Comedy, Adventure, Fantasy, Animation, Family",2010-05-16,6.414,17.5206,Movie
Green Lantern,"Adventure, Action, Science Fiction",2011-06-14,5.19,17.0972,Movie
Alpha,"Action, Thriller",2026-07-02,4.818,16.0083,Movie
28 Years Later: The Bone Temple,"Horror, Thriller, Science Fiction",2026-01-14,7.091,16.6835,Movie
Edge of Tomorrow,"Action, Science Fiction",2014-05-27,7.643,17.0854,Movie
Beetlejuice Beetlejuice,"Comedy, Fantasy",2024-09-04,6.918,17.8207,Movie
American Psycho,"Thriller, Drama, Crime",2000-04-13,7.4,19.0468,Movie
Mission: Impossible - Fallout,"Action, Adventure",2018-07-25,7.451,16.759,Movie
Mickey 17,"Science Fiction, Comedy, Adventure",2025-02-28,6.827,16.1274,Movie
From Up on Poppy Hill,"Animation, Drama",2011-07-16,7.516,18.0651,Movie
Hotel Transylvania,"Animation, Comedy, Family, Fantasy",2012-09-20,6.969,17.1787,Movie
Raiders of the Lost Ark,"Adventure, Action",1981-06-12,7.928,17.0064,Movie
Warriors of the Wind,"Adventure, Animation, Fantasy",1984-03-11,7.94,15.5742,Movie
Mission: Impossible,"Adventure, Action, Thriller",1996-05-22,7.028,16.5204,Movie
300,"Action, Adventure, War",2007-03-07,7.209,16.2402,Movie
Nosferatu,"Horror, Fantasy",2024-12-25,6.713,15.4542,Movie
Companion,"Horror, Science Fiction, Thriller",2025-01-22,7.006,16.5966,Movie
The Creator,"Science Fiction, Action, Adventure",2023-09-27,7.025,15.7681,Movie
Wonka,"Comedy, Family, Fantasy",2023-12-06,7.033,14.6081,Movie
Aquaman,"Action, Adventure, Fantasy",2018-12-07,6.864,29.3368,Movie
Lucy,"Action, Science Fiction",2014-07-25,6.477,15.2136,Movie
The Devil's Advocate,"Horror, Drama, Mystery",1997-10-17,7.481,16.4105,Movie
Ejen Ali: The Movie,"Animation, Action, Adventure, Family, Science Fiction",2019-11-28,8.16,10.6124,Movie
Dilwale Dulhania Le Jayenge,"Comedy, Drama, Romance",1995-10-20,8.5,16.8272,Movie
Zodiac,"Crime, Mystery, Thriller",2007-03-02,7.532,13.28,Movie
"Shake, Rattle & Roll: Evil Origins",Horror,2026-06-05,5.762,15.7224,Movie
The Last Samurai,"Drama, Action, War",2003-12-05,7.612,15.006,Movie
The Nun,Horror,2018-09-05,5.91,15.9945,Movie
Anora,"Drama, Comedy, Romance",2024-10-14,7.077,16.1563,Movie
The Equalizer 3,"Action, Thriller, Crime",2023-08-30,7.294,18.217,Movie
Spider-Man 2,"Action, Adventure, Science Fiction",2004-06-25,7.329,15.3069,Movie
72 HOURS,"Comedy, Crime",2026-07-20,6.782,15.4689,Movie
Black Bag,"Drama, Mystery, Thriller",2025-03-12,6.381,14.7855,Movie
Superbad,Comedy,2007-08-17,7.273,14.2363,Movie
Indiana Jones and the Temple of Doom,"Adventure, Action",1984-05-23,7.309,15.5,Movie
Godzilla vs. Kong,"Action, Science Fiction, Adventure",2021-03-24,7.523,14.1084,Movie
Bee Movie,"Family, Animation, Adventure, Comedy",2007-10-28,6.052,13.1643,Movie
Mortal Kombat,"Action, Fantasy, Adventure",2021-04-07,7.039,15.2541,Movie
Pyaar Prema Kalyanam,"Romance, Comedy, Drama",2026-08-21,7.2,13.0867,Movie
Mr. & Mrs. Smith,"Action, Comedy, Drama, Thriller",2005-06-07,6.695,14.9531,Movie
Suicide Squad,"Action, Adventure, Fantasy",2016-08-03,5.917,15.0918,Movie
Uncharted,"Action, Adventure, Mystery",2022-02-10,6.9,14.6367,Movie
Primal Fear,"Crime, Drama, Thriller",1996-04-03,7.7,14.1262,Movie
Extraction 2,"Action, Thriller, Crime",2023-06-09,7.387,14.3559,Movie
Gran Turismo,"Adventure, Drama, Action",2023-08-09,7.694,13.4038,Movie
David,"Animation, Family, Drama, History, Adventure",2025-12-14,8.045,13.9674,Movie
War Dogs,"Comedy, Crime, Drama",2016-08-18,6.948,14.3074,Movie
Enola Holmes 3,"Adventure, Crime, Mystery",2026-06-30,6.748,12.6015,Movie
Kong: Skull Island,"Action, Adventure, Fantasy",2017-03-08,6.559,14.3627,Movie
Wanderlust,"Comedy, Romance",2012-02-23,5.484,14.0212,Movie
Indiana Jones and the Last Crusade,"Adventure, Action",1989-05-24,7.856,13.8608,Movie
Jurassic Park,"Adventure, Science Fiction",1993-06-11,7.976,13.9634,Movie
Wake Up Dead Man: A Knives Out Mystery,"Thriller, Mystery, Comedy",2025-11-26,7.208,14.619,Movie
Neon Genesis Evangelion: The End of Evangelion,"Animation, Science Fiction, Drama, Fantasy, Action",1997-07-19,8.263,12.8586,Movie
Love and Monsters,"Adventure, Comedy, Fantasy",2020-10-16,7.264,13.0296,Movie
Mission: Impossible - Ghost Protocol,"Action, Thriller, Adventure",2011-12-07,7.116,13.9226,Movie
Grown Ups 2,Comedy,2013-07-11,6.188,19.0262,Movie
Rampage,"Action, Adventure, Science Fiction",2018-04-11,6.468,13.2709,Movie
Crawl,"Horror, Thriller",2019-07-10,6.333,11.8602,Movie
Don't Say Good Luck,"Comedy, Music, Drama",2026-08-13,7.303,14.191,Movie
Man on Fire,"Action, Drama, Thriller",2004-04-23,7.465,13.2055,Movie
Mission: Impossible II,"Adventure, Action, Thriller",2000-05-24,6.139,13.2121,Movie
Kiki's Delivery Service,"Animation, Family, Fantasy",1989-07-29,7.838,12.9094,Movie
All Quiet on the Western Front,"War, Drama",2022-10-07,7.742,12.6107,Movie
Turning Point: Generation 9/11,Documentary,2026-09-02,6.615,12.5914,Movie
Final Destination 2,"Horror, Mystery",2003-01-31,6.314,13.2507,Movie
Don't Look Up,"Comedy, Science Fiction, Drama",2021-12-08,7.056,12.6276,Movie
Sniper: No Nation,"Action, Thriller",2026-03-13,6.7,12.6931,Movie
Bring Her Back,Horror,2025-05-19,7.334,12.855,Movie
The Boy and the Heron,"Animation, Fantasy, Drama",2023-07-14,7.378,12.8116,Movie
The Harder They Fall,Western,2021-10-22,6.617,13.7794,Movie
Stand by Me,"Drama, Adventure",1986-08-08,7.833,13.0972,Movie
The Curious Case of Benjamin Button,"Drama, Fantasy, Romance",2008-12-25,7.603,13.6268,Movie
"Crouching Tiger, Hidden Dragon","Adventure, Drama, Action, Romance, Fantasy",2000-07-06,7.437,11.7494,Movie
The Adam Project,"Adventure, Science Fiction, Comedy",2022-03-11,6.985,13.7519,Movie
The Breadwinner,"Comedy, Family",2026-05-29,7.3,12.2799,Movie
Trolls World Tour,"Family, Animation, Comedy, Fantasy, Adventure, Music",2020-03-11,7.223,12.0857,Movie
The Nun II,Horror,2023-09-06,6.626,13.6448,Movie
Total Recall,"Action, Science Fiction, Thriller",2012-08-02,6.035,12.3389,Movie
THE RIBBON HERO,"Animation, Fantasy, Drama, Action",2026-08-07,6.3,12.0814,Movie
The Aviator,Drama,2004-12-17,7.217,12.2492,Movie
Counterattack,"Action, Adventure, Thriller",2025-02-27,8.27,12.8304,Movie
The Gray Man,"Action, Thriller",2022-07-13,6.904,12.1179,Movie
Thrash,"Horror, Thriller",2026-04-09,6.15,12.0608,Movie
The Killer,"Crime, Thriller",2023-10-25,6.58,11.7173,Movie
Little Brother,Comedy,2026-06-18,6.398,11.3328,Movie
The Perks of Being a Wallflower,Drama,2012-09-20,7.8,11.18,Movie
The Next 365 Days,"Romance, Drama",2022-08-18,6.4,12.9256,Movie
Storm on Sesame Street,"Family, Animation",2026-08-03,6.375,12.2528,Movie
Twisters,"Action, Thriller",2024-07-10,6.758,12.0074,Movie
The Irishman,"Crime, Drama, History",2019-11-01,7.571,12.0579,Movie
undertone,"Horror, Mystery",2026-03-12,6.028,12.0715,Movie
Sully,"Drama, History",2016-09-07,7.205,13.0244,Movie
The Town,"Crime, Drama, Thriller",2010-09-15,7.227,12.0965,Movie
Peddi,"Action, Drama",2026-06-03,5.8,11.5371,Movie
Those Who Wish Me Dead,"Thriller, Action",2021-05-05,6.596,12.7175,Movie
The 5th Wave,"Science Fiction, Adventure, Action",2016-01-14,5.945,11.8582,Movie
American Made,"Comedy, Crime, Drama",2017-08-18,6.901,11.9142,Movie
Damsel,"Fantasy, Action, Adventure",2024-03-07,6.98,11.9549,Movie
Trolls,"Adventure, Animation, Comedy, Family, Fantasy",2016-10-13,6.622,10.7637,Movie
The Hunt,"Action, Thriller, Horror",2020-03-11,6.652,11.668,Movie
Cosmic Princess Kaguya!,"Animation, Fantasy, Music, Science Fiction",2026-01-22,8.133,12.2694,Movie
Bird Box,"Horror, Thriller, Drama",2018-12-13,6.822,10.8743,Movie
My Dearest Assassin,"Action, Drama, Romance",2026-05-06,8.543,11.7721,Movie
El Camino: A Breaking Bad Movie,"Crime, Drama, Thriller",2019-10-11,7.053,10.8911,Movie
The Interview,"Action, Comedy",2014-12-25,6.179,12.557,Movie
Indiana Jones and the Kingdom of the Crystal Skull,"Adventure, Action",2008-05-21,6.024,12.4024,Movie
The Watchers,"Fantasy, Horror, Mystery",2024-06-06,6.352,12.1224,Movie
Journey 2: The Mysterious Island,"Adventure, Action, Science Fiction",2012-01-19,6.153,10.8597,Movie
Final Destination,Horror,2000-03-17,6.641,12.0888,Movie
The Mitchells vs. the Machines,"Animation, Adventure, Comedy",2021-04-22,7.829,11.6143,Movie
Amateur,Drama,2018-04-06,6.4,9.6124,Movie
Red Notice,"Action, Comedy, Crime",2021-11-04,6.72,12.4803,Movie
Blue Beetle,"Action, Science Fiction, Adventure",2023-08-16,6.617,12.0769,Movie
Office Romance,"Romance, Comedy",2026-06-04,6.426,10.9856,Movie
Glass Onion: A Knives Out Mystery,"Comedy, Crime, Mystery",2022-11-23,7.023,12.4016,Movie
MOBILE SUIT GUNDAM HATHAWAY The Sorcery of Nymph Circe,"Animation, Science Fiction, War, Drama",2026-01-30,7.63,11.1437,Movie
Joker: Folie à Deux,"Drama, Crime, Thriller",2024-10-01,5.402,11.8078,Movie
The Fate of the Furious,"Action, Crime, Thriller",2017-04-12,6.851,11.6042,Movie
Trap,"Crime, Horror, Thriller",2024-07-31,6.221,10.5202,Movie
Mission: Impossible III,"Adventure, Action, Thriller",2006-04-25,6.766,11.4714,Movie
The Island,"Action, Thriller, Science Fiction",2005-07-21,6.696,11.8374,Movie
Materialists,"Romance, Drama",2025-06-12,6.275,10.5786,Movie
Inside Man,"Crime, Drama, Thriller",2006-03-17,7.41,11.1347,Movie
Sleepers,"Crime, Drama, Thriller",1996-10-18,7.596,11.0013,Movie
300: Rise of an Empire,"Action, Drama, War",2014-03-05,6.121,11.1696,Movie
Caught Stealing,"Crime, Thriller, Comedy",2025-08-26,6.839,12.4553,Movie
Ponyo,"Animation, Fantasy, Family",2008-07-19,7.761,11.1618,Movie
Robin Hood,"Action, Adventure, History, Drama",2010-05-12,6.399,9.9771,Movie
The Ballad of Buster Scruggs,"Western, Comedy, Drama",2018-11-09,7.132,10.485,Movie
No Hard Feelings,"Comedy, Romance",2023-06-15,6.673,10.1285,Movie
Blast,"Action, Thriller",2026-05-28,7.754,12.0031,Movie
Vacation,"Comedy, Adventure",2015-07-28,6.3,10.2767,Movie
Legends of the Fall,"Drama, Western, Romance, War",1994-12-23,7.393,11.488,Movie
A Child of My Own,Documentary,2026-07-30,8.486,9.5206,Movie
Hit Man,"Comedy, Romance, Crime",2024-05-16,6.782,10.3128,Movie
Click,"Comedy, Drama, Fantasy",2006-06-23,6.315,11.3216,Movie
Elysium,"Science Fiction, Action, Drama, Thriller",2013-08-07,6.526,11.054,Movie
Bumblebee,"Action, Adventure, Science Fiction",2018-11-22,6.731,10.6175,Movie
The Smurfs,"Animation, Family, Adventure, Comedy, Fantasy",2011-07-29,5.753,9.5704,Movie
The Huntsman: Winter's War,"Action, Adventure, Drama",2016-04-06,6.295,9.526,Movie
Castle in the Sky,"Adventure, Fantasy, Animation, Action, Family",1986-08-02,7.969,10.7951,Movie
Humint,"Thriller, Action, Drama",2026-02-11,7.4,10.7747,Movie
Dog Man,"Family, Comedy, Adventure, Animation, Action",2025-01-24,7.39,10.4155,Movie
Whisper of the Heart,"Animation, Drama, Family",1995-07-15,7.944,9.3005,Movie
The Angry Birds Movie,"Animation, Adventure, Comedy, Family",2016-05-11,6.293,10.6645,Movie
Enola Holmes,"Adventure, Mystery, Crime",2020-09-22,7.218,11.1659,Movie
Geostorm,"Action, Science Fiction, Thriller",2017-10-12,6.128,10.3674,Movie
Hotel Transylvania 3: Summer Vacation,"Animation, Comedy, Family, Fantasy",2018-06-28,6.841,10.4449,Movie
Pacific Rim: Uprising,"Action, Fantasy, Science Fiction, Adventure",2018-03-21,6.119,10.5561,Movie
Radio,Drama,2003-10-24,7.362,10.2955,Movie
Lady Bird,"Drama, Comedy",2017-09-01,7.247,10.6872,Movie
Hotel Transylvania 2,"Animation, Comedy, Family, Fantasy",2015-09-21,6.765,10.7063,Movie
Get Smart,"Action, Comedy, Thriller",2008-06-19,6.219,10.5533,Movie
The Sea Beast,"Animation, Adventure, Action, Family, Fantasy",2022-06-24,7.33,11.1493,Movie
23 000 Lives,Drama,2026-07-02,6.1,10.1198,Movie
The Angry Birds Movie 2,"Animation, Adventure, Comedy, Family, Action",2019-08-02,7.05,10.4784,Movie
Journey to the Center of the Earth,"Action, Science Fiction, Adventure, Comedy, Family",2008-07-10,6.099,9.6858,Movie
Final Destination 3,"Horror, Mystery",2006-02-09,6.157,10.7975,Movie
The Hard Corps,"Action, Thriller",2005-07-29,6.081,9.8227,Movie
Wifelike,"Science Fiction, Mystery, Thriller",2022-08-12,6.56,10.1064,Movie
Ballad of a Small Player,"Crime, Drama",2025-10-15,5.775,9.7633,Movie
"Miraculous: Ladybug & Cat Noir, The Movie","Animation, Fantasy, Action, Romance, Family",2023-07-05,7.6,10.7099,Movie
Havoc,"Action, Crime, Thriller, Drama",2025-04-25,6.407,9.6706,Movie
Nando Between Two Worlds - A Sintonia Film,"Crime, Thriller, Drama",2026-08-12,6.1,9.8995,Movie
The Man from U.N.C.L.E.,"Comedy, Action, Adventure",2015-08-13,7.077,10.448,Movie
Purple Hearts,"Romance, Drama",2022-07-29,8.044,10.3138,Movie
Argo,"Drama, Thriller",2012-10-11,7.285,10.577,Movie
The Old Guard 2,"Action, Fantasy",2025-07-01,5.911,10.589,Movie
6 Underground,"Action, Comedy, Thriller",2019-12-10,6.33,9.7954,Movie
Carry-On,"Thriller, Action",2024-12-05,6.877,9.9246,Movie
RRR,"Action, History, Drama",2022-03-24,7.713,9.6077,Movie
Old School,Comedy,2003-02-21,6.623,9.432,Movie
Black Mass,"Drama, Crime, History",2015-09-17,6.524,9.6175,Movie
The Break-Up,"Romance, Comedy",2006-06-01,5.903,9.3874,Movie
The Lord of the Rings: The War of the Rohirrim,"Animation, Fantasy, Adventure, Action",2024-12-05,6.527,9.5214,Movie
Wish Dragon,"Animation, Family, Comedy, Fantasy, Romance, Adventure",2021-01-15,7.849,9.8651,Movie
Extraction,"Action, Thriller",2020-04-23,7.287,10.1691,Movie
The Truthers,"Thriller, Drama, Mystery",2026-07-24,5.76,9.3633,Movie
The Blair Witch Project,"Horror, Mystery",1999-07-14,6.371,10.0517,Movie
Uncut Gems,"Drama, Thriller, Crime",2019-08-30,7.17,9.9703,Movie
Rebel Ridge,"Crime, Action, Thriller, Drama",2024-08-27,6.97,10.0742,Movie
Dhurandhar,"Action, Crime, Thriller",2025-12-05,7.3,9.36,Movie
Four Brothers,"Action, Crime",2005-08-11,6.808,9.8006,Movie
The Platform 2,"Science Fiction, Horror, Thriller",2024-09-27,5.562,9.6129,Movie
Final Destination 5,"Horror, Mystery",2011-08-12,6.158,9.858,Movie
The Platform,"Drama, Science Fiction, Thriller",2019-11-08,6.964,9.0747,Movie
Warcraft,"Action, Adventure, Fantasy",2016-05-25,6.411,9.134,Movie
The Tale of The Princess Kaguya,"Animation, Drama, Fantasy",2013-11-23,8.085,10.4215,Movie
Gangs of New York,"Drama, History, Crime",2002-12-14,7.317,9.5108,Movie
The Croods: A New Age,"Animation, Family, Adventure, Fantasy, Comedy",2020-11-25,7.44,9.974,Movie
Noah,"Drama, Adventure",2014-03-07,5.679,8.8343,Movie
The Change-Up,Comedy,2011-08-05,6.161,8.7601,Movie
10 Cloverfield Lane,"Thriller, Science Fiction, Drama, Horror",2016-03-10,7.01,9.3991,Movie
Hollow Man,"Action, Science Fiction, Thriller",2000-08-04,5.979,9.7084,Movie
Street Kings,"Action, Crime, Drama, Thriller",2008-04-10,6.667,10.5283,Movie
Sucker Punch,"Action, Fantasy, Thriller",2011-03-24,6.205,10.1421,Movie
Untold Mr. T: I Pity the Fool,Documentary,2026-09-08,7.8,9.8562,Movie
Superman Returns,"Science Fiction, Action, Adventure",2006-06-28,5.823,9.3522,Movie
The Time Traveler's Wife,"Drama, Romance, Fantasy",2009-08-14,6.953,9.9176,Movie
Instadocs: The Decoy Plane,Documentary,2026-09-04,6.8,9.6944,Movie
Here the Whole Time,"Comedy, Romance",2026-06-18,7.301,9.0779,Movie
The Final Destination,"Horror, Mystery",2009-08-26,5.61,9.0927,Movie
A House of Dynamite,"Thriller, Drama",2025-10-02,6.409,9.4754,Movie
Detective Conan: The Raven Chaser,"Animation, Crime, Mystery, Thriller",2009-04-18,7.3,8.1741,Movie
Day Shift,"Action, Fantasy, Horror, Comedy, Thriller",2022-08-05,6.739,9.1716,Movie
Novocaine,"Action, Comedy, Thriller",2025-03-03,6.772,9.4451,Movie
Morbius,"Action, Science Fiction, Fantasy",2022-03-30,5.902,9.5234,Movie
The Electric State,"Action, Adventure, Science Fiction",2025-02-24,6.469,9.9097,Movie
The Invisible Man,"Thriller, Science Fiction, Horror",2020-02-26,7.085,9.8782,Movie
Miss Congeniality,"Comedy, Crime, Action",2000-12-22,6.535,10.0691,Movie
Heartstopper Forever,"Romance, Drama",2026-07-14,7.209,8.114,Movie
"My Best Friend, His Girlfriend and Me",Comedy,2026-08-14,6.2,9.1477,Movie
Leave the World Behind,"Drama, Mystery, Thriller",2023-11-22,6.377,8.7956,Movie
STRAW,"Thriller, Drama, Crime",2025-06-05,7.684,8.5106,Movie
Mowgli: Legend of the Jungle,"Adventure, Drama",2018-11-25,6.474,9.4125,Movie
I Know What You Did Last Summer,"Horror, Thriller, Mystery",2025-07-16,5.632,9.0652,Movie
Easy A,Comedy,2010-09-16,6.801,8.3193,Movie
The Spiderwick Chronicles,"Family, Adventure, Fantasy, Drama",2008-02-14,6.704,8.8412,Movie
Juror #2,"Drama, Thriller",2024-10-30,6.895,8.2781,Movie
The Little Things,"Drama, Crime, Thriller",2021-01-28,6.361,8.0531,Movie
The Alto Knights,"Crime, Drama, History",2025-03-19,6.226,9.0814,Movie
After We Collided,"Drama, Romance",2020-09-02,7.151,8.8643,Movie
Back in Action,"Action, Comedy",2025-01-15,6.429,10.4046,Movie
Yes Man,"Comedy, Romance",2008-12-09,6.693,8.9478,Movie
Enola Holmes 2,"Adventure, Mystery, Crime",2022-11-03,7.403,8.5942,Movie
The Little Rascals,"Romance, Comedy, Family",1994-08-05,6.832,8.688,Movie
Where the Crawdads Sing,"Drama, Mystery, Romance",2022-07-14,7.51,8.7323,Movie
Blended,"Comedy, Romance",2014-05-21,6.897,8.5803,Movie
A Time to Kill,"Crime, Drama, Thriller",1996-07-24,7.395,9.1999,Movie
Kick-Ass 2,"Action, Adventure, Crime",2013-07-17,6.405,8.4422,Movie
365 Days,"Romance, Drama, Crime",2020-02-07,6.99,8.8923,Movie
The Snowman,"Crime, Thriller, Mystery, Horror",2017-08-24,5.213,8.4923,Movie
The Quick and the Dead,"Western, Action, Drama, Thriller",1995-02-09,6.551,8.6632,Movie
Guillermo del Toro's Pinocchio,"Animation, Fantasy, Adventure, Drama",2022-11-09,7.996,8.6422,Movie
Arrietty,"Fantasy, Animation, Family",2010-07-16,7.7,8.5874,Movie
My Hero Academia: You're Next,"Animation, Action, Adventure, Science Fiction",2024-08-02,7.259,8.9427,Movie
Porco Rosso,"Animation, Adventure, Fantasy",1992-07-18,7.793,7.742,Movie
The Great Flood,"Science Fiction, Adventure, Drama",2025-09-18,5.988,8.396,Movie
Big World,"Drama, Family",2024-12-27,8.641,7.906,Movie
Just Like Heaven,"Comedy, Romance, Fantasy",2005-09-16,6.974,8.4831,Movie
Dhurandhar: The Revenge,"Action, Crime, Thriller",2026-03-18,7.3,8.1032,Movie
Knocked Up,"Comedy, Romance, Drama",2007-06-01,6.304,7.8451,Movie
Army of the Dead,"Crime, Action, Horror",2021-05-14,6.189,8.5226,Movie
20th Century Girl,"Romance, Drama",2022-10-06,8.179,8.3513,Movie
The Old Guard,"Action, Fantasy",2020-07-09,7.089,9.1465,Movie
The Bucket List,"Drama, Comedy",2007-12-25,7.191,8.3007,Movie
The Wind Rises,"Animation, Drama, History, Romance",2013-07-20,7.786,7.444,Movie
Ladies First,"Comedy, Fantasy",2026-05-21,5.948,8.1182,Movie
The Ritual,"Horror, Mystery",2017-10-11,6.302,7.8197,Movie
The 6th Day,"Action, Science Fiction, Thriller",2000-11-17,6.0,8.093,Movie
Wonderful Nightmare,"Comedy, Romance, Drama",2026-04-04,8.078,7.8679,Movie
People We Meet on Vacation,"Comedy, Romance",2026-01-06,6.967,7.4832,Movie
Rebel Moon - Part Two: The Scargiver,"Science Fiction, Action, Adventure",2024-04-19,6.066,8.2621,Movie
The Cat Returns,"Adventure, Fantasy, Animation, Drama, Family",2002-07-19,7.135,8.0462,Movie
To All the Boys I've Loved Before,"Comedy, Romance",2018-08-17,7.589,7.7634,Movie
The Guilty,"Drama, Thriller",2021-09-24,6.425,8.0455,Movie
The SpongeBob Movie: Sponge on the Run,"Adventure, Animation, Comedy, Family, Fantasy",2020-08-14,7.388,8.0153,Movie
Wolf Man,"Horror, Thriller",2025-01-15,6.137,7.6519,Movie
Violet Evergarden: The Movie,"Animation, Drama, Fantasy, Romance",2020-09-18,8.3,8.4961,Movie
Detective Conan: The Phantom of Baker Street,"Animation, Mystery, Science Fiction",2002-04-20,7.8,7.4325,Movie
Lift,"Action, Comedy, Crime",2024-01-10,6.44,7.5989,Movie
Snow White and the Huntsman,"Adventure, Fantasy, Drama",2012-05-30,5.983,9.1411,Movie
Fito Páez: The World Within a Song,"Documentary, Music",2026-09-03,5.111,7.6422,Movie
Through My Window,"Romance, Drama, Comedy",2022-02-04,7.347,7.7481,Movie
Neighbors 2: Sorority Rising,Comedy,2016-05-04,5.816,7.2645,Movie
Bicentennial Man,"Drama, Romance, Science Fiction",1999-12-17,7.274,8.5762,Movie
Charlie Wilson's War,"Comedy, Drama, History",2007-12-19,6.543,7.6884,Movie
After Everything,"Romance, Drama",2023-09-13,6.889,7.6744,Movie
Hidden Strike,"Action, Comedy, Thriller, Adventure",2023-07-06,6.887,8.0122,Movie
The Golden Compass,"Adventure, Fantasy",2007-12-04,6.085,8.1842,Movie
Sleepless in Seattle,"Comedy, Drama, Romance",1993-06-24,6.742,8.1463,Movie
Chicken Run: Dawn of the Nugget,"Family, Animation, Adventure, Comedy",2023-12-08,6.945,8.0221,Movie
Black Clover: Sword of the Wizard King,"Animation, Fantasy, Action, Adventure",2023-06-16,8.1,7.8016,Movie
The Bridge on the River Kwai,"Drama, History, War",1957-10-11,7.82,8.1593,Movie
Pom Poko,"Adventure, Animation, Fantasy",1994-07-16,7.173,7.3158,Movie
Scoob!,"Animation, Comedy, Family, Mystery",2020-07-08,6.978,7.3439,Movie
How to Make Millions Before Grandma Dies,Drama,2024-04-04,8.105,6.7737,Movie
Troll 2,"Action, Fantasy, Thriller",2025-11-30,6.327,8.39,Movie
After Ever Happy,"Romance, Drama",2022-08-24,6.783,7.9237,Movie
Army of Thieves,"Action, Crime, Comedy",2021-10-29,6.8,8.9091,Movie
The Perfect Storm,"Drama, Adventure, Action, Thriller",2000-06-29,6.489,8.4418,Movie
Scarlet,"Animation, Action, Drama, Science Fiction",2025-11-21,7.008,7.259,Movie
Korean Kanakaraju,"Comedy, Horror, Action",2026-08-06,7.0,7.2619,Movie
First Knight,"Action, Adventure, Drama, Romance",1995-07-07,6.094,8.1728,Movie
The Wandering Earth,"Science Fiction, Action, Drama",2019-02-05,6.635,7.5084,Movie
Remember Me,"Drama, Romance",2010-03-11,7.097,7.7914,Movie
A Million Ways to Die in the West,"Comedy, Western",2014-05-22,6.052,8.086,Movie
Jay Kelly,"Drama, Comedy",2025-11-14,6.131,8.005,Movie
Untold Raygun: Breaking Badly,Documentary,2026-09-01,6.042,6.9399,Movie
Polar,"Action, Crime, Drama",2019-01-25,6.404,7.9945,Movie
I Care a Lot,"Crime, Thriller, Drama, Comedy",2021-02-19,6.57,7.6194,Movie
Desperado,"Thriller, Action, Crime",1995-08-25,6.933,7.6253,Movie
Atlas,"Science Fiction, Action",2024-05-23,6.642,7.7745,Movie
Ma,"Horror, Thriller",2019-05-29,5.813,7.0283,Movie
Miami Vice,"Action, Crime, Thriller",2006-07-27,6.039,6.5234,Movie
Escape from Alcatraz,"Drama, Thriller",1979-06-22,7.501,8.0819,Movie
Friends with Benefits,"Romance, Comedy",2011-07-21,6.639,7.6314,Movie
Annie,"Comedy, Drama, Family",2014-12-18,6.239,8.4821,Movie
El Infierno,"Action, Crime, Western, Comedy, Drama",2010-09-03,7.953,7.8872,Movie
Heart of Stone,"Action, Crime, Thriller",2023-08-09,6.697,7.5005,Movie
Big Daddy,"Comedy, Drama",1999-06-25,6.489,7.8167,Movie
Pan,"Fantasy, Adventure, Family, Action",2015-09-24,5.955,7.5302,Movie
The King,"Drama, History, War",2019-10-11,7.157,7.9488,Movie
The School for Good and Evil,"Fantasy, Comedy, Adventure",2022-10-19,7.016,7.1516,Movie
Father Stu,Drama,2022-04-13,7.108,7.0002,Movie
Ava,"Action, Thriller, Crime",2020-07-02,5.827,7.2047,Movie
Incantation,Horror,2022-03-18,6.837,7.4656,Movie
Not Another Teen Movie,Comedy,2001-12-07,5.823,6.4153,Movie
One Piece Film Red,"Animation, Adventure, Action, Fantasy, Music",2022-08-06,7.2,7.1512,Movie
One Piece Heroines,"Animation, Action, Comedy",2026-07-05,6.773,6.9778,Movie
Train Dreams,Drama,2025-11-05,7.315,7.3348,Movie
A Big Bold Beautiful Journey,"Romance, Fantasy, Drama",2025-09-17,6.159,7.4004,Movie
Plankton: The Movie,"Family, Comedy, Adventure, Animation, Science Fiction",2025-03-08,6.747,7.5856,Movie
The Interpreter,"Crime, Thriller",2005-04-08,6.314,7.5398,Movie
Demon City,"Action, Crime, Fantasy, Thriller",2025-02-26,6.828,7.0471,Movie
Murder Mystery 2,"Comedy, Mystery, Crime, Action, Adventure",2023-03-28,6.359,7.2308,Movie
Sweet Girl,"Action, Thriller, Drama",2021-08-18,6.578,7.3922,Movie
I Now Pronounce You Chuck & Larry,"Comedy, Romance",2007-07-12,6.095,7.1436,Movie
Murder Mystery,"Comedy, Mystery, Crime",2019-05-25,6.253,8.1504,Movie
Beowulf,"Adventure, Action, Animation",2007-11-05,5.925,7.6668,Movie
Rebel Moon - Part One: A Child of Fire,"Science Fiction, Action, Adventure",2023-12-15,6.219,7.9492,Movie
The Call,"Crime, Thriller",2013-03-14,6.789,7.3715,Movie
Sunshine Women's Choir,Drama,2025-12-31,7.4,6.5242,Movie
Julie & Julia,"Romance, Drama",2009-08-06,6.713,7.5374,Movie
Downsizing,"Drama, Science Fiction, Comedy",2017-12-22,5.417,6.9061,Movie
Labor Day,"Drama, Romance, Thriller",2013-12-27,7.061,7.2811,Movie
Storks,"Adventure, Animation, Comedy, Family",2016-09-22,6.686,7.6657,Movie
Poseidon,"Adventure, Action, Drama, Thriller",2006-05-03,5.903,7.0972,Movie
Seven Years in Tibet,"Adventure, Drama, History",1997-09-12,7.166,8.1997,Movie
Along with the Gods: The Two Worlds,"Action, Adventure, Drama, Fantasy, Thriller",2017-12-20,8.062,6.8785,Movie
Klaus,"Animation, Family, Comedy",2019-11-08,8.218,7.8836,Movie
The Nutty Professor,"Comedy, Science Fiction, Romance",1996-06-28,5.649,7.3639,Movie
The Silence,"Horror, Drama, Thriller, Fantasy",2019-05-16,6.028,7.3935,Movie
The Ugly Truth,"Comedy, Romance",2009-07-24,6.51,7.2799,Movie
Fall for Me,"Romance, Thriller",2025-08-20,6.14,7.515,Movie
Striking Distance,"Crime, Action, Mystery, Thriller",1993-09-17,5.925,7.7979,Movie
Old People,Horror,2022-10-07,5.655,5.1403,Movie
When Marnie Was There,"Animation, Drama, Family",2014-07-19,7.9,6.5745,Movie
The Unforgivable,"Drama, Crime",2021-11-24,7.409,7.0243,Movie
The Marked Woman,"Thriller, Crime",2026-06-05,5.601,6.2097,Movie
The Twits,"Animation, Comedy, Family, Fantasy",2025-10-17,5.899,6.8416,Movie
Happy Gilmore 2,Comedy,2025-07-25,6.5,6.9408,Movie
The Devil All the Time,"Crime, Drama, Thriller",2020-09-11,7.17,7.2473,Movie
Idhayam Murali,"Romance, Comedy, Drama",2026-07-10,6.889,6.9117,Movie
The Woman in Cabin 10,"Mystery, Thriller, Crime",2025-10-09,6.164,7.5032,Movie
Leo,"Animation, Comedy, Family",2023-11-17,7.345,5.8265,Movie
Babe,"Fantasy, Drama, Comedy, Family",1995-07-18,6.295,7.3397,Movie
The Kissing Booth,"Romance, Comedy",2018-05-11,7.154,6.7531,Movie
The Cloverfield Paradox,"Horror, Mystery, Science Fiction",2018-02-04,5.643,6.8845,Movie
War Machine,"Comedy, Drama, War",2017-05-26,5.619,6.9407,Movie
Society of the Snow,"Drama, History",2023-12-15,7.967,6.6034,Movie
After the Sunset,"Action, Comedy, Crime, Drama",2004-11-12,6.183,7.6672,Movie
Revenge,"Action, Horror, Thriller, Drama",2017-11-18,6.512,6.0826,Movie
Roommates,Comedy,2026-04-13,6.47,6.3928,Movie
#Alive,"Action, Horror, Science Fiction",2020-06-24,7.2,6.4845,Movie
A Perfect Murder,"Crime, Thriller, Drama",1998-06-05,6.55,7.4332,Movie
The Rainmaker,"Drama, Crime, Thriller",1997-11-18,7.021,7.2397,Movie
Monster-in-Law,"Romance, Comedy",2005-05-13,6.227,7.0466,Movie
Clear and Present Danger,"Action, Drama, Thriller",1994-08-03,6.649,7.1375,Movie
Cradle 2 the Grave,"Action, Crime, Drama",2003-02-28,6.135,6.465,Movie
Drop,"Mystery, Thriller",2025-04-07,6.298,6.5054,Movie
Layer Cake,"Drama, Thriller, Crime",2004-09-30,6.913,6.5643,Movie
Queen of Chess,Documentary,2026-01-27,7.527,6.7252,Movie
The Out-Laws,"Romance, Action, Comedy",2023-07-07,5.984,7.1151,Movie
Miss Congeniality 2: Armed and Fabulous,"Action, Comedy",2005-03-11,5.74,9.054,Movie
In Your Dreams,"Adventure, Animation, Comedy, Family, Fantasy",2025-11-07,6.9,6.7419,Movie
SPY x FAMILY CODE: White,"Animation, Comedy, Adventure, Action",2023-12-22,7.2,7.4155,Movie
A Toxic Love Story,Documentary,2026-07-22,6.365,7.1145,Movie
Chompoo: Lost​ &​ Forgotten​,Documentary,2026-08-20,5.692,6.4259,Movie
Wallace & Gromit: Vengeance Most Fowl,"Animation, Adventure, Comedy, Science Fiction, Family",2024-12-18,7.454,6.9851,Movie
Extinct,"Animation, Comedy, Family, Adventure",2021-02-11,6.194,7.1017,Movie
Colors of Evil: Black,"Thriller, Mystery, Crime",2026-06-10,6.793,6.1473,Movie
Bhooth Bangla,"Horror, Comedy",2026-04-16,5.6,6.4582,Movie
Altered Carbon: Resleeved,"Animation, Science Fiction",2020-03-18,6.548,5.7612,Movie
Love Untangled,"Romance, Drama, Comedy",2025-08-28,8.237,6.3299,Movie
Fear Street: 1978,"Horror, Mystery, Drama",2021-07-08,7.173,6.8656,Movie
My Hero Academia: Heroes Rising,"Animation, Action, Fantasy, Adventure",2019-12-20,8.1,7.2977,Movie
Run,"Thriller, Horror, Drama",2020-11-20,7.206,6.6462,Movie
War 2,"Action, Thriller, Adventure",2025-08-13,6.0,5.9836,Movie
Luther: The Fallen Sun,"Crime, Mystery, Thriller",2023-02-24,6.628,6.9392,Movie
Breakdown,"Crime, Mystery, Thriller, Drama, Action",1997-05-02,6.941,6.425,Movie
Dangal,"Drama, Family, Comedy",2016-12-21,7.869,6.2173,Movie
It's What's Inside,"Comedy, Mystery, Science Fiction",2024-01-19,6.474,6.4941,Movie
The Union,"Action, Comedy",2024-08-15,6.041,7.1175,Movie
Milky☆Subway: The Galactic Limited Express - the Movie,"Animation, Action, Adventure, Comedy, Science Fiction",2026-02-06,8.75,6.7315,Movie
Bāhubali 2: The Conclusion,"Action, Adventure, Fantasy",2017-04-27,7.494,7.1918,Movie
Warriors of Future,"Drama, Action, Science Fiction",2022-08-05,6.992,6.7162,Movie
Badland Hunters,"Action, Adventure, Thriller",2024-01-26,6.736,6.8935,Movie
DC League of Super-Pets,"Family, Comedy, Adventure, Animation, Science Fiction, Action",2022-07-27,7.14,6.1163,Movie
Neighbors,Comedy,2014-05-08,6.178,6.632,Movie
The Thursday Murder Club,"Comedy, Mystery, Crime",2025-08-22,6.592,6.9351,Movie
Raakaasa,"Fantasy, Comedy",2026-04-03,6.2,6.6174,Movie
My Hero Academia: World Heroes' Mission,"Animation, Action, Adventure, Science Fiction",2021-08-06,7.596,6.1902,Movie
The Rats: A Witcher Tale,"Fantasy, Drama, Adventure",2025-10-29,5.376,6.8623,Movie
Timeline,"Action, Adventure, Science Fiction",2003-11-26,5.73,6.8948,Movie
Beverly Hills Cop: Axel F,"Action, Comedy, Crime",2024-06-20,6.629,7.0542,Movie
Incoming,Comedy,2024-08-22,6.354,6.5783,Movie
Vantage Point,"Drama, Action, Thriller, Crime",2008-02-01,6.415,6.3909,Movie
Bullet Train Explosion,"Action, Thriller, Crime, Drama",2025-04-23,6.834,6.8715,Movie
Project Almanac,"Science Fiction, Thriller",2015-01-28,6.81,7.1338,Movie
Even If This Love Disappears Tonight,"Romance, Drama",2025-12-24,8.5,6.5943,Movie
Rurouni Kenshin: The Final,"Action, Adventure, History, Drama",2021-04-23,7.685,6.7512,Movie
Along Came a Spider,"Crime, Mystery, Thriller, Action",2001-04-06,6.347,6.3052,Movie
New Gods: Nezha Reborn,"Animation, Fantasy, Action",2021-02-06,8.065,6.5589,Movie
Mantis,"Action, Crime, Thriller",2025-09-25,6.466,6.8791,Movie
Emma.,"Comedy, Romance, Drama",2020-02-13,7.001,6.492,Movie
Death Note,"Crime, Fantasy, Horror, Thriller",2017-08-25,4.277,6.3683,Movie
David Attenborough: A Life on Our Planet,"Documentary, Drama",2020-09-28,8.431,6.2338,Movie
Night Always Comes,"Drama, Crime, Thriller",2025-08-15,6.088,6.2019,Movie
Fool's Gold,"Adventure, Romance, Comedy",2008-02-07,5.801,6.3744,Movie
Peter Pan,"Adventure, Fantasy, Family",2003-12-18,7.132,6.2667,Movie
No Reservations,"Comedy, Romance, Drama",2007-06-15,6.699,5.9412,Movie
Bad Influence,"Thriller, Drama, Romance",2025-01-24,5.745,5.8486,Movie
Love Hurts,"Action, Comedy, Romance",2025-02-06,5.666,6.683,Movie
Orion and the Dark,"Animation, Family, Comedy, Fantasy, Adventure",2024-02-01,6.495,6.3482,Movie
Maximum Risk,"Action, Thriller, Crime",1996-09-13,5.826,6.3152,Movie
Mindhunters,"Mystery, Thriller, Crime",2004-05-07,6.45,6.6822,Movie
Night Teeth,"Horror, Thriller, Action",2021-10-20,6.425,7.0365,Movie
Spectral,"Science Fiction, Thriller, Action",2016-12-09,6.569,6.7351,Movie
Almost Us,"Romance, Comedy",2026-05-06,10.0,5.6135,Movie
Man of the Year,"Comedy, Romance, Thriller",2006-10-09,5.942,6.3378,Movie
Don't Say a Word,"Thriller, Mystery, Crime",2001-09-28,6.271,7.0292,Movie
The Highwaymen,"Crime, Drama, Thriller",2019-03-15,6.777,6.5404,Movie
Jawan,"Action, Thriller",2023-09-07,7.043,5.8004,Movie
Entourage,"Comedy, Drama",2015-06-03,6.235,6.1255,Movie
Fired Up!,Comedy,2009-02-20,6.123,6.2009,Movie
Burning Betrayal,"Drama, Mystery, Romance",2023-10-25,6.286,6.6375,Movie
Spellbound,"Animation, Fantasy, Family, Adventure, Comedy",2024-11-22,6.6,5.9531,Movie
BTS THE COMEBACK LIVE | ARIRANG,Music,2026-03-21,8.8,6.853,Movie
Me Before Me,Drama,2026-07-11,6.575,6.5131,Movie
The Red Line,"Thriller, Crime, Drama",2026-03-22,6.87,6.1401,Movie
Only Yesterday,"Animation, Drama, Romance",1991-07-20,7.391,6.0335,Movie
Bāhubali: The Beginning,"Action, Drama",2015-07-10,7.564,5.8449,Movie
Get Hard,"Comedy, Crime",2015-03-26,6.016,6.0912,Movie
Joy Ride,"Mystery, Thriller, Drama",2001-10-05,6.545,6.1345,Movie
Along with the Gods: The Last 49 Days,"Action, Adventure, Fantasy, Thriller",2018-08-01,8.052,5.9395,Movie
Pavane,"Romance, Drama",2026-02-19,7.303,5.7163,Movie
What a Girl Wants,"Family, Comedy, Drama, Romance",2003-03-27,6.303,5.7103,Movie
Triple Frontier,"Action, Thriller, Crime, Adventure",2019-03-06,6.336,7.1746,Movie
Marriage Story,Drama,2019-09-28,7.731,6.6438,Movie
Bright,"Fantasy, Action, Thriller",2017-12-22,6.163,6.2666,Movie
Hall Pass,"Comedy, Romance",2011-02-25,5.751,6.1633,Movie
Loving Adults,Thriller,2022-08-26,6.3,6.5079,Movie
Mary and The Witch's Flower,"Animation, Adventure, Family, Fantasy",2017-07-08,7.16,5.7427,Movie
Get Rich or Die Tryin',"Drama, Crime, Music",2005-11-09,6.841,6.0241,Movie
In the Line of Fire,"Action, Drama, Thriller, Crime, Mystery",1993-07-08,6.977,7.0425,Movie
She Said Maybe,"Comedy, Romance, Drama",2025-09-18,5.902,5.7939,Movie
Troll,"Fantasy, Action, Adventure",2022-11-30,6.558,6.0763,Movie
Mardaani 3,"Action, Crime, Thriller",2026-01-30,7.6,6.1212,Movie
The Witcher: Sirens of the Deep,"Animation, Fantasy, Action",2025-02-10,6.791,6.7464,Movie
Fear Street: 1994,"Horror, Mystery, Drama",2021-06-28,6.683,6.4574,Movie
Into the Storm,"Action, Thriller",2014-08-06,6.072,5.6703,Movie
180,"Thriller, Crime, Drama, TV Movie",2026-04-16,5.888,5.636,Movie
Let Him Go,"Thriller, Crime, Western",2020-11-05,6.825,5.8362,Movie
Anacondas: Trail of Blood,"Adventure, Horror, Thriller, TV Movie",2009-07-16,4.596,5.6318,Movie
Husbands in Action,"Comedy, Action, Crime",2026-06-15,7.339,5.4786,Movie
Spaceman,"Science Fiction, Adventure, Drama",2024-02-23,6.705,6.4023,Movie
The Last Kingdom: Seven Kings Must Die,"Action, Adventure, War",2023-04-14,7.23,6.2532,Movie
I Came By,"Crime, Thriller",2022-08-19,6.271,6.2562,Movie
Miracles from Heaven,"Family, Drama",2016-03-17,7.451,6.0293,Movie
Step Up,"Music, Drama, Romance, Crime",2006-08-11,6.878,6.2303,Movie
The Man from Toronto,"Action, Adventure, Comedy",2022-12-23,6.411,6.9244,Movie
The Two Popes,"Drama, History",2019-11-27,7.474,6.3167,Movie
Tu Yaa Main,"Thriller, Romance",2026-02-11,6.393,5.7163,Movie
News of the World,"Drama, Western, Adventure",2020-12-25,6.906,6.3379,Movie
Vertical Limit,"Adventure, Action, Thriller",2000-12-08,6.023,6.0251,Movie
PK,"Comedy, Drama, Science Fiction",2014-12-18,7.705,6.0206,Movie
Golden Kamuy -The Abashiri Prison Raid-,"Action, Drama, History, Adventure",2026-03-13,7.368,6.1691,Movie
Kuroko's Basketball the Movie: Last Game,"Animation, Comedy",2017-03-18,7.617,5.6326,Movie
Ballerina,"Action, Thriller",2023-10-06,7.018,6.3039,Movie
State of Fear,"Action, Thriller, Crime, Drama",2026-02-10,5.846,6.0458,Movie
A Whisker Away,"Animation, Drama, Romance, Fantasy",2020-06-18,7.868,5.7144,Movie
Do Revenge,"Comedy, Thriller, Romance",2022-09-14,6.375,5.6036,Movie
Midnight Express,"Drama, Crime",1978-08-31,7.44,5.9954,Movie
The Babysitter,"Comedy, Horror",2017-10-13,6.191,6.0121,Movie
Project Power,"Action, Crime, Science Fiction, Thriller",2020-08-14,6.424,5.8792,Movie
Valentine's Day,"Comedy, Romance",2010-02-10,5.929,6.2654,Movie
The Life List,"Romance, Comedy, Drama",2025-03-27,7.0,6.5271,Movie
Executive Decision,"Action, Adventure, Drama, Thriller",1996-03-15,6.352,6.2313,Movie
Fist Fight,Comedy,2017-02-16,6.042,5.3696,Movie
Trigger Warning,Action,2024-06-20,5.652,5.1999,Movie
Under Paris,"Action, Horror",2024-06-04,5.923,6.7104,Movie
Bāhubali: The Epic,"Action, Drama",2025-10-29,6.4,5.2843,Movie
I Am Frankelda,"Animation, Fantasy, Horror, Adventure, Family",2025-10-23,7.992,5.1549,Movie
Ocean Waves,"Animation, Drama, Romance, TV Movie",1993-10-09,6.406,5.2973,Movie
Dilan 1997,"Drama, Romance",2026-04-30,6.75,5.5448,Movie
The Deliverance,"Horror, Thriller",2024-08-16,6.018,5.5351,Movie
Fair Play,"Drama, Thriller, Romance",2023-09-28,6.356,5.5093,Movie
Outlaw King,"Action, History, War",2018-09-06,6.83,6.0447,Movie
Hustle,"Drama, Comedy",2022-06-03,7.694,5.8114,Movie
Mobile Suit Gundam Hathaway,"Animation, Action, Drama, Science Fiction",2021-06-11,7.2,6.0047,Movie
Kara,"Crime, Drama, Thriller, Action",2026-04-30,5.922,5.3491,Movie
The Shadow Strays,"Action, Crime, Thriller",2024-09-10,7.261,5.334,Movie
Two Weeks Notice,"Romance, Comedy",2002-12-19,6.367,6.438,Movie
Drawing Closer,"Romance, Drama",2024-06-26,8.403,5.1171,Movie
One Piece Film: Z,"Animation, Fantasy, Action, Adventure",2012-12-15,7.5,5.8606,Movie
Shaft,"Action, Crime, Comedy, Mystery",2019-06-14,6.528,5.3822,Movie
A Chinese Odyssey Part One: Pandora's Box,"Action, Adventure, Fantasy, Comedy, Romance, Drama",1995-01-21,7.5,6.1132,Movie
"This, That, and Everything in Between","Drama, Family",2026-08-13,6.5,5.5878,Movie
Forgotten,"Thriller, Mystery, Crime",2017-11-29,7.881,5.2092,Movie
Cocktail 2,"Romance, Comedy",2026-06-19,5.917,6.1301,Movie
Roald Dahl's Matilda the Musical,"Family, Comedy, Fantasy",2022-11-25,6.793,6.1956,Movie
Penguin Bloom,Drama,2021-01-21,6.887,5.9037,Movie
The Monkey King,"Animation, Fantasy, Adventure, Family, Comedy",2023-07-30,6.488,6.0062,Movie
Okja,"Adventure, Drama, Science Fiction, Action",2017-06-28,7.324,5.7875,Movie
Kartavya,"Crime, Drama, Thriller",2026-05-15,7.0,5.4775,Movie
Reptile,"Crime, Mystery, Thriller, Drama",2023-09-29,6.666,5.9786,Movie
Step Up 2: The Streets,"Music, Drama, Romance",2008-02-14,6.695,5.8506,Movie
Silenced,Drama,2011-09-22,8.161,5.7822,Movie
Fixed,"Animation, Comedy",2025-08-13,6.091,5.3348,Movie
The Wonderful Story of Henry Sugar,"Fantasy, Adventure, Drama",2023-09-20,7.263,5.886,Movie
Freefall: A Reckoning for Boeing,Documentary,2026-08-14,6.958,5.5357,Movie
A Gorilla Story: Told by David Attenborough,Documentary,2026-04-16,7.854,4.3786,Movie
I Feel Pretty,"Comedy, Romance",2018-04-19,6.378,5.2953,Movie
Woody Woodpecker Goes to Camp,"Family, Comedy, Animation",2024-04-12,6.398,5.4212,Movie
Letters to Juliet,"Comedy, Drama, Romance",2010-05-13,7.003,5.9873,Movie
The Color Purple,Drama,2023-12-25,6.948,5.0646,Movie
Pati Patni Aur Woh Do,"Comedy, Drama, Romance",2026-05-15,6.0,5.4632,Movie
The Pale Blue Eye,"Thriller, Crime, Horror, Mystery",2022-12-22,6.786,6.3553,Movie
Code 8 Part II,"Science Fiction, Action, Crime",2024-02-27,6.37,6.1464,Movie
Space Sweepers,"Drama, Fantasy, Science Fiction",2021-02-05,7.027,5.9285,Movie
The Fan,"Thriller, Action, Drama",1996-08-15,5.99,5.5419,Movie
Old Dads,Comedy,2023-10-20,6.191,5.2015,Movie
The Boy Who Harnessed the Wind,"Drama, History",2019-02-14,7.886,5.6308,Movie
We Can Be Heroes,"Family, Action, Fantasy, Comedy",2020-12-25,5.923,5.3936,Movie
Pain Hustlers,Drama,2023-10-20,6.636,5.9107,Movie
53 Sundays,"Comedy, Drama",2026-03-26,5.92,5.0177,Movie
Fractured,"Thriller, Drama",2019-09-22,6.769,5.8935,Movie
The Elixir,"Horror, Thriller",2025-10-22,5.951,5.5945,Movie
Saving Bikini Bottom: The Sandy Cheeks Movie,"Family, Comedy, Adventure, Animation",2024-10-01,6.161,5.5805,Movie
Blonde,Drama,2022-09-16,5.878,5.6342,Movie
September 5,"Thriller, Drama, History",2024-11-07,6.978,6.1928,Movie
The Brave One,"Crime, Drama, Thriller",2007-09-12,6.587,5.5674,Movie
My Oxford Year,"Romance, Comedy, Drama",2025-07-31,7.013,6.3269,Movie
Anaconda 3: Offspring,"Horror, Adventure, Thriller, TV Movie",2008-10-23,4.602,7.4366,Movie
Border 2,"Action, Drama, War",2026-01-23,7.6,5.7063,Movie
My Hero Academia: Two Heroes,"Animation, Action, Adventure, Fantasy",2018-08-03,7.886,5.8305,Movie
The Tearsmith,"Romance, Drama",2024-04-03,6.5,4.9592,Movie
The Power of the Dog,"Drama, Western",2021-10-25,6.73,7.546,Movie
The Choral,"Comedy, Drama, Music",2025-11-07,6.483,5.7137,Movie
Mexico 86,"Comedy, History, Drama",2026-05-21,7.841,5.45,Movie
The Bad Guys: Haunted Heist,"Animation, Comedy",2024-10-02,6.859,5.4686,Movie
The Trial of the Chicago 7,"Drama, History",2020-09-25,7.654,5.5112,Movie
Exterritorial,"Thriller, Action",2025-04-29,6.596,4.9717,Movie
"Miraculous World: Paris, Tales of Shadybug and Claw Noir","Animation, Family, Action, Adventure, Fantasy",2024-02-11,7.3,5.7251,Movie
Don't Move,"Horror, Thriller",2024-10-24,6.315,5.2028,Movie
The Dilemma,"Comedy, Drama",2011-01-13,5.358,5.2431,Movie
The Six Triple Eight,"Drama, War, History",2024-12-06,7.578,5.3337,Movie
Mirage,"Thriller, Drama, Mystery, Fantasy",2018-11-30,7.465,5.6811,Movie
Firebreak,"Thriller, Drama",2026-02-19,6.3,4.7785,Movie
Ikka,"Drama, Thriller",2026-07-10,5.738,5.1645,Movie
Mank,"Drama, History",2020-11-13,6.664,4.959,Movie
Tales from Earthsea,"Animation, Fantasy, Adventure",2006-07-29,6.527,5.362,Movie
Hollywood Homicide,"Action, Adventure, Comedy, Thriller",2003-06-09,5.241,4.9431,Movie
A Beautiful Day in the Neighborhood,"History, Family, Drama",2019-09-07,6.959,6.4968,Movie
Home Again,"Comedy, Drama, Romance",2017-09-07,6.086,5.2122,Movie
Gatta Kusthi 2,"Comedy, Drama",2026-07-03,4.9,5.6916,Movie
Goodbye June,Drama,2025-12-12,6.503,5.0875,Movie
We Have a Ghost,"Horror, Comedy",2023-02-24,6.431,5.6197,Movie
Heart Eyes,"Horror, Romance, Comedy",2025-02-06,6.227,5.9736,Movie
Holmes & Watson,"Comedy, Mystery, Crime",2018-12-25,4.296,5.6303,Movie
The Laundromat,"Crime, Drama, Comedy",2019-09-27,6.018,5.3411,Movie
A Family Affair,"Romance, Comedy",2024-06-27,5.757,4.7817,Movie
The Night Comes For Us,"Action, Crime, Thriller",2018-10-05,6.934,5.7182,Movie
The Midnight Sky,"Science Fiction, Drama",2020-12-10,5.733,5.635,Movie
White Bird,"Drama, War",2023-10-25,7.8,5.1688,Movie
Nimona,"Animation, Family, Fantasy, Adventure, Science Fiction, Action",2023-06-23,7.851,4.7758,Movie
Almost Cops,"Action, Comedy, Crime, Mystery",2025-07-10,5.896,5.8488,Movie
One Piece Film: Strong World,"Animation, Fantasy, Adventure",2009-12-12,7.4,5.3936,Movie
The Tax Collector,"Action, Crime, Drama",2020-08-07,5.741,5.6137,Movie
The Heartbreak Kid,"Comedy, Romance",2007-10-05,5.753,5.2605,Movie
How It Ends,"Science Fiction, Thriller, Mystery, Action, Adventure",2018-07-13,5.291,5.5261,Movie
Brick,"Thriller, Science Fiction",2025-07-02,5.799,5.7297,Movie
Infernal Affairs II,"Action, Thriller, Crime",2003-10-01,7.3,4.8916,Movie
Extinction,"Action, Drama, Science Fiction, Thriller",2018-07-15,6.058,5.3772,Movie
Unfrosted,"Comedy, History",2024-04-30,5.396,5.053,Movie
Urban Legend,"Horror, Mystery",1998-09-25,5.739,5.6618,Movie
Takers,"Action, Crime, Drama, Thriller",2010-08-26,6.251,6.1814,Movie
Look Both Ways,"Romance, Drama, Comedy",2022-08-16,6.827,5.0041,Movie
Guess Who,"Comedy, Romance",2005-03-25,6.011,5.6092,Movie
The Juror,"Thriller, Crime",1996-02-02,5.718,5.2044,Movie
He's All That,"Comedy, Romance",2021-08-27,6.463,5.5349,Movie
Spenser Confidential,"Comedy, Action, Thriller",2020-03-06,6.505,5.934,Movie
Famous Last Words: Eric Dane,Documentary,2026-02-19,8.611,5.8282,Movie
Detective Conan: Black Iron Submarine,"Animation, Action, Crime, Mystery",2023-04-14,7.0,5.1765,Movie
The Guns of Navarone,"Adventure, Drama, War",1961-04-27,7.3,4.9721,Movie
Time Cut,"Horror, Science Fiction, Thriller",2024-10-29,5.645,4.8334,Movie
What Happens in Vegas,"Comedy, Romance",2008-05-07,6.122,5.9486,Movie
The Crash,"Documentary, Crime",2026-05-14,6.832,5.5991,Movie
Land of the Lost,"Adventure, Science Fiction, Comedy, Action",2009-06-05,5.473,5.3163,Movie
The Babysitter: Killer Queen,"Comedy, Horror",2020-09-10,6.309,5.2721,Movie
That Time I Got Reincarnated as a Slime the Movie: Scarlet Bond,"Animation, Fantasy, Adventure",2022-11-25,7.4,5.0547,Movie
Hollow Man II,"Horror, Thriller, Science Fiction",2006-05-23,4.951,5.4606,Movie
Cover-Up,"Documentary, History",2025-12-19,7.01,4.6924,Movie
The Stranger,"Thriller, Crime, Drama",2022-10-06,6.167,5.2806,Movie
Starman,"Science Fiction, Drama, Romance",1984-12-13,6.928,5.6018,Movie
The Devil's Own,"Crime, Thriller, Drama",1997-03-13,6.196,5.5357,Movie
Starship Troopers 2: Hero of the Federation,"Adventure, Horror, Action, Science Fiction",2004-05-19,4.476,5.0854,Movie
100 METERS,"Animation, Drama",2025-09-19,7.783,4.3383,Movie
Apostle,"Horror, Mystery",2018-09-21,6.15,5.5621,Movie
Jackass Presents: Bad Grandpa,Comedy,2013-10-22,6.187,5.5529,Movie
"The Pig, the Snake and the Pigeon","Crime, Drama, Thriller",2023-10-06,7.298,5.6156,Movie
Detective Conan: The Time Bombed Skyscraper,"Animation, Crime, Mystery, Adventure",1997-04-19,7.4,4.6421,Movie
Trouble,"Animation, Adventure, Family, Comedy, Music",2019-08-08,6.544,4.7299,Movie
Your Name Engraved Herein,"Romance, Drama",2020-09-30,7.884,4.5361,Movie
Youth,"Comedy, Romance, Drama",2026-03-19,6.9,5.1445,Movie
Barbie: Mermaid Power,"Animation, Family",2022-10-14,6.4,5.132,Movie
Main Vaapas Aaunga,"Romance, Drama, Mystery",2026-06-11,7.1,4.9144,Movie
30 Days of Night: Dark Days,"Horror, Thriller",2010-10-04,4.998,4.7905,Movie
10DANCE,"Romance, Drama",2025-12-17,7.557,4.8171,Movie
Strangers in the Park,"Comedy, Drama",2026-02-19,6.5,4.7034,Movie
Roma,Drama,2018-11-21,7.613,4.6983,Movie
Go,"Crime, Comedy, Thriller",1999-04-09,6.972,4.9026,Movie
The Good Nurse,"Drama, Crime, Mystery",2022-10-19,6.872,5.2441,Movie
Through My Window 3: Looking at You,"Romance, Drama, Comedy",2024-02-23,6.866,5.1747,Movie
Seoul Vibe,"Action, Crime, Comedy",2022-08-26,6.528,4.902,Movie
The Wonder,"Drama, Mystery",2022-11-02,6.598,4.7386,Movie
The Disaster Artist,"Comedy, Drama",2017-03-12,7.093,5.087,Movie
Final Fantasy: The Spirits Within,"Action, Adventure, Animation, Fantasy, Science Fiction",2001-07-02,6.198,5.6439,Movie
Saiyaara,"Romance, Drama, Music",2025-07-18,6.4,5.4209,Movie
The Glass House,"Drama, Thriller",2001-09-14,5.974,5.3234,Movie
That Christmas,"Animation, Comedy, Family, Fantasy, Adventure",2024-11-27,7.142,4.8632,Movie
Outside the Wire,"Thriller, Action, Science Fiction",2021-01-15,6.351,5.3122,Movie
Gerald's Game,"Horror, Thriller, Drama",2017-09-29,6.397,5.6796,Movie
Black Crab,"Action, Thriller",2022-03-18,6.193,5.5083,Movie
Through My Window: Across the Sea,"Romance, Drama, Comedy",2023-06-23,6.572,4.7581,Movie
SAS: Red Notice,"Drama, Action, Thriller",2021-08-11,5.819,4.8367,Movie
Da 5 Bloods,"War, Drama",2020-06-12,6.419,5.0768,Movie
To the Max,"Drama, Adventure",2026-02-06,6.3,4.7815,Movie
"Marty, Life Is Short",Documentary,2026-05-11,7.922,4.4059,Movie
Spiderhead,"Science Fiction, Thriller",2022-06-15,5.789,5.3986,Movie
Texas Chainsaw Massacre,"Horror, Thriller, Drama",2022-02-18,5.171,4.9149,Movie
The Kissing Booth 2,"Comedy, Romance",2020-07-24,7.598,4.8597,Movie
Detective Conan: Quarter of Silence,"Animation, Action, Crime, Mystery",2011-04-16,7.07,4.7832,Movie
Sing: Thriller,"Animation, Comedy, Fantasy, Music, Family",2024-10-15,7.176,5.2394,Movie
Late Night,"Comedy, Drama",2019-01-25,6.387,4.9961,Movie
Gnome Alone,"Animation, Family, Adventure, Comedy, Fantasy",2017-11-02,6.136,4.7134,Movie
The Ridiculous 6,"Western, Comedy, Action, Adventure",2015-12-11,5.238,5.8834,Movie
The Dig,"Drama, History",2021-01-14,6.843,4.1854,Movie
The Bubble,Comedy,2022-03-25,4.611,5.3987,Movie
Devara: Part 1,"Action, Drama",2024-09-26,6.847,4.7952,Movie
Mononoke the Movie: The Phantom in the Rain,"Animation, Fantasy, Mystery",2024-07-26,7.142,4.3415,Movie
Rurouni Kenshin Part I: Origins,"Adventure, Action, Fantasy, War, History",2012-08-25,7.534,5.0994,Movie
Extinction,"Horror, Science Fiction, Thriller",2015-08-07,6.317,4.6506,Movie
Lost in the Stars,"Mystery, Crime, Thriller",2023-06-22,6.4,4.8025,Movie
Fear Street: 1666,"Mystery, Horror",2021-07-14,7.069,5.3647,Movie
Nutty Professor II: The Klumps,"Comedy, Science Fiction",2000-07-27,5.016,5.0007,Movie
Seal Team,"Animation, Family",2021-10-28,6.9,5.3829,Movie
The Call,"Thriller, Mystery, Science Fiction",2020-11-23,7.468,5.3547,Movie
My Dearest Señorita,"Drama, Romance",2026-04-17,6.558,4.4148,Movie
Hubie Halloween,"Comedy, Horror, Mystery",2020-10-07,5.88,5.1416,Movie
Angel Eyes,"Drama, Romance, Thriller",2001-05-18,6.056,4.8925,Movie
Lonely Planet,"Romance, Drama",2024-10-10,6.1,4.9616,Movie
Officer Black Belt,"Action, Comedy, Crime, Drama",2024-09-12,7.683,4.8557,Movie
Godzilla: The Planet Eater,"Animation, Science Fiction, Action, Adventure",2018-11-09,6.504,5.165,Movie
Beverly Hills Ninja,"Comedy, Action",1997-01-17,5.658,4.881,Movie
Nowhere,"Thriller, Drama",2023-09-29,7.311,4.6511,Movie
Rurouni Kenshin: The Beginning,"Action, Adventure, Drama, Romance",2021-06-04,7.667,4.9451,Movie
Blood Red Sky,"Horror, Thriller, Action",2021-07-23,6.772,5.4065,Movie
Stand by Me Doraemon,"Animation, Adventure, Science Fiction, Drama, Family, Fantasy",2014-08-08,7.441,5.0555,Movie
Carter,"Action, Thriller, Crime",2022-08-05,5.978,5.4626,Movie
The Bad Guys: A Very Bad Holiday,"Animation, Comedy, Family, Action",2023-11-29,6.503,5.0192,Movie
Ladder 49,"Drama, Action, Thriller",2004-10-01,6.479,5.1718,Movie
Sniper: The Last Stand,"Action, Thriller",2025-01-21,6.8,5.1112,Movie
Rurouni Kenshin Part II: Kyoto Inferno,"Action, Adventure, Drama, Fantasy",2014-08-01,7.56,4.8548,Movie
In the Tall Grass,Horror,2019-09-20,5.551,5.4748,Movie
The Christmas Chronicles,"Comedy, Adventure, Family, Fantasy",2018-11-22,7.155,4.6391,Movie
I Am Mother,"Science Fiction, Thriller",2019-06-07,6.713,5.7595,Movie
Initial D,"Action, Crime, Drama",2005-05-12,6.658,4.694,Movie
Operation Finale,"Drama, History, Thriller",2018-08-29,6.668,5.1395,Movie
Bleach,"Action, Fantasy, Adventure",2018-07-20,6.519,4.6823,Movie
Back to the Outback,"Family, Animation, Adventure, Comedy",2021-12-03,7.576,4.5363,Movie
Air Force Elite: Thunderbirds,Documentary,2025-05-22,6.889,4.3896,Movie
Earwig and the Witch,"Animation, Fantasy, Family, Music, Comedy",2021-02-03,5.891,4.3962,Movie
Caramelo,"Comedy, Drama",2025-10-07,7.739,4.7399,Movie
50/50,"Comedy, Drama",2011-09-30,7.2,5.782,Movie
The Other Boleyn Girl,"Drama, Romance, History",2008-02-28,6.706,5.3194,Movie
In the Shadow of the Moon,"Science Fiction, Thriller",2019-09-27,6.184,5.0986,Movie
Finding Forrester,"Drama, History",2000-12-21,7.125,5.1971,Movie
The Boss,Comedy,2016-04-07,5.813,4.7793,Movie
It's Complicated,"Comedy, Romance",2009-12-23,6.518,4.9032,Movie
Mr. Church,Drama,2016-09-16,7.4,4.963,Movie
iHostage,"Thriller, Crime, Drama",2025-04-18,5.934,4.2697,Movie
Luckiest Girl Alive,"Drama, Thriller, Mystery",2022-09-30,6.501,5.0096,Movie
They Cloned Tyrone,"Comedy, Science Fiction, Mystery",2023-06-14,6.554,4.8629,Movie
18th Rose,"Drama, Romance, Comedy",2026-04-09,7.9,5.0719,Movie
Bird Box Barcelona,"Horror, Science Fiction, Thriller",2023-07-14,5.916,5.0102,Movie
The Mother,"Action, Thriller",2023-05-04,6.617,5.0772,Movie
Stamptown,Comedy,2026-08-25,8.0,4.3577,Movie
Tall Girl,"Comedy, Drama, Romance",2019-09-13,6.276,4.4837,Movie
Magic Mike XXL,"Comedy, Drama",2015-07-01,6.1,4.7547,Movie
Reign Over Me,Drama,2007-03-22,7.216,4.4722,Movie
A Widow's Game,"Thriller, Mystery",2025-05-30,6.284,5.2397,Movie
Blade of the Immortal,"Action, Fantasy, Adventure, Drama",2017-04-29,6.702,4.7297,Movie
Uncommon Valor,"Drama, War, Action",1983-12-16,6.257,4.6107,Movie
I'm Thinking of Ending Things,"Mystery, Thriller, Drama",2020-08-28,6.532,4.2948,Movie
Chaos: The Manson Murders,"Documentary, Crime",2025-03-06,6.145,3.9015,Movie
Inside Furioza,"Action, Crime, Thriller",2025-10-14,6.565,4.5913,Movie
Gifted Hands: The Ben Carson Story,Drama,2009-02-07,7.819,4.4511,Movie
Family Switch,"Comedy, Fantasy, Family",2023-11-30,6.363,4.853,Movie
Kingdom: Ashin of the North,"Drama, Fantasy, Thriller",2021-07-23,7.108,4.4524,Movie
Unknown Number: The High School Catfish,Documentary,2025-08-28,6.754,4.9402,Movie
Legend of the Fist: The Return of Chen Zhen,"Drama, Action, History, Thriller",2010-09-01,6.814,5.7818,Movie
The Pirates: The Last Royal Treasure,"Action, Adventure, Comedy, Fantasy",2022-01-26,6.535,4.3192,Movie
Firehouse Dog,"Family, Comedy",2007-04-04,6.209,4.8361,Movie
Accused,"Thriller, Mystery, Drama",2026-02-27,5.573,4.5767,Movie
The Woman in the Window,"Crime, Mystery, Thriller",2021-05-13,5.973,5.0114,Movie
Baki Hanma VS Kengan Ashura,"Animation, Action, Fantasy",2024-06-05,7.653,4.9058,Movie
1941,"Comedy, War, Action",1979-12-14,5.77,4.9407,Movie
Open Season: Scared Silly,"Animation, Comedy, Family, Adventure, TV Movie",2015-12-18,5.924,4.8082,Movie
Leo,"Action, Crime, Thriller",2023-10-18,6.89,4.1254,Movie
Mute,"Science Fiction, Mystery, Thriller",2018-02-23,5.572,4.7963,Movie
Ladies in Black,"Comedy, Drama",2018-10-18,6.712,4.4407,Movie
Jamie Vardy,Documentary,2026-05-12,7.371,4.9568,Movie
The Swimmers,"Drama, History",2022-09-08,7.416,4.7586,Movie
The Contractor,"Action, Adventure, Drama, Thriller",2007-05-11,5.464,5.2376,Movie
"Sweet, Salty",Drama,2019-10-07,0.0,5.6145,Movie
Thelma the Unicorn,"Animation, Fantasy, Family",2024-05-17,6.893,4.6858,Movie
Vivo,"Animation, Family, Comedy, Music",2021-07-30,7.22,4.9474,Movie
Abandoned Man,Drama,2025-08-22,7.4,4.5721,Movie
Stowaway,"Science Fiction, Drama, Thriller",2021-06-24,6.029,5.106,Movie
Senior Year,Comedy,2022-05-11,5.898,4.4812,Movie
Chasing the Wind,Romance,2025-01-09,6.632,5.0876,Movie
River's Edge,"Crime, Drama",2018-02-16,6.077,5.0566,Movie
Emergency,"Drama, History, War",2025-01-17,4.8,3.8351,Movie
Holidate,"Comedy, Romance",2020-10-27,6.969,4.7463,Movie
Uglies,"Science Fiction, Adventure, Action",2024-09-12,5.699,4.9914,Movie
A Different Man,"Comedy, Drama",2024-08-24,6.9,4.0886,Movie
In the Hand of Dante,"Drama, Crime, Thriller",2026-06-12,5.442,4.2548,Movie
Wind Chill,"Drama, Horror, Thriller",2007-05-18,5.821,4.7493,Movie
Lucky Baskhar,"Thriller, Crime, Drama",2024-10-30,7.701,4.3909,Movie
Poison,"Comedy, Drama, Thriller",2023-09-29,6.842,5.4791,Movie
Close,"Action, Adventure, Thriller",2019-02-22,6.012,4.9037,Movie
Detective Conan: Captured in Her Eyes,"Animation, Crime, Drama, Mystery, Adventure",2000-04-22,7.427,4.055,Movie
Malaikat Malam,"Drama, Romance, Action",2026-03-26,7.3,4.5011,Movie
Rachel Getting Married,"Drama, Romance",2008-10-03,6.296,4.1486,Movie
Interceptor,"Action, Thriller, Adventure",2022-05-26,6.045,4.8749,Movie
Lou,"Action, Thriller",2022-09-23,6.473,4.3763,Movie
Us and Them,"Drama, Romance",2018-04-28,7.531,4.101,Movie
Over the Moon,"Animation, Adventure, Family, Fantasy",2020-10-16,7.179,4.6394,Movie
The Do-Over,"Action, Adventure, Comedy, Mystery",2016-05-27,5.711,4.9929,Movie
The House,"Animation, Drama, Comedy, Horror, Fantasy",2022-01-14,7.0,4.5359,Movie
Shipwrecked: Nightmare at Sea,Documentary,2026-07-10,7.179,4.9716,Movie
Bogotá: City of the Lost,"Thriller, Crime, Drama",2024-12-31,7.0,3.71,Movie
Things Heard & Seen,Horror,2021-04-29,5.701,4.9191,Movie
Ghosts of Girlfriends Past,"Romance, Comedy, Fantasy",2009-05-01,5.967,4.7376,Movie
Fighter,"Action, Drama",2024-01-24,6.151,4.077,Movie
The Producers,Comedy,2005-12-25,6.164,4.3854,Movie
The Campaign,Comedy,2012-08-09,5.836,4.4488,Movie
Lost Bullet 2,"Action, Crime, Thriller, Drama",2022-11-10,6.521,4.8251,Movie
The Loved One,"Romance, Drama",2026-02-11,5.625,4.4827,Movie
Regression,"Horror, Mystery, Thriller",2015-10-01,5.585,5.5283,Movie
Unfinished Business,Comedy,2015-03-05,5.445,4.6694,Movie
Jackass Number Two,"Action, Comedy, Documentary",2006-09-22,6.597,4.5523,Movie
Bionic,"Science Fiction, Action, Adventure",2024-05-28,5.907,4.5525,Movie
Life As We Know It,"Comedy, Romance, Drama",2010-10-02,6.892,4.3603,Movie
Left-Handed Girl,Drama,2025-09-17,7.273,4.4607,Movie
Mr. Harrigan's Phone,"Drama, Horror, Mystery",2022-09-28,6.397,4.6613,Movie
Pleasantville,"Fantasy, Comedy, Drama",1998-09-17,7.271,5.1155,Movie
Sisters,Comedy,2015-12-18,5.958,4.071,Movie
Roxanne,"Comedy, Romance",1987-06-19,6.432,4.6261,Movie
My Little Pony: A New Generation,"Animation, Family, Fantasy, Comedy, Adventure",2021-09-22,7.626,4.1826,Movie
Fullmetal Alchemist: The Final Alchemy,"Action, Adventure, Fantasy",2022-06-24,6.284,4.3112,Movie
Night in Paradise,"Crime, Thriller, Action",2020-09-03,6.907,4.5886,Movie
The Tailor of Panama,"Drama, Thriller",2001-02-11,5.993,4.7732,Movie
The Social Dilemma,"Documentary, Drama",2020-01-26,7.459,4.1714,Movie
Duck Duck Goose,"Animation, Family, Adventure, Comedy",2018-03-09,6.21,3.9945,Movie
The Last Letter from Your Lover,"Drama, Romance",2021-07-23,7.334,4.6674,Movie
Kate,"Action, Thriller",2021-09-10,6.613,5.0212,Movie
Pushpa 2 - The Rule,"Action, Drama, Thriller, Crime",2024-12-04,6.2,4.5867,Movie
Death Whisperer,"Horror, Thriller",2023-10-25,7.413,4.3217,Movie
Love O2O,"Drama, Comedy, Romance",2016-08-12,6.7,5.8893,Movie
Kabhi Khushi Kabhie Gham,"Comedy, Drama",2001-12-14,7.68,3.9578,Movie
White Noise,"Comedy, Drama",2022-11-25,5.579,5.268,Movie
Death Whisperer 2,"Horror, Thriller, Action",2024-10-10,6.944,4.6643,Movie
Against All Odds,"Crime, Romance, Thriller",1984-03-02,5.681,3.6888,Movie
Slumberland,"Adventure, Comedy, Family, Fantasy",2022-11-18,7.268,4.2199,Movie
Ultraman: Rising,"Animation, Science Fiction, Family, Action",2024-06-14,8.0,4.4038,Movie
Starship Troopers: Invasion,"Animation, Action, Science Fiction",2012-08-28,5.853,4.609,Movie
Velvet Buzzsaw,"Thriller, Mystery, Horror",2019-02-01,5.38,4.4839,Movie
Rise of the Teenage Mutant Ninja Turtles: The Movie,"Animation, Action, Science Fiction, Comedy",2022-11-19,7.301,4.3227,Movie
Dream,"Comedy, Drama",2023-04-26,6.901,3.98,Movie
Ruth & Boaz,"Romance, Drama, Music",2025-09-25,7.486,3.8533,Movie
The Sweetest Thing,"Romance, Comedy",2002-04-12,5.623,5.1491,Movie
Ricky Gervais: Mortality,Comedy,2025-12-29,6.99,4.8113,Movie
Get Carter,"Action, Drama, Thriller, Crime",2000-10-06,5.213,4.7727,Movie
K.O.,"Action, Drama, Adventure",2025-06-05,6.477,4.5685,Movie
On the Waterfront,"Crime, Drama, Romance",1954-06-22,7.851,4.5833,Movie
Ziam,"Horror, Thriller, Action",2025-07-08,6.8,5.0791,Movie
Sixty Minutes,"Action, Adventure, Crime, Drama, Thriller",2024-01-19,6.8,4.4027,Movie
Teenage Wasteland,Documentary,2025-11-26,6.75,3.8606,Movie
Street Flow 3,Drama,2026-03-04,6.049,3.8677,Movie
Wasp Network,"Drama, History, Thriller",2020-01-29,6.053,4.7061,Movie
Re/Member,"Horror, Thriller",2022-10-14,6.679,4.3626,Movie
Ma Rainey's Black Bottom,"Drama, Music",2020-11-25,6.644,3.9902,Movie
The Witcher: Nightmare of the Wolf,"Animation, Action, Fantasy",2021-08-22,7.422,5.1558,Movie
Athena,"Action, Adventure, Thriller, Drama",2022-09-09,6.598,4.515,Movie
Lords of Dogtown,Drama,2005-06-03,7.089,4.7113,Movie
To All the Boys: Always and Forever,"Romance, Comedy, Drama",2021-02-12,7.491,4.1543,Movie
The Swedish Connection,"Drama, History, War",2026-02-13,7.4,3.6245,Movie
Wendell & Wild,"Animation, Comedy, Fantasy, Adventure, Horror",2022-10-21,6.581,4.351,Movie
Believer,"Crime, Action, Thriller",2018-05-22,7.179,4.1274,Movie
True Memoirs of an International Assassin,"Comedy, Action",2016-11-11,5.768,4.3674,Movie
Unlocked,"Thriller, Crime, Mystery",2023-02-17,7.291,4.3162,Movie
Golden Kamuy,"Action, Adventure, Comedy",2024-01-19,7.053,4.0119,Movie
Kill Boksoon,"Action, Drama, Thriller, Crime",2023-02-18,6.897,4.2613,Movie
BTS: THE RETURN,"Documentary, Music",2026-03-27,8.5,4.6323,Movie
Case Closed: The Fourteenth Target,"Animation, Crime, Mystery, Adventure",1998-04-18,7.2,3.9307,Movie
The Forgotten Battle,"War, History, Drama",2021-06-05,7.085,4.2153,Movie
The Goat Life,"Drama, Adventure",2024-03-28,7.34,3.9698,Movie
Kalki 2898-AD,"Drama, Action, Fantasy, Science Fiction",2024-06-26,6.423,4.3467,Movie
The Age of Innocence,"Drama, Romance",1993-09-10,7.0,4.2668,Movie
One Piece Film: GOLD,"Action, Animation, Adventure, Comedy",2016-07-23,7.2,4.3212,Movie
Me Time,Comedy,2022-08-26,5.847,4.1113,Movie
"Crouching Tiger, Hidden Dragon: Sword of Destiny","Action, Adventure, Drama",2016-02-18,6.148,4.7625,Movie
Sniper 3,"Drama, Action, Thriller",2004-08-03,5.471,4.6877,Movie
Next Gen,"Animation, Action, Adventure, Comedy, Family, Science Fiction",2018-09-07,6.983,4.0686,Movie
Creep,"Horror, Thriller",2014-03-08,6.402,4.3696,Movie
Munich - The Edge of War,"Drama, History",2021-12-31,6.931,4.1892,Movie
Chennai Express,"Romance, Comedy, Action",2013-08-08,6.501,4.3158,Movie
Synchronic,"Horror, Science Fiction, Thriller",2020-10-23,6.335,4.7922,Movie
The Package,"Comedy, Drama",2019-05-15,5.0,5.1648,Movie
Miguel Ángel Blanco: The 48 Hours That Changed Spain,Documentary,2026-07-10,7.6,4.7383,Movie
Locked In,Thriller,2023-11-01,5.237,4.5934,Movie
My Neighbors the Yamadas,"Animation, Comedy, Family",1999-07-17,7.006,4.2491,Movie
Dominion: Prequel to The Exorcist,Horror,2005-05-20,5.339,4.2973,Movie
Doctor X: The Movie Final,"Comedy, Drama, Mystery",2024-12-06,7.2,2.9791,Movie
1922,"Horror, Crime, Drama",2017-10-20,5.948,4.36,Movie
Infernal Affairs III,"Crime, Drama, Action",2003-12-12,7.0,4.0711,Movie
Mardi Gras: Spring Break,Comedy,2011-09-23,5.715,4.2755,Movie
Detective Conan: Crossroad in the Ancient Capital,"Animation, Mystery, Adventure",2003-04-19,7.1,4.2128,Movie
All the Bright Places,"Romance, Drama",2020-02-28,7.6,4.1254,Movie
Untold: The Testimony of Vince Young,Documentary,2026-08-25,6.091,3.8915,Movie
The Lost Daughter,Drama,2021-12-15,6.445,3.8415,Movie
Good News,"Thriller, Comedy, History",2025-09-05,6.97,3.7558,Movie
Animal,"Action, Crime, Drama",2023-12-01,6.156,4.2949,Movie
The Trip,"Comedy, Horror",2021-07-30,6.709,4.5714,Movie
Out of the Clear Blue Sky,"Comedy, Drama, Music",2019-12-24,8.279,4.4826,Movie
Godzilla: City on the Edge of Battle,"Animation, Science Fiction",2018-05-18,6.558,4.3456,Movie
Highlander: Endgame,"Action, Adventure, Fantasy",2000-09-01,4.804,4.3755,Movie
ARQ,"Science Fiction, Thriller",2016-09-16,6.136,4.2656,Movie
Lost Bullet,"Action, Thriller, Crime, Drama",2020-06-19,6.591,4.5664,Movie
Hell Dogs,"Action, Crime, Drama, Mystery, Thriller",2022-09-16,7.03,4.2462,Movie
The Perfect Date,"Romance, Comedy",2019-04-12,6.427,3.8015,Movie
Life of the Party,Comedy,2018-05-10,6.083,3.8539,Movie
Squad 36,"Action, Crime, Drama, Thriller",2025-02-27,6.2,4.5075,Movie
"Good Night, and Good Luck","Drama, History",2025-06-07,7.077,2.9579,Movie
Twisted,"Action, Adventure, Crime, Drama, Thriller",2004-02-27,5.562,4.5124,Movie
High Society,Drama,2018-08-29,5.508,3.9464,Movie
Your Place or Mine,"Romance, Comedy",2023-02-10,6.251,4.3187,Movie
Yoh! Bestie,"Romance, Comedy",2026-02-06,6.26,3.8508,Movie
Murder in Monaco,"Crime, Documentary",2025-12-17,6.36,3.8002,Movie
Detective Conan: The Darkest Nightmare,"Animation, Mystery, Action, Crime",2016-04-16,6.8,4.1099,Movie
You People,"Romance, Comedy",2023-01-20,5.603,4.2503,Movie
The Swan,Drama,2023-09-27,6.771,4.1775,Movie
Detective Conan: Sunflowers of Inferno,"Animation, Crime, Adventure, Mystery",2015-04-18,6.1,4.0169,Movie
Mononoke the Movie: Chapter II - The Ashes of Rage,"Animation, Fantasy, Mystery",2025-03-14,7.329,3.6525,Movie
Big Chicken: A Fast Food Conspiracy,Documentary,2026-08-05,5.7,4.0246,Movie
Bharathanatyam 2 Mohiniyattam,"Comedy, Thriller",2026-04-10,8.235,3.9941,Movie
Pokémon the Movie: Mewtwo Strikes Back - Evolution,"Animation, Adventure, Fantasy, Action, Family",2019-07-12,6.74,3.9757,Movie
Headshot,"Action, Thriller, Drama",2016-09-24,6.406,4.2696,Movie
Call Me Chihiro,Drama,2023-02-23,7.2,3.991,Movie
The 36th Chamber of Shaolin,"Action, Adventure",1978-02-02,7.5,4.3788,Movie
Detective Conan: Dimensional Sniper,"Animation, Action, Drama, Mystery",2014-04-19,6.8,4.0114,Movie
Suzzanna: Witchcraft,"Drama, Horror, Fantasy, Thriller",2026-03-18,7.2,3.7355,Movie
Violet Evergarden: Eternity and the Auto Memory Doll,"Drama, Fantasy, Animation",2019-09-06,8.086,3.8409,Movie
The Red Sea Diving Resort,"Drama, Thriller, History",2019-07-28,6.806,3.9521,Movie
Love in Slow Motion,"Romance, Comedy",2026-07-23,6.4,4.0743,Movie
A Family,"Crime, Drama",2021-01-29,7.354,4.1067,Movie
Sniper 2,Action,2002-12-28,5.537,4.1137,Movie
Being Eddie,Documentary,2025-11-11,6.75,4.3835,Movie
Case Closed: Countdown to Heaven,"Animation, Action, Crime, Mystery",2001-04-21,7.392,4.0431,Movie
The In Between,"Romance, Science Fiction, Drama",2022-02-11,7.334,4.2264,Movie
Piece by Piece,"Animation, Music, Documentary",2024-10-10,7.128,4.1767,Movie
Hold the Dark,"Thriller, Mystery, Crime",2018-09-22,5.451,4.3257,Movie
The Last Thing He Wanted,"Drama, Thriller",2020-02-14,4.871,4.1722,Movie
JUNG_E,"Science Fiction, Action, Adventure, Drama",2023-01-12,6.087,4.6409,Movie
The Deep End of the Ocean,"Drama, Mystery",1999-03-12,6.561,4.1298,Movie
Stavros Halkias: Uncle Stav,Comedy,2026-09-08,6.0,3.885,Movie
Kangaroo Jack,"Adventure, Comedy, Crime",2003-01-17,5.299,4.4461,Movie
Nice Girls,"Comedy, Crime, Action",2024-08-20,5.338,3.6707,Movie
YES DAY,"Family, Comedy",2021-03-11,6.67,3.9095,Movie
Set It Up,"Romance, Comedy",2018-06-15,6.907,4.0203,Movie
Nightbooks,"Fantasy, Horror, Family",2021-09-15,6.11,4.2621,Movie
Middle School: The Worst Years of My Life,"Family, Comedy",2016-10-07,6.921,3.6558,Movie
Oxygen,"Science Fiction, Thriller, Horror",2021-05-12,6.611,4.3874,Movie
Skyscraper Live,"Adventure, Documentary",2026-01-23,7.557,4.1994,Movie
The Christmas Chronicles: Part Two,"Family, Fantasy, Adventure, Comedy",2020-11-18,6.5,3.9157,Movie
You Are So Not Invited to My Bat Mitzvah,"Comedy, Drama",2023-08-18,6.473,4.2142,Movie
Detective Conan: The Eleventh Striker,"Animation, Mystery, Action",2012-04-14,6.8,3.8235,Movie
The Boss Baby: Christmas Bonus,"Animation, Family, Adventure",2022-12-06,6.688,4.3139,Movie
Awake,"Drama, Science Fiction, Thriller",2021-06-09,5.848,4.114,Movie
Ashes,"Romance, Drama, Fantasy",2024-02-09,5.721,4.1492,Movie
Arthur,"Comedy, Romance",2011-04-08,5.563,4.0017,Movie
Underdogs,"Animation, Adventure, Romance",2013-07-18,7.067,4.627,Movie
How Do You Know,"Comedy, Drama, Romance",2010-12-17,5.342,4.2426,Movie
All the Empty Rooms,Documentary,2025-08-31,7.242,3.7404,Movie
Thunder Force,"Comedy, Action, Science Fiction",2021-04-09,5.47,3.6544,Movie
Green Snake,"Animation, Fantasy, Action, Adventure",2021-07-23,8.051,4.082,Movie
Rurouni Kenshin Part III: The Legend Ends,"Action, Adventure, Fantasy",2014-09-13,7.686,3.8731,Movie
The Big Fake,"Thriller, Crime, Drama",2025-10-19,6.6,3.6034,Movie
Point Blank,"Action, Thriller",2019-07-12,5.977,4.1071,Movie
Bride of the Year,"Comedy, Romance, Family",2026-05-15,6.912,3.3672,Movie
The Final Girls,"Comedy, Horror",2015-10-09,6.386,3.6248,Movie
Breaking In,"Action, Crime, Thriller",2018-05-05,5.934,4.1876,Movie
Scrooge: A Christmas Carol,"Animation, Family, Fantasy",2022-11-18,6.784,3.9645,Movie
29,"Romance, Comedy, Drama",2026-05-08,6.9,3.7372,Movie
Salaar: Part 1 - Ceasefire,"Action, Crime, Drama",2023-12-21,6.821,3.7365,Movie
Sand Castle,"War, Action, Drama",2017-04-21,6.49,3.8811,Movie
Fear Street: Prom Queen,"Horror, Mystery",2025-05-23,5.329,4.1981,Movie
Feel My Voice,"Music, Drama, Comedy",2026-04-03,6.86,3.7799,Movie
Inside Job,"Documentary, Crime",2010-10-08,7.714,3.6808,Movie
Nonnas,Comedy,2025-05-01,6.781,3.5249,Movie
Scoop,"Drama, TV Movie",2024-03-27,6.366,3.9942,Movie
Son-in-Law,"Comedy, Drama",2026-04-18,5.692,4.0823,Movie
Cargo,"Drama, Thriller, Horror",2017-10-06,6.401,4.0754,Movie
The President's Cake,Drama,2026-01-22,7.4,3.9628,Movie
Below Zero,"Action, Crime, Thriller",2021-01-29,6.343,3.8824,Movie
Overcomer,Drama,2019-08-22,7.688,3.4369,Movie
Trollhunters: Rise of the Titans,"Animation, Fantasy, Family, Action, Adventure",2021-07-21,7.562,4.1057,Movie
To All the Boys: P.S. I Still Love You,"Romance, Comedy",2020-02-03,6.821,3.7063,Movie
Mary,"Drama, History, Action",2024-12-12,6.292,3.9134,Movie
Dragon Rider,"Animation, Family, Adventure, Fantasy",2020-10-13,6.917,3.8588,Movie
Uprising,"Action, Drama, History",2024-10-02,6.982,3.665,Movie
Inside the Trustor Scandal,"Documentary, Crime",2026-08-05,6.45,3.932,Movie
City Hunter,"Action, Comedy",2024-04-24,6.487,3.8051,Movie
"tick, tick... BOOM!","Drama, Music",2021-11-11,7.586,3.5074,Movie
A Letter to My Youth,Drama,2026-01-29,7.87,3.3115,Movie
The Prom,"Romance, Comedy",2020-12-02,6.084,3.7827,Movie
Keanu,"Action, Comedy, Crime",2016-04-29,6.026,4.0235,Movie
An Autumn Romance,"Romance, Drama, Family",2021-05-07,7.1,3.6922,Movie
The Travellers,Drama,2025-10-09,5.4,3.6663,Movie
Fistful of Vengeance,"Action, Fantasy, Thriller",2022-02-18,5.573,3.9303,Movie
Detective Conan: Magician of the Silver Sky,"Animation, Mystery, Adventure",2004-04-17,7.0,3.5697,Movie
I Can Only Imagine 2,"Music, Drama",2026-02-19,8.34,3.712,Movie
Rogue City,"Crime, Thriller, Action, Drama",2020-10-30,5.9,3.6908,Movie
The Greatest Night in Pop,"Documentary, Music",2024-01-19,7.889,3.5814,Movie
Wingwomen,"Action, Comedy, Drama",2023-11-01,6.119,3.9391,Movie
Money Shot: The Pornhub Story,Documentary,2023-03-15,5.744,3.8855,Movie
Home Team,"Family, Comedy, Drama",2022-01-28,6.627,3.6995,Movie
No Limit,"Drama, Romance",2022-09-09,6.018,3.9925,Movie
The Wrong Missy,"Comedy, Romance",2020-05-13,6.125,3.7184,Movie
Detective Conan: Private Eye in the Distant Sea,"Animation, Action, Drama",2013-04-20,6.6,3.7353,Movie
My Name Is Vendetta,"Action, Crime, Adventure, Thriller",2022-11-30,6.616,4.2412,Movie
Love and Leashes,"Romance, Comedy",2022-02-11,6.752,3.9017,Movie
6 Days,"Action, Drama, History, Thriller",2017-07-09,6.044,3.8768,Movie
Hillbilly Elegy,Drama,2020-11-09,6.67,4.1954,Movie
Dragon,"Comedy, Romance, Drama",2025-02-21,7.356,3.6626,Movie
Death to 2020,Comedy,2020-12-27,6.504,3.9069,Movie
A Classic Horror Story,"Horror, Mystery",2021-07-01,5.844,3.76,Movie
Manhunt,"Action, Thriller, Crime, Adventure",2017-11-19,5.59,4.0473,Movie
Joe's College Road Trip,Comedy,2026-02-12,6.042,3.3263,Movie
Isn't It Romantic,"Comedy, Fantasy, Romance",2019-02-13,6.196,3.662,Movie
Buen Camino,"Comedy, Family, Adventure",2025-12-25,6.28,3.4138,Movie
Avicii - I'm Tim,"Documentary, Music",2024-06-09,8.112,3.9131,Movie
Marry My Dead Body,"Comedy, Action, Horror",2023-02-10,7.079,3.1282,Movie
Tall Girl 2,"Comedy, Romance, Drama",2022-02-10,5.737,4.5929,Movie
Paradise,"Science Fiction, Thriller",2023-06-24,6.509,4.3204,Movie
Pandora,"Thriller, Drama, Action",2016-12-07,7.537,3.7741,Movie
Je m'appelle Agneta,"Comedy, Drama, Romance",2026-04-28,6.718,3.3472,Movie
America: The Motion Picture,"Animation, Action, Comedy",2021-06-30,5.85,3.8524,Movie
GANTZ:O,"Animation, Science Fiction, Action, Drama",2016-10-14,7.369,3.5307,Movie
A Copenhagen Love Story,"Romance, Drama",2025-02-25,6.417,4.0471,Movie
The Kissing Booth 3,"Romance, Comedy",2021-08-11,6.854,3.7703,Movie
The Drug King,"Crime, Action, Drama",2018-12-19,6.276,3.8577,Movie
Election,"Crime, Drama, Thriller",2005-10-20,7.2,3.7059,Movie
Stand by Me Doraemon 2,"Animation, Adventure, Comedy, Science Fiction, Drama, Family, Fantasy",2020-11-20,7.824,3.7098,Movie
Approaching the Unknown,"Thriller, Drama, Science Fiction",2016-06-03,5.246,3.7774,Movie
The Machine,"Comedy, Action, Crime",2023-05-25,5.743,3.8454,Movie
Double Happiness,Drama,2026-02-17,6.3,3.7614,Movie
Detective Conan: The Private Eyes' Requiem,"Animation, Mystery, Adventure",2006-04-15,7.1,3.7068,Movie
Mother of the Bride,"Romance, Comedy",2024-05-08,5.852,3.7221,Movie
Maternal Instinct,"Documentary, Crime",2026-06-11,7.1,3.7077,Movie
Detective Conan: The Last Wizard of the Century,"Adventure, Animation, Crime, Drama, Mystery",1999-04-17,7.3,3.5393,Movie
Kidnapped: Elizabeth Smart,"Documentary, Crime",2026-01-20,7.277,3.5585,Movie
Let It Snow,"Romance, Comedy",2019-11-08,6.075,3.734,Movie
Poldi,Documentary,2026-06-04,6.6,3.9051,Movie
Revelations,"Thriller, Crime, Mystery",2025-03-20,6.385,3.3348,Movie
Hypnotic,"Thriller, Drama, Horror",2021-10-27,6.006,3.9136,Movie
Father Figures,Comedy,2017-12-21,5.778,3.8822,Movie
Bajrangi Bhaijaan,"Comedy, Drama, Adventure",2015-07-17,7.816,3.6668,Movie
NXT Heatwave 2026,Action,2026-08-30,6.8,3.7755,Movie
Good Grief,"Comedy, Drama",2023-12-29,6.194,3.661,Movie
Maestro,"Drama, Romance, Music",2023-11-22,6.236,3.8293,Movie
Colors of Evil: Red,"Crime, Thriller, Mystery",2024-05-29,6.704,3.7222,Movie
Maa Behen,"Comedy, Thriller, Drama",2026-06-04,6.864,3.7966,Movie
Mother/Android,"Science Fiction, Thriller",2021-12-17,5.753,3.5599,Movie
Against the Ice,"Drama, Adventure, History",2022-02-10,6.766,3.929,Movie
Mango,"Romance, Drama",2025-11-06,6.4,4.0062,Movie
The Magician's Elephant,"Animation, Adventure, Family, Fantasy, Comedy",2023-03-10,6.779,3.5383,Movie
Mudborn,"Horror, Thriller",2025-10-09,7.2,4.3661,Movie
Kuch Kuch Hota Hai,"Romance, Drama, Comedy",1998-10-16,7.469,4.0163,Movie
A Foggy Tale,Drama,2025-11-27,7.5,3.3586,Movie
The Week Of,Comedy,2018-04-27,5.468,3.9484,Movie
Maharaja,"Action, Thriller, Mystery",2024-06-14,7.7,3.9846,Movie
Wall to Wall,"Thriller, Drama",2025-07-17,6.164,4.1488,Movie
Family Pack,"Adventure, Comedy, Fantasy, Action, Family",2024-10-22,5.606,3.6085,Movie
Xtreme,"Action, Adventure, Crime",2021-06-04,6.346,3.9149,Movie
Haseen Dillruba,"Romance, Mystery, Thriller",2021-06-30,6.784,3.5425,Movie
Flavors of Youth,"Animation, Romance, Drama",2018-08-04,6.876,3.2562,Movie
Rim of the World,"Science Fiction, Adventure, Comedy, Action",2019-05-24,5.977,3.6291,Movie
Detective Conan: The Lost Ship in the Sky,"Animation, Crime, Mystery, Action",2010-04-17,7.1,3.4829,Movie
Evil Influencer: The Jodi Hildebrandt Story,Documentary,2025-12-30,6.213,4.2291,Movie
Hard Times,"Drama, Action, Crime",1975-08-13,6.838,3.358,Movie
Sly,Documentary,2023-09-16,7.21,4.1101,Movie
A Fall from Grace,"Drama, Thriller, Mystery",2020-01-17,6.985,3.7552,Movie
HiGH&LOW The Movie 2: End of Sky,Action,2017-08-19,7.4,4.4048,Movie
Made in Korea,Drama,2026-03-12,7.25,3.5444,Movie
Big Fish & Begonia,"Animation, Adventure, Fantasy",2016-07-08,7.326,3.3971,Movie
The Willoughbys,"Adventure, Animation, Comedy, Family, Fantasy",2020-04-22,7.045,3.7731,Movie
True Spirit,"Adventure, Drama, History",2023-01-26,6.996,4.5979,Movie
Feel the Beat,"Comedy, Music, Drama",2020-06-19,7.546,3.9148,Movie
Untold: The Death & Life of Lamar Odom,Documentary,2026-03-31,6.729,3.2775,Movie
Re/Member: The Last Night,Horror,2025-09-05,5.5,3.5656,Movie
18x2 Beyond Youthful Days,"Romance, Drama",2024-03-14,7.542,3.6749,Movie
Malcolm & Marie,"Drama, Romance",2021-01-29,6.995,3.5859,Movie
The Giant Falls,Drama,2026-04-01,7.4,3.2093,Movie
The Hand of God,Drama,2021-11-24,7.521,3.1256,Movie
Stolen,"Drama, Crime, Thriller",2024-04-12,6.292,3.3534,Movie
Wheelman,"Action, Crime, Thriller",2017-10-20,6.132,3.5281,Movie
Metal Lords,"Comedy, Drama, Music",2022-04-08,6.821,3.7377,Movie
Per Aspera Ad Astra,"Science Fiction, Drama, Adventure",2026-02-17,8.0,3.3786,Movie
Detective Conan: Full Score of Fear,"Animation, Action, Crime, Mystery",2008-04-19,6.919,3.3742,Movie
The Wrong Paris,"Romance, Comedy",2025-09-11,6.7,3.7734,Movie
Persuasion,"Romance, Drama, Comedy",2022-07-01,6.072,3.3605,Movie
Revenger,"Action, Crime, Thriller",2018-12-06,5.636,4.0465,Movie
The Stand In,Comedy,2020-12-03,5.302,3.3672,Movie
Y2K,"Science Fiction, Horror, Comedy",2024-12-06,5.156,3.3729,Movie
IO,Science Fiction,2019-01-18,4.982,3.7861,Movie
Irish Wish,"Romance, Comedy, Fantasy",2024-03-14,6.1,3.6585,Movie
Case Closed: The Crimson Love Letter,"Animation, Crime, Mystery, Action",2017-04-15,6.496,3.2818,Movie
God's Crooked Lines,"Drama, Mystery, Thriller",2022-10-06,7.296,3.727,Movie
Main Hoon Na,Drama,2004-04-30,6.622,3.498,Movie
The Soccer Football Movie,"Animation, Comedy, Family",2022-11-09,5.642,3.2966,Movie
Hot Girls Wanted,Documentary,2015-01-24,6.124,3.8066,Movie
A Boy Called Christmas,"Family, Adventure, Fantasy",2021-11-24,7.275,3.532,Movie
Kingdom: Return of the Great General,"Action, Adventure",2024-07-12,6.8,3.2809,Movie
Knight of Cups,"Drama, Romance, Fantasy",2015-09-10,5.7,3.3937,Movie
Detective Conan: The Scarlet Bullet,"Animation, Action, Crime, Mystery, Romance, Thriller",2021-04-16,6.5,3.6085,Movie
Louis Theroux: Inside the Manosphere,Documentary,2026-03-10,6.639,3.3619,Movie
Sikandar,"Action, Drama",2025-03-29,4.9,3.2842,Movie
Along for the Ride,"Romance, Drama",2022-05-06,6.665,3.1825,Movie
The Wages of Fear,Action,2024-03-28,6.206,3.4871,Movie
One Last Adventure: The Making of Stranger Things 5,Documentary,2026-01-11,7.2,3.8629,Movie
Spy Kids: Armageddon,"Family, Comedy, Adventure, Science Fiction",2023-09-22,5.93,3.473,Movie
Eat Pray Bark,Comedy,2026-04-01,5.8,3.2984,Movie
Nothing to Lose,"Action, Drama",2026-07-08,7.2,3.5245,Movie
Chupa,"Adventure, Fantasy, Family",2023-04-07,6.28,3.4916,Movie
Dolemite Is My Name,"Drama, Comedy, History",2019-10-04,6.966,3.8761,Movie
Jesus Revolution,"Drama, History",2023-02-23,6.924,3.1515,Movie
The Discovery,"Drama, Romance, Science Fiction, Thriller, Mystery",2017-03-31,6.258,3.5994,Movie
Horse Girl,Drama,2020-01-27,5.668,4.0945,Movie
A Time for Bravery,"Comedy, Action",2025-12-18,7.527,3.6322,Movie
Will & Harper,"Documentary, Comedy",2024-09-12,7.331,3.8194,Movie
The Siege of Jadotville,"War, Drama, Thriller",2016-09-19,7.102,3.8034,Movie
The Weekend Away,"Thriller, Mystery",2022-03-03,6.06,3.506,Movie
To the Bone,Drama,2017-01-22,7.2,3.5658,Movie
Art of Love,"Romance, Action, Drama",2024-03-13,6.409,3.6676,Movie
Om Shanti Om,"Comedy, Thriller, Drama",2007-11-07,7.107,3.4818,Movie
"Game Over, Man!","Action, Comedy",2018-03-23,5.472,3.8523,Movie
Child of Kamiari Month,"Animation, Drama, Fantasy, Family",2021-10-08,6.474,3.0345,Movie
Bounce,"Drama, Romance",2000-11-15,5.8,2.8529,Movie
Last Bullet,"Action, Crime, Thriller, Drama",2025-05-06,6.541,3.7057,Movie
Sextuplets,Comedy,2019-08-16,6.189,3.6713,Movie
Yaksha: Ruthless Operations,"Action, Crime, Thriller",2022-04-08,6.626,3.6453,Movie
On Your Lap,Drama,2025-11-06,8.0,3.3052,Movie
Mea Culpa,"Drama, Crime, Thriller",2024-02-22,5.7,3.1748,Movie
Naked,Comedy,2017-08-11,5.798,3.5476,Movie
Lust Stories 2,"Drama, Romance",2023-06-29,5.7,3.3933,Movie
Wild Sing,"Comedy, Music",2026-06-03,6.3,3.3627,Movie
Dr. Seuss's The Sneetches,"Animation, Family",2025-11-03,6.8,3.5493,Movie
Kleks Academy,"Fantasy, Adventure, Family",2024-01-05,5.903,3.3535,Movie
Toaster,"Comedy, Crime, Action",2026-04-15,5.986,3.2658,Movie
Case Closed: Zero the Enforcer,"Animation, Crime, Mystery, Action",2018-04-13,6.2,3.1621,Movie
Tau,"Science Fiction, Thriller, Horror",2018-06-29,6.165,3.8943,Movie
She Walks in Darkness,"Drama, Thriller",2025-10-03,6.716,3.1312,Movie
A Tourist's Guide to Love,"Romance, Comedy",2023-04-21,6.351,3.2645,Movie
Detective Conan: The Bride of Halloween,"Animation, Action, Crime, Mystery",2022-04-15,6.441,3.3982,Movie
Tin & Tina,"Horror, Thriller, Mystery",2023-03-24,5.9,3.6113,Movie
The Half of It,"Comedy, Romance, Drama",2020-05-01,7.1,3.2187,Movie
No More Bets,"Drama, Crime",2023-08-05,6.96,2.7905,Movie
Amaran,"Action, Drama, Adventure, War",2024-10-31,7.402,3.1032,Movie
Love at First Sight,"Romance, Drama",2023-09-15,7.254,3.2373,Movie
Sandy Wexler,"Comedy, Drama, Romance",2017-04-14,5.468,3.1411,Movie
"Angus, Thongs and Perfect Snogging","Comedy, Drama, Family, Romance",2008-07-25,6.48,3.3287,Movie
The Curse of Bridge Hollow,"Comedy, Horror",2022-10-14,6.501,3.4501,Movie
Pieces of a Woman,Drama,2020-12-30,7.01,3.1709,Movie
96 Minutes,"Action, Crime, Thriller",2025-09-05,6.219,3.2321,Movie
Dangerous Lies,Thriller,2020-04-30,6.267,3.7239,Movie
maboroshi,"Animation, Drama, Romance, Fantasy",2023-09-15,7.226,4.0758,Movie
The Rat Catcher,Comedy,2023-09-28,6.608,3.6251,Movie
Crew,Comedy,2024-03-29,6.774,3.3829,Movie
Trolls Holiday,"Adventure, Animation, Family, Fantasy",2017-11-01,6.7,3.3373,Movie
Darkness Falls,"Thriller, Horror",2003-01-24,5.628,3.3927,Movie
Animal Crackers,"Comedy, Animation, Adventure, Family, Fantasy",2018-07-21,6.371,3.308,Movie
Love Hard,"Comedy, Romance",2021-11-05,6.928,3.5313,Movie
Make Me Believe,"Romance, Comedy",2023-06-23,6.405,3.2374,Movie
Katt Williams: The Last Report,Comedy,2026-02-10,5.727,3.5029,Movie
Thundu,"Comedy, Drama",2024-02-16,4.7,3.0069,Movie
Gatta Kusthi,"Comedy, Drama",2022-12-02,5.774,3.879,Movie
The Front Runner,"Drama, History",2018-11-06,5.911,3.2973,Movie
High & Low The Movie,Action,2016-07-16,6.5,3.7616,Movie
Mai,"Romance, Drama",2024-02-10,7.063,3.4905,Movie
Once Upon a Crime,"Fantasy, Comedy, Crime",2023-09-13,6.275,3.1952,Movie
Bubble,"Animation, Adventure, Science Fiction, Fantasy",2022-02-14,7.266,3.7094,Movie
Lost in Starlight,"Animation, Romance, Science Fiction, Drama",2025-05-30,7.375,3.3448,Movie
Biker,"Adventure, Drama, Family",2026-04-03,6.2,3.3773,Movie
The Dirt,"Drama, Music, Comedy",2019-03-18,7.436,3.5134,Movie
The Chalk Line,"Horror, Mystery",2022-09-09,6.4,3.452,Movie
Ghost in the Shell: SAC_2045 Sustainable War,"Animation, Action, Science Fiction",2021-12-21,6.787,3.7857,Movie
The Roast of Kevin Hart,Comedy,2026-05-10,6.0,3.3135,Movie
Fatherhood,"Drama, Comedy",2021-06-18,7.485,3.2292,Movie
Election 2,"Drama, Crime, Thriller",2006-04-27,7.445,3.6761,Movie
Iron Man: Rise of Technovore,"Science Fiction, Animation, Action",2013-04-24,6.2,3.0677,Movie
Bad Trip,Comedy,2021-03-25,6.118,3.0695,Movie
Gatao 2: Rise of the King,"Action, Drama, Crime",2018-02-14,5.85,3.5216,Movie
White Fang,"Animation, Family",2018-03-28,7.366,3.4811,Movie
Hot Frosty,"Romance, Comedy",2024-11-12,5.913,2.9841,Movie
A Merry Little Ex-Mas,"Romance, Comedy",2025-11-12,6.0,3.2083,Movie
Kantara,"Action, Adventure, Thriller",2022-09-30,7.2,3.3012,Movie
Forces of Nature,"Romance, Comedy",1999-03-12,5.465,3.0785,Movie
The Takedown,"Comedy, Action",2022-05-06,6.065,3.9554,Movie
The Plastic Detox,Documentary,2026-03-16,6.9,2.9445,Movie
Sumala,"Horror, Thriller",2024-09-26,7.258,3.2782,Movie
Someone Great,"Comedy, Romance",2019-04-19,6.371,3.2023,Movie
Cruel Intentions 2,Drama,2000-11-09,5.086,3.5443,Movie
The White Tiger,"Drama, Crime, Mystery",2021-01-13,6.985,3.1238,Movie
The Lady in the Van,"Comedy, Drama",2015-10-30,6.403,2.7858,Movie
Sister Death,"Drama, Horror",2023-10-05,6.022,3.3004,Movie
The Art of War II: Betrayal,"Action, Thriller",2008-08-12,4.675,3.5717,Movie
Veer-Zaara,"Drama, Romance",2004-11-12,7.483,2.9266,Movie
Secret Obsession,"Drama, Thriller, Horror",2019-07-18,5.529,3.1266,Movie
Funky,"Comedy, Romance, Drama",2026-02-13,6.667,3.0478,Movie
Unicorn Store,"Fantasy, Drama, Comedy",2017-09-11,5.896,2.9289,Movie
The Casagrandes Movie,"Animation, Comedy, Family",2024-03-21,7.057,3.5193,Movie
The Lovebirds,"Romance, Comedy",2020-05-22,6.097,3.1539,Movie
Grudge,"Thriller, Drama",2021-10-08,6.061,3.3509,Movie
It Takes a Village,"Romance, Comedy",2026-04-01,5.222,3.238,Movie
The Monster at the End of This Story,"Family, Animation",2020-10-29,5.4,2.5436,Movie
Off Track,"Comedy, Drama",2022-01-28,6.1,3.4639,Movie
Beasts of No Nation,"Drama, War",2015-09-11,7.583,3.145,Movie
The Loud House Movie,"Animation, Family, Comedy, Fantasy",2021-08-20,7.232,3.2911,Movie
The Seven Deadly Sins: Cursed by Light,"Animation, Fantasy",2021-07-02,7.7,3.2831,Movie
My Octopus Teacher,Documentary,2020-09-04,7.892,2.5859,Movie
Bunny!!,"Romance, Drama, Thriller",2026-02-17,7.0,3.3655,Movie
27 Nights,Comedy,2025-09-19,6.4,3.4435,Movie
Seaspiracy,"Documentary, Crime",2021-03-24,7.79,3.0126,Movie
Jackass 4.5,"Comedy, Action, Documentary",2022-05-20,6.425,3.3283,Movie
"My Father, the BTK Killer","Crime, Documentary",2025-10-09,6.7,2.9329,Movie
BLAME!,"Action, Drama, Science Fiction, Animation",2017-05-20,6.527,3.2946,Movie
Svaha: The Sixth Finger,"Horror, Mystery, Thriller, Crime",2019-02-20,6.722,3.682,Movie
Dog Gone,"Family, Adventure, Drama",2023-01-12,6.226,3.144,Movie
Detective Conan: Strategy Above the Depths,"Animation, Mystery",2005-04-09,6.903,3.4534,Movie
Jingle Bell Heist,"Romance, Crime, Comedy",2025-11-25,6.009,3.3275,Movie
Higher Learning,"Drama, Crime, Thriller",1995-01-11,6.327,3.0511,Movie
Shimmer Lake,"Thriller, Crime, Drama, Mystery",2017-06-09,5.936,3.3518,Movie
Creep 2,"Horror, Thriller",2017-10-06,6.338,3.3148,Movie
Earthquake Bird,"Drama, Mystery, Romance, Thriller",2019-11-01,5.916,3.6546,Movie
The Outsider,"Crime, Drama, Mystery",2018-03-09,6.152,3.4307,Movie
The Kitchen,"Science Fiction, Thriller, Drama, Adventure, Comedy",2023-10-15,4.812,3.6705,Movie
The Takeover,"Action, Crime, Thriller",2022-11-01,5.699,3.2865,Movie
Ek Tha Tiger,"Action, Thriller, Romance",2012-08-15,6.2,3.1652,Movie
First Sunday,"Comedy, Action",2008-01-11,5.615,3.1057,Movie
The Rose of Versailles,"Animation, Romance, Drama, History",2025-01-31,7.037,3.0665,Movie
Clika,"Music, Drama",2026-01-22,8.244,2.9263,Movie
The Tinder Swindler,"Documentary, Crime",2022-02-02,6.958,3.3369,Movie
Blood & Gold,"Action, Drama, War",2023-04-21,6.651,3.204,Movie
The Children's Train,Drama,2024-10-21,7.425,3.0091,Movie
The Trapped 13: How We Survived The Thai Cave,Documentary,2022-10-05,6.418,3.2457,Movie
Bison Kaalamaadan,"Drama, Action",2025-10-17,7.35,3.1731,Movie
Forgotten Love,"Drama, Romance",2023-09-26,7.816,2.6648,Movie
Ad Vitam,"Action, Crime, Drama",2025-01-09,6.228,3.0918,Movie
The Truth and Tragedy of Moriah Wilson,"Documentary, Crime",2026-03-19,7.442,2.9183,Movie
The Marksman,"Action, Adventure, Thriller",2005-10-12,5.322,3.4192,Movie
Kongsi Raya,"Comedy, Family",2022-02-03,6.8,3.6504,Movie
The Fast and the Furious: Tokyo Drift,"Action, Crime, Thriller",2006-06-03,6.557,3.4099,Movie
Cunk on Life,"Comedy, TV Movie",2024-12-05,7.392,3.1942,Movie
The Package,Comedy,2018-08-10,5.91,3.2863,Movie
Call Me Mother,"Comedy, Drama",2025-12-25,6.5,3.0234,Movie
The Starling,Drama,2021-09-17,6.905,3.1822,Movie
Zom 100: Bucket List of the Dead,"Comedy, Horror",2023-08-03,6.553,3.0387,Movie
This Is I,"Drama, Music",2026-02-09,7.1,2.5586,Movie
Mother's Day,"Thriller, Action",2023-05-24,5.8,3.1409,Movie
His House,"Horror, Drama",2020-01-27,6.407,3.0216,Movie
Tee Yai: Born to Be Bad,"Crime, Action, Drama",2025-11-12,5.6,3.454,Movie
The Princess Switch,"Romance, Comedy",2018-10-25,6.98,3.4447,Movie
Gangubai Kathiawadi,"Crime, Drama",2022-02-24,7.467,2.6088,Movie
Bugsy,"Crime, Drama, Mystery",1991-12-10,6.342,3.1415,Movie
Fullmetal Alchemist: The Revenge of Scar,"Fantasy, Action, Adventure",2022-05-20,6.51,2.8009,Movie
Kal Ho Naa Ho,"Comedy, Drama, Romance",2003-11-27,7.467,2.8505,Movie
Dear David,"Drama, Romance, Fantasy",2023-02-09,6.148,3.1694,Movie
The Guernsey Literary & Potato Peel Pie Society,"Romance, Drama, History",2018-04-19,7.392,3.0782,Movie
Going the Distance,"Comedy, Drama, Romance",2010-08-27,6.093,3.1302,Movie
Choose or Die,"Horror, Thriller, Science Fiction",2022-04-15,5.242,3.4519,Movie
Mike Epps: Delusional,Comedy,2026-01-27,6.429,3.1962,Movie
My Girl 2,"Comedy, Family",1994-02-11,6.062,2.8916,Movie
The Princess Switch: Switched Again,"Family, Romance, Comedy, TV Movie",2020-11-19,6.774,3.0481,Movie
Money Heist: The Phenomenon,Documentary,2020-04-03,7.443,2.8722,Movie
Jana Gana Mana,"Crime, Thriller, Drama",2022-04-28,7.299,2.9819,Movie
Hichki,"Drama, Comedy",2018-03-23,7.585,2.9014,Movie
My Name Is Loh Kiwan,"Romance, Drama",2024-02-19,7.27,2.8175,Movie
The Sleepover,"Family, Action",2020-08-21,6.384,2.9668,Movie
The Heart Knows,"Romance, Drama",2025-05-30,6.75,3.6451,Movie
Cruel Intentions 3,Drama,2004-08-10,4.82,3.0251,Movie
Do Deewane Seher Mein,"Romance, Drama, Comedy",2026-02-20,6.353,3.074,Movie
Apollo 10½: A Space Age Childhood,"Animation, Comedy, Drama",2022-03-24,7.004,2.8776,Movie
Champagne Problems,"Romance, Comedy",2025-11-18,6.1,3.2709,Movie
Kinda Pregnant,"Comedy, Romance",2025-02-04,5.6,3.0791,Movie
Under Her Control,Drama,2022-04-29,5.266,3.2247,Movie
The Strays,Thriller,2023-02-17,5.455,2.8753,Movie
Shaun the Sheep: The Flight Before Christmas,"Animation, Comedy, Family",2021-12-03,6.973,3.2588,Movie
Windfall,"Thriller, Crime, Drama",2022-03-11,5.47,3.3456,Movie
Viking Wolf,"Horror, Thriller, Mystery",2022-11-18,5.818,3.1104,Movie
Marmaduke,"Animation, Family, Comedy, Adventure",2022-04-28,5.01,3.0478,Movie
The Last Mercenary,"Action, Comedy",2021-07-30,6.352,3.4623,Movie
His Three Daughters,"Drama, Comedy",2024-09-05,6.809,3.4247,Movie
The Fable: The Killer Who Doesn't Kill,"Action, Comedy, Crime",2021-02-05,7.005,3.3108,Movie
From the Ashes: The Pit,"Thriller, Drama",2026-01-21,4.22,3.1612,Movie
Love on Delivery,"Comedy, Action",1994-02-04,7.0,3.2232,Movie
Love Tactics,"Romance, Comedy",2022-02-11,7.1,3.2898,Movie
No One Gets Out Alive,"Horror, Mystery, Thriller",2021-09-29,5.846,3.0076,Movie
Restless,"Action, Thriller, Crime",2022-02-25,6.088,3.0552,Movie
Padmaavat,"Drama, History, Romance",2018-01-25,6.921,3.0617,Movie
Steve,Drama,2025-09-19,6.397,2.8974,Movie
Gold Rush Gang,"Action, Comedy, Drama, Western",2025-08-19,6.959,3.1089,Movie
Sweet & Sour,"Drama, Romance, Comedy",2021-06-04,7.7,3.0694,Movie
Kingdom,"Action, Thriller, Drama",2025-07-30,6.061,3.238,Movie
The Fundamentals of Caring,"Comedy, Drama",2016-06-16,7.286,2.6444,Movie
Tyler Perry's A Madea Homecoming,"Comedy, Drama",2022-02-25,6.731,3.0223,Movie
5 Flights Up,Drama,2014-05-10,6.018,2.9581,Movie
Drifting Home,"Animation, Fantasy, Adventure",2022-09-09,7.36,3.3713,Movie
The Last Days of American Crime,"Action, Crime, Thriller",2020-06-05,6.448,3.4441,Movie
Dunki,"Adventure, Comedy, Drama",2023-12-21,6.318,3.1257,Movie
Rescued by Ruby,"Family, Drama",2022-03-17,7.513,3.1867,Movie
Tune in for Love,"Romance, Drama",2019-08-28,7.723,2.9333,Movie
Finding ʻOhana,"Adventure, Action, Comedy, Family",2021-01-29,6.2,2.883,Movie
Mahavatar Narsimha,"Animation, Action, Fantasy, Drama",2025-07-25,7.407,2.7135,Movie
Jumping the Broom,Comedy,2011-05-06,5.891,3.044,Movie
Falling for Christmas,"Romance, Comedy, Family",2022-11-10,6.191,3.2391,Movie
The Paramedic,"Thriller, Drama, Crime",2020-09-16,6.037,3.1889,Movie
Veronica,Horror,2017-08-25,6.246,3.3923,Movie
Invader Zim: Enter the Florpus,"Animation, Comedy, Science Fiction",2019-08-16,7.416,3.262,Movie
Mrithyunjay,"Thriller, Crime, Action",2026-03-06,5.7,2.6424,Movie
The Mirror Has Two Faces,"Comedy, Drama, Romance",1996-11-15,6.729,2.8031,Movie
Secret Magic Control Agency,"Animation, Comedy, Fantasy",2021-03-18,7.005,2.8936,Movie
Hard Feelings,Comedy,2023-05-24,5.836,2.9796,Movie
KillTonyMania,Comedy,2026-04-20,7.0,2.8583,Movie
Stolen: Heist of the Century,"Documentary, Crime",2025-08-07,6.989,2.9536,Movie
GATAO: Like Father Like Son,"Crime, Action",2024-08-16,7.344,2.9402,Movie
WHAM!,"Documentary, Music",2023-06-27,7.292,2.8782,Movie
Sound of Silence,"Drama, Crime",2025-10-02,7.0,2.8461,Movie
Words Bubble Up Like Soda Pop,"Animation, Romance, Drama",2021-07-22,7.341,2.9675,Movie
Sentinelle,"Thriller, Action, Drama",2021-03-05,5.833,3.0319,Movie
Mohabbatein,"Drama, Romance",2000-10-27,7.1,2.9702,Movie
22 July,"Crime, Drama, History, Thriller",2018-10-04,7.1,2.8269,Movie
Quarantine 2: Terminal,"Horror, Mystery, Science Fiction",2011-06-16,5.712,3.1255,Movie
Banger,"Comedy, Music",2025-04-01,4.769,2.7583,Movie
Dead Talents Society,"Horror, Comedy",2024-08-07,6.9,2.799,Movie
Asphalt Burning,"Action, Comedy",2020-10-14,5.6,3.0297,Movie
Wine Country,Comedy,2019-05-08,5.503,2.9234,Movie
Untold UK: Vinnie Jones,"History, Documentary",2026-05-26,6.188,2.9425,Movie
Silverton Siege,"Action, Crime, Drama",2022-04-27,6.303,2.9867,Movie
Kingdom,"Action, Adventure, War, History, Fantasy",2019-04-19,7.245,2.8948,Movie
Shutter,"Horror, Mystery, Thriller",2025-10-30,5.8,2.7201,Movie
In Youth We Trust,"Action, Drama, Crime",2024-11-28,6.455,2.3793,Movie
Instadocs: The Prediction Games,Documentary,2026-07-26,6.4,2.9898,Movie
Homebound,Drama,2025-09-26,7.7,2.9615,Movie
The Heartbreak Agency,"Romance, Drama, Comedy",2024-02-13,5.5,2.8647,Movie
Ride or Die,"Drama, Romance, Thriller",2021-04-15,6.652,2.7884,Movie
Stephen,"Thriller, Mystery",2025-12-05,6.58,3.1692,Movie
French Lover,"Romance, Comedy",2025-09-25,6.039,2.7214,Movie
The Seven Deadly Sins: Grudge of Edinburgh Part 2,"Action, Adventure, Fantasy, Animation",2023-08-08,7.216,2.825,Movie
The Diplomat,"Thriller, Drama",2025-03-07,6.543,2.7423,Movie
The Noel Diary,"Romance, Comedy, Drama",2022-11-24,6.298,2.7048,Movie
Lucid Dream,"Science Fiction, Thriller",2017-02-22,6.426,2.9915,Movie
Pennum Porattum,"Comedy, Drama",2026-02-13,5.75,2.6289,Movie
The Critic,"Thriller, Crime, Drama, Mystery",2024-09-13,5.806,2.6869,Movie
More the Merrier,"Comedy, Romance",2021-07-30,6.625,2.9701,Movie
Rab Ne Bana Di Jodi,"Comedy, Drama, Romance",2008-12-11,7.095,2.8562,Movie
My Secret Santa,"Comedy, Romance",2025-12-02,6.226,2.8553,Movie
Mission: Cross,"Action, Comedy",2024-08-08,6.976,2.916,Movie
The Knight Before Christmas,"Comedy, Romance",2019-11-21,6.354,2.9704,Movie
Players,"Romance, Comedy",2024-02-13,6.042,2.986,Movie
Resort to Love,"Romance, Comedy",2021-07-29,7.124,2.7289,Movie
Happy Ending,"Romance, Comedy",2023-09-01,5.73,2.9308,Movie
Schumacher,Documentary,2021-09-14,7.273,2.8804,Movie
Jaat,"Crime, Action, Thriller",2025-04-10,6.3,3.0965,Movie
Edis Starlight,"Documentary, Music",2021-09-30,6.8,3.3398,Movie
A Babysitter's Guide to Monster Hunting,"Family, Fantasy, Adventure, Comedy",2020-10-14,6.2,2.754,Movie
With Love,"Romance, Comedy",2026-02-06,6.78,2.6974,Movie
NYAD,"Drama, History",2023-10-18,7.077,2.6933,Movie
37 Seconds,Drama,2019-02-09,7.3,2.5255,Movie
The Corpse Washer,"Horror, Drama, Thriller",2024-02-22,6.6,2.9845,Movie
Jaadugar,"Comedy, Drama, Romance",2022-07-15,6.539,2.8321,Movie
Love Like the Falling Petals,"Drama, Romance",2022-03-24,7.95,2.7542,Movie
Sing Geetham,"Comedy, Music, Drama",2026-06-10,8.0,2.7627,Movie
Narvik,"War, Drama, History, Action",2022-12-25,6.766,3.0192,Movie
AKA,Action,2023-04-28,6.862,3.0638,Movie
"The Rise of the Red Hot Chili Peppers: Our Brother, Hillel","Documentary, Music",2026-03-13,7.256,2.8329,Movie
The Shadow in My Eye,"War, Drama, History",2021-10-28,7.796,2.648,Movie
Octonauts & the Ring of Fire,"Family, Animation, Adventure",2021-01-08,6.3,2.719,Movie
Special Correspondents,Comedy,2016-04-22,5.787,3.0863,Movie
Calibre,"Thriller, Drama",2018-06-22,6.474,2.6652,Movie
The Piano Lesson,Drama,2024-11-07,5.83,2.8563,Movie
My Father's Dragon,"Animation, Adventure, Family, Fantasy, Comedy",2022-11-04,7.016,2.7712,Movie
Ejen Ali: The Movie 2,"Animation, Action, Adventure, Comedy, Family, Mystery, Science Fiction, Thriller",2025-05-22,8.0,2.4033,Movie
American Outlaws,"Western, Action",2001-08-17,5.914,2.7144,Movie
Beyond the Universe,"Romance, Drama, Music",2022-10-26,7.93,2.6296,Movie
Latte and the Magic Waterstone,"Animation, Adventure, Family, Comedy",2019-12-11,6.58,2.9076,Movie
Death to 2021,"Comedy, TV Movie",2021-12-27,5.977,3.096,Movie
Trainwreck: Mayor of Mayhem,Documentary,2025-06-16,6.565,2.5437,Movie
The Perfect Find,"Romance, Comedy",2023-06-23,6.1,2.4913,Movie
"One Piece: Episode of Chopper Plus: Bloom in the Winter, Miracle Cherry Blossom","Action, Animation, Adventure, Comedy",2008-03-01,7.0,2.7113,Movie
Swades,Drama,2004-12-17,7.343,2.7755,Movie
La Dolce Villa,"Romance, Comedy",2025-02-12,6.342,2.8359,Movie
Ricky Gervais: Armageddon,Comedy,2023-12-01,7.088,2.7793,Movie
The Remarkable Life of Ibelin,"Documentary, Animation",2024-03-08,8.093,2.7817,Movie
Jimmy Carr: Natural Born Killer,Comedy,2024-04-15,6.361,2.9268,Movie
Honeymoonish,"Romance, Comedy",2024-04-29,6.793,2.5536,Movie
The Night My Dad Saved Christmas 2,"Comedy, Family",2025-12-05,5.5,2.7644,Movie
RDX: Robert Dony Xavier,"Action, Drama",2023-08-25,6.719,2.6309,Movie
The Meyerowitz Stories (New and Selected),"Comedy, Drama",2017-10-13,6.462,2.5154,Movie
The Most Beautiful Girl in the World,"Comedy, Drama, Romance",2025-02-13,6.595,2.6494,Movie
End of the Road,"Drama, Thriller",2022-09-09,5.979,2.7783,Movie
The 8th Night,"Mystery, Thriller, Horror",2021-07-02,6.2,2.5347,Movie
Kingdom III: The Flame of Destiny,"Action, Adventure, War",2023-07-28,7.518,2.5502,Movie
Dude,"Action, Comedy, Drama, Romance",2025-10-17,5.51,2.7238,Movie
Sniper: Legacy,"Thriller, Action",2014-09-30,6.009,3.0012,Movie
Thugs of Hindostan,"Adventure, Action",2018-11-07,5.547,3.6739,Movie
Beckett,"Crime, Action, Thriller, Mystery",2021-08-04,6.16,2.9896,Movie
Tammy,Comedy,2014-07-02,5.348,2.4969,Movie
First They Killed My Father,"War, Drama, History",2017-02-18,7.371,2.9248,Movie
Super/Man: The Christopher Reeve Story,Documentary,2024-09-21,8.069,2.8689,Movie
Cadaver,"Drama, Horror, Thriller",2020-10-22,5.637,2.7797,Movie
Collision,"Thriller, Crime, Drama",2022-06-16,5.846,3.0601,Movie
Beast,"Action, Comedy",2022-04-12,5.188,2.6955,Movie
Justice,Crime,2024-10-15,6.536,2.733,Movie
The Invisible Guardian,"Thriller, Crime, Mystery",2017-03-03,6.5,2.8564,Movie
The Imaginary,"Animation, Adventure, Drama, Family, Fantasy",2023-12-15,7.598,2.656,Movie
Eli,Horror,2019-10-18,6.001,2.7515,Movie
Daddy's in Trouble,Comedy,2026-04-23,7.2,2.6366,Movie
14 Peaks: Nothing Is Impossible,Documentary,2021-11-12,7.3,2.6352,Movie
Rebecca,"Romance, Drama, Mystery, Thriller",2020-10-16,6.29,2.666,Movie
13: The Musical,"Family, Drama, Comedy",2022-08-12,5.957,2.3301,Movie
Falling Inn Love,"Romance, Comedy",2019-08-29,6.525,2.6224,Movie
The Big 4,"Action, Comedy, Crime, Thriller",2022-12-19,6.772,2.6923,Movie
Elena Knows,Drama,2023-11-16,6.054,2.9932,Movie
Closing Dynasty,Drama,2022-06-08,6.615,2.568,Movie
Gandu,Drama,2010-10-29,5.279,3.1564,Movie
House Arrest,Comedy,2019-11-15,6.344,3.0041,Movie
BLACKPINK: Light Up the Sky,"Documentary, Music",2020-10-14,8.165,2.3396,Movie
Time to Hunt,"Drama, Action, Thriller",2020-02-22,7.12,3.0164,Movie
The Yin-Yang Master: Dream of Eternity,"Action, Drama, Fantasy, Mystery, Science Fiction",2020-12-24,7.2,2.8263,Movie
"Love, Guaranteed","Romance, Comedy",2020-09-02,6.372,2.8518,Movie
Alien Xmas,"Animation, Family, Fantasy, Comedy, Science Fiction",2020-11-20,6.4,2.8924,Movie
"Look Out, Officer!","Action, Comedy, Crime, Fantasy",1990-07-27,6.3,3.0743,Movie
Twin Murders: The Silence of the White City,"Drama, Thriller",2019-10-25,5.646,2.4503,Movie
Jingle Jangle: A Christmas Journey,"Family, Fantasy, Music",2020-11-06,6.543,2.7592,Movie
De De Pyaar De 2,"Comedy, Romance",2025-11-13,6.667,2.4787,Movie
2 Fast 2 Furious,"Action, Crime, Thriller",2003-06-05,6.52,2.7002,Movie
High & Low The Worst X,Action,2022-09-09,7.514,2.7233,Movie
Coffee & Kareem,"Comedy, Action, Crime",2020-04-03,5.435,2.9876,Movie
Sharkdog’s Fintastic Halloween,"Animation, Fantasy, Family",2021-10-15,5.2,2.1297,Movie
When We First Met,"Comedy, Romance, Fantasy",2018-02-08,6.558,2.6847,Movie
Bigbug,"Science Fiction, Comedy",2022-02-11,5.263,2.7626,Movie
Believer 2,"Thriller, Action, Crime",2023-10-05,6.707,2.9317,Movie
Little Evil,"Horror, Comedy",2017-08-08,5.569,2.8266,Movie
One Piece: Stampede,"Animation, Action, Adventure, Fantasy",2019-01-03,7.77,2.7817,Movie
Untold: Chess Mates,Documentary,2026-04-07,6.886,2.9149,Movie
Lovesick,"Romance, Drama",2025-04-02,7.2,2.693,Movie
HiGH&LOW The Movie 3: Final Mission,"Action, Drama",2017-11-11,6.9,3.292,Movie
100 Meters,"Comedy, Drama",2016-11-04,7.383,2.8592,Movie
A Normal Woman,"Thriller, Drama, Horror",2025-07-23,5.934,2.9174,Movie
A Week Away,"Drama, Music, Romance, Comedy",2021-03-26,6.889,2.6884,Movie
Mikael: Hunter of Two Realms,"Action, Comedy, Horror, Fantasy, Thriller",2026-04-02,6.6,2.3797,Movie
Between Two Ferns: The Movie,Comedy,2019-09-20,5.919,2.6618,Movie
Hunger,Drama,2023-04-04,7.211,3.084,Movie
Head Full of Honey,Drama,2018-11-30,6.36,2.6662,Movie
Blue Miracle,"Adventure, Drama, Family",2021-05-27,7.3,2.739,Movie
Super Monsters: Once Upon a Rhyme,Animation,2021-06-01,6.07,2.4322,Movie
Small Crimes,"Drama, Comedy, Thriller, Crime",2017-04-28,5.364,2.8713,Movie
Same Day with Someone,"Romance, Comedy, Fantasy",2025-09-17,7.6,2.4878,Movie
The Son of a Thousand Men,Drama,2025-10-30,7.5,2.495,Movie
The Perfect Neighbor,"Crime, Documentary",2025-10-10,6.806,3.2299,Movie
Bo Burnham: Inside,Comedy,2021-07-22,7.964,2.4525,Movie
Yeh Jawaani Hai Deewani,"Romance, Comedy",2013-05-31,7.299,2.7604,Movie
Work It,"Comedy, Music",2020-08-07,7.488,3.0699,Movie
Tonight You're Sleeping with Me,"Romance, Drama",2023-03-01,6.014,2.7447,Movie
Dhoom Dhaam,Comedy,2025-02-13,7.035,2.3553,Movie
Annaatthe,"Action, Family, Drama",2021-11-04,4.7,2.3804,Movie
Hi Nanna,"Drama, Family, Romance",2023-12-07,7.952,2.6317,Movie
Steel Rain,"Action, Thriller",2017-12-14,7.068,2.4607,Movie
Entergalactic,"Animation, Romance, Music, Comedy",2022-09-28,7.711,2.6039,Movie
Passing,Drama,2021-10-27,6.279,2.2938,Movie
Furioza,"Action, Crime, Drama",2021-10-22,6.34,2.6411,Movie
Overhaul,"Action, Thriller, Drama",2023-08-28,6.786,2.678,Movie
Breakdown: 1975,Documentary,2025-12-18,6.823,2.7166,Movie
Iratta,"Drama, Thriller",2023-02-03,6.885,2.6188,Movie
The Singers,"Music, Drama, Comedy",2026-02-17,6.8,2.4008,Movie
Two,"Thriller, Horror",2021-07-23,5.391,2.7692,Movie
You Get Me,"Thriller, Romance, Drama",2017-06-19,5.6,2.8517,Movie
Aśoka,"Action, Adventure, Drama, History, Romance, War",2001-09-13,6.494,2.495,Movie
The Forest of Love,"Crime, Thriller",2019-10-10,6.3,2.2941,Movie
AFI Life Achievement Award: A Tribute to Eddie Murphy,Documentary,2026-05-31,5.333,2.4901,Movie
Eurovision Song Contest: The Story of Fire Saga,"Music, Comedy",2020-06-26,6.402,2.6157,Movie
Voyeur,"Documentary, Crime",2017-10-04,5.891,2.4708,Movie
JOY,Drama,2024-11-15,6.922,2.7075,Movie
Untold: Jail Blazers,Documentary,2026-04-14,6.833,2.3734,Movie
Dil To Pagal Hai,"Drama, Romance, Comedy",1997-10-30,6.906,2.8382,Movie
My Boo,"Romance, Comedy, Horror",2024-05-01,6.19,2.8458,Movie
The Love Scam,"Comedy, Romance",2025-01-01,6.44,2.3041,Movie
Moxie,"Comedy, Drama, Music",2021-03-03,7.189,2.6404,Movie
Head to Head,"Comedy, Thriller, Action",2023-08-03,6.336,2.789,Movie
5 Bomoh,Comedy,2026-06-04,5.0,2.6244,Movie
Jackass 3.5,"Comedy, Documentary, Action",2011-04-01,6.375,2.551,Movie
Hellhole,"Horror, Mystery",2022-10-26,6.137,2.7904,Movie
Tomcats,"Comedy, Romance",2001-03-30,5.129,2.538,Movie
Raat Akeli Hai - The Bansal Murders,"Thriller, Mystery, Crime, Drama",2025-11-27,6.1,2.5058,Movie
Happiness for Beginners,"Romance, Adventure, Comedy, Drama",2023-07-23,6.149,2.6515,Movie
War,"Action, Thriller, Adventure",2019-10-02,6.757,3.1263,Movie
18 Pages,Romance,2022-12-23,5.231,2.6111,Movie
Akhanda 2: Thaandavam,"Action, Drama",2025-12-12,6.1,2.4942,Movie
Shark Whisperer,Documentary,2025-06-30,6.659,2.5528,Movie
Cells at Work!,"Fantasy, Comedy, Adventure, Action",2024-12-13,7.7,2.7737,Movie
Trust,"Thriller, Horror",2025-08-22,5.395,2.4865,Movie
Outside,"Horror, Thriller",2024-10-16,6.112,2.7193,Movie
Our Little Secret,"Romance, Comedy, Drama",2024-11-27,6.21,2.2794,Movie
Nobody Sleeps in the Woods Tonight,"Comedy, Horror",2020-03-20,5.223,2.622,Movie
Thug Life,"Action, Crime, Drama",2025-06-04,5.0,2.3563,Movie
Eko,"Drama, Mystery",2025-11-21,7.306,2.8678,Movie
Haikyu!! the Movie: The End and the Beginning,"Animation, Drama",2015-07-03,8.402,2.77,Movie
The Last Summer,"Romance, Comedy",2019-05-03,6.004,2.6854,Movie
Vadh 2,"Crime, Drama, Thriller",2026-02-06,5.6,2.8258,Movie
Road To High & Low,"Action, Drama",2016-05-07,5.4,3.5933,Movie
"Justice, My Foot!","Comedy, Action, Crime",1992-07-02,6.7,2.4662,Movie
My Oni Girl,"Animation, Fantasy, Adventure, Family",2024-05-24,7.226,2.6348,Movie
Monsters 103 Mercies Dragon Damnation,"Animation, Action, Fantasy, Adventure",2024-01-21,7.194,2.2939,Movie
The Perfection,"Horror, Thriller, Drama",2018-09-20,6.427,2.3558,Movie
Like Father,Drama,2018-08-03,6.21,2.8287,Movie
Always Be My Maybe,"Romance, Comedy",2019-05-31,6.638,2.4829,Movie
Area 51,"Horror, Mystery, Science Fiction",2015-05-15,5.004,2.4593,Movie
Champion,"History, Drama",2025-12-25,6.8,2.6567,Movie
Blood Vessel,"Thriller, Drama",2023-12-08,6.871,2.8364,Movie
The Final: Attack on Wembley,Documentary,2024-05-07,6.4,2.4632,Movie
Sleeping Princess,"Romance, Comedy, Fantasy",2024-08-15,6.026,2.5517,Movie
Miss Americana,"Documentary, Music",2020-01-31,7.815,2.624,Movie
Breaking and Re-entering,"Action, Comedy",2024-02-08,6.038,2.763,Movie
Ante... Sundaraniki!,"Comedy, Romance, Family",2022-06-10,7.104,2.456,Movie
Wanda Sykes: Legacy,Comedy,2026-05-19,6.25,2.1796,Movie
Let Go,Drama,2024-11-01,7.88,2.7532,Movie
OMG! Oh My Girl,"Romance, Comedy",2022-10-27,6.6,2.3253,Movie
Good Bad Ugly,"Action, Crime, Comedy",2025-04-09,5.9,2.3201,Movie
Deva,"Action, Thriller, Mystery, Crime",2025-01-31,6.2,2.4834,Movie
Noah Kahan: Out of Body,"Documentary, Music",2026-03-16,8.571,2.1178,Movie
Untold: Deal with the Devil,Documentary,2021-08-17,6.915,2.1703,Movie
HIT: The Third Case,"Crime, Thriller, Action",2025-04-30,6.697,2.8668,Movie
Don't Listen,"Drama, Horror, Thriller",2020-07-24,6.432,2.4992,Movie
EVANGELION: DEATH (TRUE)²,"Animation, Science Fiction, Action, Drama",1998-03-07,6.8,2.4396,Movie
Fatal Affair,Thriller,2020-07-16,5.707,2.8353,Movie
Organ Child,"Action, Drama, Crime",2025-04-11,6.014,2.5505,Movie
Candy Jar,"Comedy, Drama, Romance",2018-04-27,6.12,2.4889,Movie
Ocean Waves,Romance,1995-12-25,8.0,2.4254,Movie
Office Invasion,"Science Fiction, Comedy",2022-08-10,5.382,2.4566,Movie
Anonymously Yours,"Drama, Romance",2021-12-10,7.519,2.6037,Movie
Love and Wine,"Romance, Comedy",2025-12-05,7.0,2.5453,Movie
Mass Jathara,"Action, Crime, Thriller",2025-10-31,4.5,2.5722,Movie
Mudbound,Drama,2017-11-16,7.354,2.3843,Movie
Boxer,Drama,2024-09-10,7.0,2.1805,Movie
Untold: The Shooting at Hawthorne Hill,Documentary,2026-04-21,6.184,2.225,Movie
The Summit of the Gods,"Animation, Adventure, Mystery",2021-09-22,7.726,2.7462,Movie
Alex Strangelove,"Comedy, Drama",2018-04-16,6.6,2.3107,Movie
The Paradise of Thorns,"Drama, Thriller",2024-08-22,7.7,2.7045,Movie
The Redeem Team,Documentary,2022-10-07,7.394,2.4135,Movie
11 Rebels,"Action, Drama, History, Thriller",2024-11-01,7.0,1.9702,Movie
Rose Island,"Comedy, Adventure",2020-12-09,7.039,2.3772,Movie
Taylor Tomlinson: Prodigal Daughter,Comedy,2026-02-24,7.091,2.3741,Movie
Paper Lives,Drama,2021-03-12,7.975,2.598,Movie
Monster,"Crime, Drama",2021-07-15,6.403,2.4583,Movie
El Conde,"Fantasy, Comedy, Horror",2023-09-07,6.12,2.3435,Movie
Ustaad Bhagat Singh,"Action, Comedy, Drama",2026-03-18,5.8,2.3746,Movie
My Dead Friend Zoe,"Comedy, War, Drama",2024-03-09,6.305,2.5811,Movie
Juwanna Mann,Comedy,2002-06-21,5.129,2.3341,Movie
Chris Rock: Selective Outrage,Comedy,2023-03-04,6.145,2.7865,Movie
Heart of the Hunter,Action,2024-03-28,5.8,2.5549,Movie
Vini Jr.,Documentary,2025-05-15,6.0,2.5652,Movie
Icarus,Documentary,2017-06-03,7.642,2.7441,Movie
A Special Memory,"Romance, Drama",2026-03-11,0.0,2.377,Movie
Soulcatcher,"Action, Thriller",2023-08-02,6.357,2.3888,Movie
Dragon Quest: Your Story,"Animation, Adventure, Comedy, Fantasy, Action, Family",2019-08-02,6.8,2.3746,Movie
The Devil on Trial,"Documentary, Drama, Crime",2023-10-17,5.891,2.7515,Movie
Norm Macdonald: Nothing Special,"Comedy, Documentary",2022-05-30,6.58,2.9569,Movie
Dynasty Warriors,"Action, Adventure, Fantasy",2021-04-27,5.847,2.5506,Movie
Baramulla,Horror,2025-11-06,5.925,2.4805,Movie
Bruised,"Drama, Action",2021-11-17,6.816,2.6069,Movie
Goyo,"Drama, Romance, Comedy",2024-06-27,7.03,2.371,Movie
There's Someone Inside Your House,"Horror, Mystery",2021-09-24,5.327,2.6931,Movie
"Hello, Goodbye, and Everything in Between","Romance, Drama",2022-07-05,6.142,2.6901,Movie
Until She Remembers,"Drama, Romance",2026-02-25,0.0,2.2732,Movie
How I Became a Superhero,"Science Fiction, Adventure, Action, Comedy, Thriller",2020-11-19,6.105,2.5254,Movie
Perdida,"Drama, Mystery, Crime",2018-04-19,6.1,2.5226,Movie
A Mighty Wind,"Comedy, Music",2003-04-16,6.784,2.4006,Movie
Dangerous Liaisons,"Drama, Romance",2022-07-08,5.9,2.3492,Movie
Chhaava,"History, Action, Drama",2025-02-14,7.0,2.4382,Movie
The Beautiful Game,Drama,2024-03-22,6.273,2.1848,Movie
Con City,"Comedy, Crime, Drama",2026-06-26,5.3,2.3312,Movie
Infiesto,Crime,2023-02-03,5.869,2.8034,Movie
The Other Side of the Wind,Drama,2018-11-02,6.7,2.3121,Movie
Modest Heroes,"Animation, Fantasy, Adventure, Drama",2018-08-24,6.642,2.6507,Movie
Home for Rent,"Horror, Thriller, Mystery",2023-04-06,6.792,2.4799,Movie
Nuovo Olimpo,"Romance, Drama",2023-11-01,6.944,2.0582,Movie
Lumberjack the Monster,"Drama, Thriller, Crime, Horror",2023-12-01,6.345,2.0944,Movie
Postcards from the Edge,"Comedy, Drama",1990-09-14,6.6,2.4363,Movie
Robbing Mussolini,"Action, Crime, Comedy",2022-10-26,5.621,2.5312,Movie
Do Patti,"Thriller, Drama",2024-10-24,6.871,2.5117,Movie
A Perfect Pairing,"Comedy, Romance",2022-05-19,6.8,2.6114,Movie
Street Flow,"Drama, Crime",2019-10-12,6.9,2.2517,Movie
Rustin,"Drama, History",2023-11-03,6.5,2.3351,Movie
The Taming of the Shrewd,"Romance, Comedy",2022-04-13,5.426,2.5584,Movie
Secrets of the Neanderthals,"Documentary, Mystery, History",2024-05-02,6.647,2.2273,Movie
Furie,"Action, Drama, Thriller",2019-02-22,6.619,2.8507,Movie
Togo,"Crime, Drama",2022-10-05,6.3,2.884,Movie
Black Barbie,Documentary,2023-03-11,6.292,2.312,Movie
Accident,"Action, Drama, Thriller",2009-09-24,6.7,2.2221,Movie
A Trip to Infinity,Documentary,2022-09-26,7.091,2.217,Movie
Indian 2: Zero Tolerance,"Drama, Action, Thriller",2024-07-12,3.109,2.1796,Movie
Bhool Bhulaiyaa,"Comedy, Horror, Thriller",2007-10-12,6.77,2.5655,Movie
Dear Zindagi,"Drama, Romance",2016-11-23,7.025,2.4608,Movie
Raja Shivaji,"Action, History, Drama",2026-05-01,5.9,2.4887,Movie
Skins,"Drama, Comedy, Fantasy",2017-06-09,6.368,2.596,Movie
Happy New Year,"Crime, Comedy",2014-10-24,6.141,2.6605,Movie
Love Today,"Comedy, Romance",2022-11-04,6.976,2.5355,Movie
The Lost Children,Documentary,2024-11-13,7.442,2.2235,Movie
The Wrath of God,"Thriller, Drama",2022-06-15,6.306,2.2766,Movie
Helios,"Action, Mystery, Adventure, Thriller",2015-04-30,5.3,2.2067,Movie
Double World,"Action, Adventure, Fantasy",2020-07-21,6.702,2.3296,Movie
Dave Chappelle: The Unstoppable...,Comedy,2025-12-19,6.56,2.5398,Movie
The Mad Monk,"Action, Comedy, Fantasy",1993-07-29,5.838,2.6579,Movie
The Carman Family Deaths,"Documentary, Crime",2025-11-18,6.97,2.571,Movie
Lost in the Spotlight,"Drama, Comedy",2025-12-02,6.611,2.5076,Movie
Millionaire,Documentary,2025-08-22,7.731,2.2562,Movie
Blasted,"Science Fiction, Comedy, Action",2022-06-28,4.713,2.5775,Movie
The Wrong Track,"Comedy, Drama",2025-02-27,6.568,2.5188,Movie
Rao Bahadur,"Fantasy, Drama, Thriller",2026-07-02,7.2,2.3443,Movie
Bye Bye Birdie,"Comedy, Music",1963-04-04,5.924,2.3795,Movie
Jeff Ross: Take a Banana for the Ride,Comedy,2026-03-24,5.9,1.8845,Movie
Dude,Comedy,2018-04-20,5.532,2.2245,Movie
American Murder: The Family Next Door,"Crime, Documentary",2020-09-29,7.246,2.2686,Movie
Honeymoon Crasher,Comedy,2025-02-11,5.636,2.3234,Movie
Detective Ujjwalan,"Mystery, Crime",2025-05-23,5.727,2.223,Movie
Daadi Ki Shaadi,"Comedy, Drama, Family",2026-05-08,5.0,2.3517,Movie
Vjeran Tomic: The Spider-Man of Paris,"Documentary, Crime",2023-10-20,6.649,2.2009,Movie
Adipurush,"Action, Adventure, Fantasy",2023-06-16,4.456,2.4705,Movie
Leal,"Action, Crime, Drama",2018-08-02,7.239,2.2623,Movie
Morrison,Drama,2024-03-27,6.0,2.3169,Movie
Afterlife of the Party,"Fantasy, Comedy, Drama",2021-09-02,6.685,2.4484,Movie
Find Me Falling,"Romance, Comedy, Music",2024-07-18,6.6,2.4617,Movie
NiNoKuni,"Animation, Action, Adventure, Family, Fantasy, Romance",2019-08-23,6.559,2.0431,Movie
Friendzone,"Romance, Comedy",2021-09-29,5.819,2.3863,Movie
The Greatest of All Time,"Action, Drama, Thriller",2024-09-05,4.7,2.2928,Movie
Sanju,Drama,2018-06-28,7.214,2.3829,Movie
Tiger Zinda Hai,"Action, Adventure, Thriller",2017-12-18,6.259,2.1937,Movie
Titan: The OceanGate Submersible Disaster,"Documentary, Drama",2025-06-06,7.071,2.797,Movie
Benji,"Drama, Family, Adventure, Crime",2018-03-16,6.916,2.4095,Movie
The Conference,"Horror, Comedy",2023-10-13,5.498,2.4471,Movie
Chor Nikal Ke Bhaga,"Crime, Thriller",2023-03-24,6.893,2.282,Movie
Mosul,"War, Drama, Action",2019-09-04,6.676,2.6411,Movie
Barbie: Princess Adventure,"Animation, Music, Family, Drama",2020-09-01,6.9,2.4033,Movie
Little Hearts,"Comedy, Romance, Drama",2025-09-05,6.667,2.3151,Movie
Intrusion,"Drama, Mystery, Thriller",2021-09-22,5.954,2.2578,Movie
"""Sr.""",Documentary,2022-09-02,6.9,2.3821,Movie
Love Tactics 2,"Romance, Comedy",2023-07-14,6.989,2.3653,Movie
Saripodhaa Sanivaaram,"Action, Thriller",2024-08-29,6.721,2.1112,Movie
Pedro Páramo,"Drama, Fantasy, Western",2024-09-12,6.854,2.3313,Movie
A Deadly American Marriage,"Crime, Documentary",2025-05-09,6.516,2.6787,Movie
How to Rob a Bank,"Documentary, Crime",2024-06-04,6.714,2.3225,Movie
Lighting Up the Stars,Drama,2022-06-24,7.414,2.5437,Movie
Zero,"Romance, Drama, Comedy",2018-12-21,5.179,2.3273,Movie
Son of Sardaar 2,"Comedy, Drama",2025-08-01,4.367,2.3463,Movie
Fan,"Action, Adventure, Thriller",2016-04-14,6.239,2.4894,Movie
The Bus: A French Football Mutiny,Documentary,2026-05-13,6.821,2.0966,Movie
The Whole Truth,"Horror, Mystery, Thriller",2021-12-02,6.49,2.2479,Movie
Mens Rea,Comedy,2025-12-27,7.7,2.6985,Movie
Borderless Fog,"Thriller, Crime, Mystery, Drama",2024-07-31,6.2,2.458,Movie
The Deepest Breath,Documentary,2023-01-21,7.582,2.2431,Movie
The Match,"Drama, History",2025-03-26,7.278,2.4624,Movie
I Am Not an Easy Man,"Comedy, Fantasy",2018-04-13,6.225,2.1558,Movie
Private Lesson,"Comedy, Romance",2022-12-16,6.689,2.5195,Movie
Glamour Girls,Drama,2022-06-24,4.438,2.726,Movie
The Princess Switch 3: Romancing the Star,"Romance, Comedy",2021-11-18,6.699,2.2281,Movie
Jim Jefferies: Freedumb,Comedy,2016-07-01,7.312,2.6591,Movie
The Investigation of Lucy Letby,"Documentary, Crime",2026-02-04,6.311,2.033,Movie
Chief Daddy,"Comedy, Drama",2018-12-14,5.0,2.918,Movie
Saaho,"Action, Adventure, Thriller",2019-08-29,5.728,2.185,Movie
HOMECOMING: A film by Beyoncé,"Documentary, Music, TV Movie",2019-04-16,8.041,2.2038,Movie
From the Ashes,"Thriller, Drama",2024-01-17,6.531,2.4652,Movie
Yeh Dillagi,"Comedy, Drama, Romance",1994-05-05,6.2,2.2412,Movie
Dasara,"Action, Thriller",2023-03-30,6.484,2.3074,Movie
Lust Stories,"Drama, Romance",2018-06-15,6.3,2.3802,Movie
I Wish You Had Told Me,Drama,2025-12-04,5.1,2.285,Movie
¡Que viva México!,"Drama, Comedy",2023-03-23,7.331,2.5023,Movie
Jewel Thief - The Heist Begins,"Action, Thriller",2025-04-24,6.6,2.4514,Movie
Apocalypse in the Tropics,Documentary,2025-07-03,7.341,2.1354,Movie
Roxanne Roxanne,Drama,2017-01-22,6.043,2.2955,Movie
Madea's Destination Wedding,"Comedy, Drama",2025-07-10,6.179,2.5703,Movie
Vidaamuyarchi,"Action, Drama, Mystery, Thriller, Crime",2025-02-06,6.0,1.9137,Movie
Downfall: The Case Against Boeing,Documentary,2022-02-09,7.067,2.7005,Movie
Sky High,"Action, Drama, Thriller",2020-12-18,6.093,2.4711,Movie
Happy Patel: Khatarnak Jasoos,"Comedy, Action, Romance",2026-01-16,6.333,2.0327,Movie
Kaaval,"Action, Thriller",2021-11-25,4.8,2.16,Movie
Lost Girls,"Drama, Mystery, Thriller, History",2020-01-28,6.056,2.3063,Movie
Extraction,Action,2013-09-05,4.91,2.3537,Movie
MOTHER,Drama,2020-07-03,6.922,2.121,Movie
Vicky Vidya Ka Woh Wala Video,Comedy,2024-10-10,4.925,2.4437,Movie
Officer on Duty,"Crime, Thriller",2025-02-20,6.942,2.1657,Movie
Sierra Burgess Is a Loser,"Comedy, Drama, Romance",2018-09-07,6.282,2.3261,Movie
Vampires vs. the Bronx,"Comedy, Horror",2020-10-02,5.731,2.3662,Movie
Dil Se..,"Drama, Romance",1998-08-22,6.889,2.3543,Movie
Rebel Royals: An Unlikely Love Story,Documentary,2025-09-15,2.9,2.2986,Movie
"BARDO, False Chronicle of a Handful of Truths","Comedy, Drama",2022-10-27,6.769,2.3727,Movie
MAD,"Comedy, Romance, Drama",2023-10-06,6.569,2.3311,Movie
The Catholic School,"Crime, Thriller, Drama, History",2021-10-07,6.171,2.1763,Movie
I Lost My Body,"Animation, Drama, Fantasy",2019-11-06,7.486,2.2769,Movie
Walk. Ride. Rodeo.,Drama,2019-03-08,6.958,2.5019,Movie
Bad Lands,"Action, Crime",2023-09-29,7.0,2.4689,Movie
Fantasy Football Ruined Our Lives,Comedy,2025-08-26,5.586,2.1525,Movie
Raid 2,"Crime, Drama, Thriller",2025-05-01,6.475,2.0078,Movie
Ricky Gervais: SuperNature,Comedy,2022-05-24,7.418,2.4945,Movie
"Love, Divided","Romance, Comedy",2024-04-11,6.7,2.4808,Movie
Bitconned,"Documentary, Crime",2024-01-01,6.462,2.1993,Movie
Lesson Plan,"Action, Crime",2022-11-23,6.01,2.3532,Movie
Psychokinesis,"Fantasy, Action, Comedy",2018-01-31,6.27,2.0041,Movie
Meet Me Next Christmas,"Romance, Comedy",2024-11-05,6.355,2.299,Movie
Operation Hyacinth,"Thriller, Crime, Mystery",2021-08-18,6.8,2.2774,Movie
Under the Shadow,"Drama, Horror, War",2016-09-30,6.494,2.4733,Movie
Kevin Hart: Acting My Age,Comedy,2025-11-23,6.367,2.7987,Movie
Sampradayaini Suppini Suddapusaani,"Comedy, Drama",2026-02-12,5.75,2.3673,Movie
The Climb,"Comedy, Romance, Adventure",2017-01-25,6.698,2.0614,Movie
Anek,"Action, Thriller",2022-05-27,6.107,2.2957,Movie
Operation Christmas Drop,"Comedy, Family, Romance, TV Movie",2020-11-05,6.371,1.9614,Movie
18 Presents,"Drama, Family",2020-01-02,7.401,2.1424,Movie
Blood Brothers: Bara Naga,"Action, Crime, Drama, Thriller",2025-04-10,7.5,2.5121,Movie
Black Island,Thriller,2021-08-17,5.859,2.1745,Movie
Retro,"Romance, Action, Drama",2025-04-30,6.313,2.1464,Movie
The Women and the Murderer,"Documentary, Crime",2021-09-09,6.202,2.3339,Movie
7 Women and a Murder,"Comedy, Mystery, Crime",2021-12-25,5.525,2.0343,Movie
Brazen,"Thriller, Mystery, Drama",2022-01-13,4.804,1.9989,Movie
Cyber Hell: Exposing an Internet Horror,"Crime, Drama",2022-05-17,7.2,2.1879,Movie
The Great Hack,Documentary,2019-01-26,6.874,2.2555,Movie
Yolo,"Drama, Comedy, Action",2024-02-10,6.8,2.2368,Movie
Daydreamers,"Comedy, Drama",2023-10-06,0.0,2.9883,Movie
The Teacher,"Thriller, Drama",2022-12-02,4.654,2.173,Movie
Tragic Jungle,"Drama, Mystery",2020-09-09,6.085,2.7344,Movie
Dance of the Forty One,"Drama, History",2020-11-19,7.84,2.1294,Movie
A Beautiful Life,"Drama, Music, Romance",2023-06-01,6.872,2.3161,Movie
Food Truck: Stolen Love... and Moo Deng,"Comedy, Romance",2025-08-28,5.714,2.5835,Movie
Unknown: Cosmic Time Machine,Documentary,2023-07-23,7.352,2.2528,Movie
Kingdom 2: Far and Away,"Action, Adventure, War",2022-07-15,7.282,2.1832,Movie
The Angel,"Action, Drama, History, Thriller, War",2018-05-15,6.561,2.2161,Movie
Sturgill Simpson Presents Sound & Fury,"Animation, Music",2019-09-26,6.136,2.702,Movie
Kaantha,"History, Crime, Drama",2025-11-13,6.759,2.5558,Movie
The Roast of Tom Brady,Comedy,2024-05-05,6.76,2.4421,Movie
Mighty Morphin Power Rangers: Once & Always,"Action, Adventure, Science Fiction, Family",2023-04-19,6.473,2.2637,Movie
(MAD)²,"Drama, Romance, Comedy",2025-03-27,7.0,2.0616,Movie
A Futile and Stupid Gesture,"Comedy, Drama",2018-01-24,6.451,2.1968,Movie
Faraway,"Romance, Comedy",2023-03-08,6.544,2.1249,Movie
Aileen: Queen of the Serial Killers,"Documentary, Crime",2025-10-29,6.789,2.2524,Movie
The Follies,Drama,2025-11-13,6.429,2.1073,Movie
Looop Lapeta,"Action, Comedy, Crime",2022-02-04,6.13,2.2463,Movie
The Larva Island Movie,"Animation, Family",2020-07-23,7.115,2.0691,Movie
Adam Sandler: Love You,Comedy,2024-08-26,6.151,2.4941,Movie
Dhoom 2,"Drama, Action, Thriller, Crime",2006-11-24,6.635,2.5025,Movie
The Chase,"Thriller, Crime, Drama, Mystery",2017-11-29,6.683,2.4001,Movie
Dave Chappelle: The Dreamer,Comedy,2023-12-31,6.888,2.4655,Movie
Attack of the Hollywood Clichés!,Documentary,2021-09-27,5.97,2.2579,Movie
Hilda and the Mountain King,"Animation, Adventure, Fantasy, Family, Drama",2021-12-30,7.555,2.3862,Movie
Meiyazhagan,"Family, Drama",2024-09-27,8.2,2.0679,Movie
Anaganaga Oka Raju,"Comedy, Romance",2026-01-14,6.941,2.0287,Movie
The Wasteland,"Drama, Horror, Thriller",2021-10-12,5.183,2.529,Movie
A Place Called Silence,"Crime, Mystery, Thriller",2024-07-03,6.957,2.201,Movie
Haikyu!! The Movie: Battle of Concepts,"Animation, Drama",2017-09-29,8.044,2.1504,Movie
Laal Singh Chaddha,"Drama, Romance, Comedy",2022-08-11,6.286,2.1663,Movie
Non Negotiable,"Action, Thriller, Comedy, Drama",2024-07-25,6.225,2.1591,Movie
Ricky Gervais: Humanity,Comedy,2018-03-13,7.663,2.3596,Movie
Wonderland,"Science Fiction, Drama",2024-06-05,7.019,2.4522,Movie
Love Is in the Air,"Romance, Comedy",2023-09-28,6.214,2.2448,Movie
Living with Leopards,Documentary,2024-05-09,7.7,2.0323,Movie
Death Whisperer 3,"Horror, Action, Thriller",2025-09-30,6.526,2.2992,Movie
Offering to the Storm,"Crime, Thriller, Mystery",2020-07-24,6.486,2.1525,Movie
The Royal Treatment,"Romance, Comedy",2022-01-20,6.65,2.1681,Movie
Irreplaceable You,"Comedy, Drama, Romance",2018-02-16,6.961,2.3106,Movie
The Merry Gentlemen,"Romance, Comedy",2024-11-20,5.783,2.038,Movie
Paddleton,"Comedy, Drama",2019-02-01,7.0,2.0068,Movie
XOXO,"Music, Drama",2016-08-26,5.947,2.3425,Movie
Hard Days,"Thriller, Crime, Action, Drama",2023-05-19,6.589,2.3186,Movie
Robin Robin,"Animation, Adventure, Family",2021-10-09,7.033,2.4546,Movie
Hello Ghost,"Comedy, Drama, Horror",2023-05-11,5.9,2.4326,Movie
Nancy Drew and the Hidden Staircase,"Crime, Family, Mystery",2019-03-15,6.355,2.2464,Movie
Aaryan,"Action, Thriller, Crime",2025-10-31,5.136,2.1799,Movie
Single All the Way,"Romance, Comedy",2021-12-02,6.415,2.134,Movie
Haikyu!! The Movie: Talent and Sense,"Animation, Drama",2017-09-15,7.889,2.1883,Movie
Radhe Shyam,"Drama, Romance",2022-03-10,5.159,2.1595,Movie
404 Run Run,"Comedy, Horror",2024-11-28,7.605,2.0837,Movie
The Perfumier,"Drama, Crime, Mystery, Thriller",2022-09-21,4.505,2.1438,Movie
The Red Envelope,Comedy,2025-03-20,7.278,2.1828,Movie
Ashby,"Drama, Romance, Comedy",2015-04-19,6.202,2.5696,Movie
The Lotto Winner,"Family, Drama",2026-02-18,2.0,1.9779,Movie
The Biggest Fan,Comedy,2025-04-30,6.4,2.1371,Movie
Isi & Ossi,"Romance, Comedy",2020-02-14,6.909,2.4568,Movie
Shadowplay,"Thriller, Drama",2020-01-28,2.0,2.6867,Movie
Manoranjan,Drama,2022-02-03,5.5,2.8858,Movie
The Twister: Caught in the Storm,Documentary,2025-03-18,6.722,2.423,Movie
Tramps,"Comedy, Drama, Romance",2016-09-10,6.161,2.2901,Movie
The Crimes That Bind,"Thriller, Crime, Drama",2020-08-20,6.468,2.2984,Movie
Catering Christmas,"TV Movie, Comedy, Romance",2022-10-29,6.304,1.9351,Movie
Love & Gelato,"Romance, Comedy, Drama",2022-06-22,5.4,2.25,Movie
Trippin’ with the Kandasamys,"Comedy, Romance",2021-06-04,6.8,2.1729,Movie
Don't Leave,"Romance, Drama",2022-11-11,5.371,2.3567,Movie
Buy Now! The Shopping Conspiracy,Documentary,2024-11-19,6.745,2.1533,Movie
Jab Tak Hai Jaan,"Drama, Romance",2012-11-13,7.038,2.4872,Movie
Ascharya Fuck It,"Thriller, Drama",2018-12-18,4.455,2.2231,Movie
Thalaivar Thambi Thalaimaiyil,"Comedy, Drama",2026-01-15,6.5,2.0507,Movie
The Plagues of Breslau,"Crime, Action, Thriller",2018-11-29,6.257,2.2065,Movie
Love in the Villa,"Romance, Comedy",2022-09-01,5.996,2.3,Movie
Sahara,"Adventure, Animation, Comedy, Family",2017-02-01,6.0,2.1212,Movie
Bulbbul,"Horror, Fantasy, Thriller",2020-06-24,6.573,1.9277,Movie
The Quilters,Documentary,2024-06-15,6.861,2.0628,Movie
Our Times,"Science Fiction, Romance, Comedy",2025-06-09,6.6,2.2711,Movie
Attack 13,"Horror, Thriller",2025-06-13,5.2,2.1387,Movie
6 Balloons,Drama,2018-03-12,5.994,1.9398,Movie
Adam Sandler: 100% Fresh,"Comedy, Music",2018-10-23,7.054,2.4725,Movie
"Hello, My Name Is Doris","Comedy, Drama, Romance",2015-11-27,6.3,2.3664,Movie
7 Prisoners,"Drama, Crime",2021-10-22,7.084,2.2177,Movie
The 9th Precinct,"Fantasy, Thriller, Crime",2019-08-29,5.587,2.2269,Movie
Kidnapping Stella,Thriller,2019-06-29,5.328,2.2743,Movie
Miracle: The Boys of '80,"Documentary, History",2026-01-30,7.275,1.9188,Movie
David Brent: Life on the Road,"Comedy, Music",2016-08-19,6.086,2.2963,Movie
Dave Chappelle: Sticks & Stones,Comedy,2019-08-26,7.555,2.4908,Movie
I Don't Feel at Home in This World Anymore,"Thriller, Drama, Crime, Comedy",2017-01-19,6.56,2.1082,Movie
Lefter: The Story of the Ordinarius,"Drama, History",2025-11-13,6.81,2.1928,Movie
Phenomena,"Comedy, Horror, Thriller",2023-04-14,5.979,2.1704,Movie
Nappily Ever After,"Comedy, Romance, Drama",2018-09-21,7.207,2.1788,Movie
Swallow,"Drama, History, Thriller, Crime",2021-10-01,4.7,3.2782,Movie
Miss Granny,"Drama, Comedy, Music",2014-01-22,7.3,2.2331,Movie
Andrew Schulz: LIFE,Comedy,2025-03-03,7.276,2.4142,Movie
Skater Girl,"Drama, Family",2021-06-11,7.232,2.148,Movie
Waffles + Mochi's Holiday Feast,Family,2021-11-22,2.0,1.9753,Movie
In Her Place,"Drama, Crime, Thriller",2024-09-30,6.141,1.8995,Movie
Freaks - You're One of Us,"Drama, Fantasy, Thriller",2020-09-02,5.67,2.3538,Movie
Pyaar Impossible!,"Comedy, Romance",2010-01-08,5.268,1.4008,Movie
Death Before the Wedding,"Comedy, Romance",2025-02-11,5.213,2.0847,Movie
The Seven Deadly Sins: Grudge of Edinburgh Part 1,"Animation, Fantasy, Adventure, Action",2022-12-20,7.694,2.2436,Movie
Unknown: The Lost Pyramid,Documentary,2023-07-02,7.4,1.6574,Movie
Rory Scovel: Show Must Go On,Comedy,2026-08-11,6.7,2.175,Movie
Sergio,Drama,2020-01-28,6.6,1.9757,Movie
Airplane Mode,"Comedy, Drama, Romance",2020-01-23,6.2,2.1732,Movie
Trouble,"Action, Comedy, Crime",2024-10-02,6.728,2.0193,Movie
Private Life,"Drama, Comedy",2018-10-05,6.879,2.5069,Movie
The Warning,"Thriller, Drama, Fantasy",2018-03-10,6.057,2.0114,Movie
Trivisa,"Drama, Crime",2016-04-07,7.192,2.0977,Movie
Oh Belinda,"Drama, Comedy, Fantasy",2023-04-07,6.424,2.0539,Movie
Hayao Miyazaki and the Heron,Documentary,2024-10-10,7.817,2.0641,Movie
Kevin Hart: What Now?,"Comedy, Documentary, TV Movie",2016-10-14,6.444,2.4076,Movie
Guru,"Drama, Romance",2007-01-12,6.9,1.8492,Movie
The Occupant,"Thriller, Drama",2020-03-25,6.39,1.9955,Movie
The Year I Started Masturbating,"Comedy, Drama, Romance",2022-10-21,5.823,2.042,Movie
Prey,Thriller,2021-09-10,4.675,2.0532,Movie
Monster High 2,"Fantasy, Science Fiction, Action, Adventure",2023-10-05,6.716,2.1614,Movie
Man in Love,"Romance, Drama",2021-04-01,7.205,2.0755,Movie
Salaam Namaste,"Comedy, Romance, Drama",2005-09-09,6.212,1.8898,Movie
The Sand Castle,"Thriller, Mystery, Drama, Fantasy",2024-12-07,5.642,2.2129,Movie
Wounds,"Horror, Mystery",2019-01-26,4.036,1.6074,Movie
"Hello, Love, Again","Romance, Drama",2024-11-13,6.444,2.1643,Movie
Bangkok Breaking: Heaven and Hell,"Action, Crime, Drama, Thriller",2024-09-26,6.848,2.0103,Movie
iBoy,"Action, Science Fiction",2017-01-27,5.951,2.2268,Movie
Love at First Kiss,"Romance, Comedy",2023-03-03,6.184,2.1227,Movie
The Legacy of the Bones,"Thriller, Crime, Mystery",2019-12-05,6.6,2.1464,Movie
Halftime,"Documentary, Music",2022-06-08,6.766,1.9449,Movie
Revenge of the Pontianak,"Horror, Romance",2019-08-29,5.2,2.122,Movie
Kabhi Alvida Naa Kehna,"Drama, Romance",2006-08-11,6.432,1.8889,Movie
Little Siberia,"Comedy, Thriller, Drama, Crime",2025-03-20,5.968,2.1342,Movie
Beats,"Drama, Music",2019-06-19,6.632,1.9733,Movie
ReMastered: The Lion's Share,"Documentary, Music",2019-05-17,6.6,2.0488,Movie
The Violence Action,"Action, Crime, Adventure",2022-08-19,6.139,1.975,Movie
In Love and Deep Water,"Romance, Comedy, Mystery, Thriller",2023-11-16,5.688,1.8283,Movie
Gold Brick,"Comedy, Crime, Drama",2023-07-06,6.147,2.1506,Movie
The Main Event,"Family, Comedy",2020-04-10,6.4,2.1549,Movie
Batman v Superman: Dawn of Justice: Ultimate Edition,,2016-06-28,10.0,2.2929,Movie
10 Days of a Bad Man,"Crime, Drama",2023-08-18,6.439,2.3815,Movie
USA 94: Brazil's Return to Glory,Documentary,2026-05-07,6.767,1.9595,Movie
The Four Seasons,"Comedy, Drama, Romance",1981-05-22,6.3,2.0888,Movie
Nukkad Naatak,Drama,2026-02-27,0.0,1.8804,Movie
Chak De! India,Drama,2007-08-09,7.21,2.2562,Movie
Dhadak 2,"Romance, Drama",2025-08-01,6.976,2.1198,Movie
Newton's 3rd Law,"Mystery, Thriller",2026-07-31,5.2,2.1101,Movie
Christmas on Mistletoe Farm,"Family, Comedy",2022-11-23,5.159,2.0996,Movie
Haikyu!! the Movie: The Winner and the Loser,Animation,2015-09-18,8.0,2.0525,Movie
John Mulaney: The Comeback Kid,"Comedy, TV Movie, Documentary",2015-11-13,7.712,2.4935,Movie
The Only Girl in the Orchestra,"Documentary, Music",2023-11-09,6.529,1.8209,Movie
Johnny,Drama,2022-09-23,7.2,2.1905,Movie
Crip Camp: A Disability Revolution,Documentary,2020-03-25,7.2,1.8033,Movie
Revolver Rita,"Comedy, Action, Crime",2025-11-28,6.429,1.9976,Movie
A Man of Action,"Drama, History",2022-11-30,6.402,2.0507,Movie
Kodachrome,"Drama, Comedy",2017-09-08,6.808,2.1054,Movie
Rifle Club,"Action, Thriller",2024-12-19,6.1,1.8884,Movie
Mardaani,"Action, Crime, Drama, Thriller",2014-08-22,6.687,2.024,Movie
Jamie Foxx: What Had Happened Was...,"Comedy, Documentary",2024-12-10,6.533,2.2942,Movie
'Twas the Text Before Christmas,"Romance, Comedy, TV Movie",2023-10-21,6.495,1.9226,Movie
Nice View,"Drama, Family, Comedy",2022-02-01,6.4,2.2486,Movie
Tehran,"Action, Thriller",2025-08-14,6.1,1.7841,Movie
Murder Mubarak,"Comedy, Crime, Thriller",2024-03-15,6.557,1.8914,Movie
Angela's Christmas Wish,"Animation, Family",2020-12-01,6.423,1.9027,Movie
Holiday in the Wild,"Romance, Comedy",2019-11-06,6.476,2.1808,Movie
Squared Love All Over Again,"Romance, Comedy",2023-02-13,5.687,1.9939,Movie
Homunculus,"Drama, Thriller, Fantasy, Mystery, Horror",2021-04-02,6.0,1.8342,Movie
Elmo and Mark Rober's Merry Giftmas,"Family, TV Movie",2025-12-08,6.0,1.8851,Movie
Backyard Wilderness,Documentary,2018-03-31,6.714,2.1506,Movie
A Day and a Half,"Drama, Thriller",2023-09-01,6.338,2.3509,Movie
Chris Rock: Tamborine,Comedy,2018-02-14,6.416,2.2598,Movie
Take the 10,Comedy,2017-01-20,5.013,2.0963,Movie
The Privilege,Horror,2022-02-09,5.216,2.2437,Movie
A Part of You,Drama,2024-05-31,6.639,2.0034,Movie
Joe Dirt 2: Beautiful Loser,Comedy,2015-07-16,4.894,2.2557,Movie
Premante,"Romance, Comedy, Thriller",2025-11-21,6.0,2.1877,Movie
I Am All Girls,"Drama, Mystery, Thriller, Crime",2021-05-14,6.536,2.3679,Movie
The Swarm,"Horror, Drama",2021-04-09,5.773,1.8858,Movie
Jimmy Carr: His Dark Material,Comedy,2021-12-24,6.87,2.2669,Movie
Malibu Rescue: The Next Wave,Comedy,2020-08-04,6.2,1.9314,Movie
Breaking Boundaries: The Science of Our Planet,Documentary,2021-06-03,7.5,1.3387,Movie
My Father's Violin,"Drama, Music",2022-01-21,7.895,1.9903,Movie
Outlaw,"Action, Crime, Drama",2024-06-20,6.2,2.0907,Movie
Minnal Murali,"Action, Comedy, Fantasy",2021-12-16,7.171,2.2389,Movie
Major,"Action, History, Drama",2022-06-03,7.029,1.8584,Movie
Last Call for Istanbul,"Romance, Drama",2023-11-24,6.306,2.2314,Movie
Divines,Drama,2016-08-31,7.657,2.0952,Movie
Holiday Rush,"Drama, Comedy, Romance",2019-11-28,5.623,1.8419,Movie
The Photographer of Mauthausen,"Drama, History, Thriller",2018-10-26,6.933,2.1996,Movie
Disconnect,"Comedy, Romance",2018-04-21,2.2,2.0334,Movie
Wieners,Comedy,2008-06-03,4.241,2.093,Movie
Killer Book Club,"Horror, Thriller",2023-08-25,5.6,2.1302,Movie
Nobody Sleeps in the Woods Tonight 2,"Horror, Thriller, Comedy",2021-10-27,4.586,1.9698,Movie
Capturing the Killer Nurse,"Crime, Documentary",2022-11-11,6.482,2.12,Movie
Duck Butter,"Drama, Romance, Comedy",2018-04-27,5.4,2.1769,Movie
The Influence,Horror,2019-06-21,4.849,1.9813,Movie
GTMAX,"Action, Crime",2024-11-19,6.21,1.8763,Movie
Dirty Daddy: The Bob Saget Tribute,"Comedy, Documentary",2022-06-10,4.895,2.2239,Movie
Single Salma,"Comedy, Family",2025-10-31,5.6,2.2302,Movie
Centauro,"Action, Crime, Thriller",2022-06-15,6.092,1.8351,Movie
The Rope Curse 2,Horror,2020-09-02,5.422,1.7689,Movie
One,"Drama, Thriller",2021-03-26,5.7,1.8515,Movie
My Best Friend Anne Frank,"History, War, Drama",2021-10-07,6.8,2.1259,Movie
Paheli,"Romance, Drama, Fantasy",2005-06-24,6.1,1.9752,Movie
Christmas with You,"Romance, Comedy",2022-11-17,5.827,1.992,Movie
Don't Die: The Man Who Wants to Live Forever,Documentary,2025-01-01,6.269,1.9626,Movie
Jaane Jaan,"Crime, Thriller, Drama",2023-09-21,7.0,2.1683,Movie
"...Watch Out, We're Mad","Comedy, Action",2022-03-23,6.1,2.04,Movie
Inheritance,"Comedy, Mystery",2024-06-19,5.213,1.9652,Movie
The Hard Way,Action,2019-03-05,5.503,2.109,Movie
Mark Normand: None Too Pleased,Comedy,2026-03-17,6.286,1.9516,Movie
The Decline,"Thriller, Action",2020-02-27,6.114,1.9346,Movie
Wedding Season,"Romance, Comedy",2022-08-04,6.264,2.259,Movie
Frozen Hot Boys,"Drama, Comedy",2025-04-10,7.5,2.0521,Movie
Squared Love,"Romance, Comedy",2021-02-11,6.064,2.1486,Movie
Sultan,"Drama, Action, Romance",2016-07-06,6.846,2.494,Movie
The Door into Summer,"Science Fiction, Drama",2021-06-25,6.413,2.0191,Movie
Faceless,"Thriller, Drama",2024-11-29,6.55,1.8348,Movie
Kevin Hart: Irresponsible,"Comedy, Documentary, TV Movie",2019-04-02,6.709,2.2102,Movie
Haq,Drama,2025-11-07,7.483,2.0691,Movie
Anpanman: Twinkle! Princess Vanilla of Ice Cream Land,"Animation, Family",2019-06-28,5.8,1.974,Movie
Irrupción,,2022-06-26,6.0,2.3632,Movie
Riverdance: The Animated Adventure,"Animation, Fantasy, Music, Adventure, Comedy, Family",2021-05-28,5.971,1.977,Movie
The Taming of the Shrewd 2,"Romance, Comedy",2023-12-20,5.6,2.0949,Movie
A Very Murray Christmas,"Comedy, Music, TV Movie",2015-12-04,5.224,1.7318,Movie
Amina,"War, History, Drama",2021-11-04,6.41,2.4993,Movie
Return to Space,Documentary,2022-04-07,6.544,2.1408,Movie
Jigarthanda DoubleX,"Action, Drama, Comedy",2023-11-10,7.605,1.6825,Movie
"Michael Bolton's Big, Sexy Valentine's Day Special","Comedy, Music",2017-02-07,6.062,1.9001,Movie
Forgive Us Our Trespasses,"Drama, War",2022-02-17,6.199,1.7349,Movie
The Lost Lotteries,"Crime, Comedy",2022-11-16,6.714,2.1477,Movie
Barbara - Becoming Shirin David,Documentary,2026-03-12,5.9,1.7185,Movie
Promised Hearts,"Drama, Romance",2025-03-30,5.86,1.8788,Movie
Joel Kim Booster: Psychosexual,Comedy,2022-06-20,5.7,2.0607,Movie
Pachamama,"Adventure, Animation, Family, Fantasy",2018-10-20,7.247,2.0867,Movie
Possessed,"Horror, Action, Thriller",2022-09-29,5.3,1.8667,Movie
Sunshine,Drama,2025-07-23,8.7,1.9489,Movie
Beyond the Lights,"Romance, Drama",2014-11-14,6.772,1.7987,Movie
Untold UK: Liverpool's Miracle of Istanbul,"Documentary, History",2026-05-19,6.917,2.0939,Movie
Ehrengard: The Art of Seduction,"Romance, Comedy, Drama",2023-09-14,6.036,2.2392,Movie
Our Souls at Night,"Romance, Drama",2017-09-29,6.7,1.9525,Movie
Asakusa Kid,Drama,2021-12-09,7.027,2.1806,Movie
The Parades,"Drama, Fantasy",2024-02-28,7.472,1.5682,Movie
Harry Styles. One Night in Manchester.,Music,2026-03-08,7.615,2.0927,Movie
Sooryavanshi,"Action, Crime, Thriller",2021-11-05,5.777,2.0185,Movie
Dad Wanted,Drama,2020-09-11,7.5,1.8706,Movie
Yellow Door: '90s Lo-fi Film Club,Documentary,2023-10-06,6.9,1.8107,Movie
Earth and Blood,"Action, Thriller",2020-04-17,6.136,1.8411,Movie
Herod's Law,"Comedy, Crime, Mystery, Drama",1999-11-09,7.969,1.7817,Movie
Lucca's World,Drama,2025-01-30,7.349,2.242,Movie
The 101-Year-Old Man Who Skipped Out on the Bill and Disappeared,"Adventure, Comedy",2016-12-25,6.437,2.0486,Movie
Vanished into the Night,"Thriller, Mystery, Drama",2024-07-10,5.557,2.0499,Movie
The Girlfriend,"Romance, Drama",2025-11-07,6.553,1.9382,Movie
The Volcano: Rescue from Whakaari,"Documentary, Drama",2022-11-03,7.234,1.6688,Movie
#realityhigh,Comedy,2017-07-17,6.242,1.797,Movie
The Bridge Curse: Ritual,"Horror, Thriller",2023-10-13,6.1,2.0565,Movie
All-Time High,"Comedy, Romance",2023-11-17,5.807,2.2582,Movie
All Hail,"Comedy, Drama",2022-03-30,6.436,1.7843,Movie
Poisoned: The Dirty Truth About Your Food,"Documentary, Crime",2023-06-09,7.036,1.789,Movie
Desperados,"Comedy, Romance",2020-07-01,5.972,2.0733,Movie
Dilwale,"Crime, Action, Comedy",2015-12-18,6.569,2.1516,Movie
If Anything Happens I Love You,"Drama, Animation",2020-11-20,7.697,2.0271,Movie
Anthony Jeselnik: Bones and All,Comedy,2024-11-25,7.026,2.5803,Movie
Canvas,"Animation, Family, Drama",2020-10-29,6.336,1.9885,Movie
First Match,Drama,2018-03-12,6.436,2.0629,Movie
Kang Solah from Kang Mak x Nenek Gayung,"Comedy, Fantasy, Horror",2025-09-25,5.667,1.9133,Movie
Daaku Maharaaj,"Action, Crime, Drama, Thriller",2025-01-12,5.45,2.1505,Movie
Line Walker,"Action, Crime, Drama",2016-08-11,6.436,1.8753,Movie
Conquer: Lahad Datu,"War, History, Thriller, Action, Crime, Drama",2024-08-22,7.923,1.857,Movie
Quinceañero,"Music, Drama",2021-06-05,7.0,2.0996,Movie
The Hungover Games,Comedy,2014-02-01,4.065,2.1408,Movie
Outside In,Drama,2018-03-30,6.158,2.083,Movie
The Lost Patient,"Thriller, Mystery, TV Movie, Drama",2022-11-25,5.833,2.1474,Movie
Guntur Kaaram,"Action, Drama",2024-01-11,5.3,1.7302,Movie
K-Pops!,"Comedy, Drama, Music",2026-02-27,6.5,2.1063,Movie
Ittefaq,"Crime, Thriller",2017-11-03,6.8,1.7918,Movie
Love Forever,"Romance, Comedy, Drama",2025-02-13,5.427,2.0142,Movie
Viva La Vida,"Drama, Romance",2024-02-10,7.6,2.0522,Movie
Jolly LLB 3,"Drama, Comedy",2025-09-19,6.531,2.0592,Movie
Rich in Love,"Romance, Comedy",2020-04-30,7.67,1.9401,Movie
Dave Chappelle: What's in a Name?,Comedy,2022-07-07,6.646,2.105,Movie
Pete Davidson Presents: The Best Friends,Comedy,2022-06-13,5.133,2.1942,Movie
Shirley,"History, Drama",2024-03-15,6.618,1.7784,Movie
Inside the Mind of a Dog,Documentary,2024-08-09,7.06,1.9972,Movie
I Used to Be Famous,"Comedy, Drama, Music",2022-09-09,6.929,1.9583,Movie
Oru Durooha Saahacharyathil,"Comedy, Thriller",2026-04-15,5.625,2.1017,Movie
"Pamela, A Love Story",Documentary,2023-01-30,7.037,2.0489,Movie
Lilim,"Horror, Thriller, Drama",2025-03-12,7.5,1.682,Movie
Malibu Rescue,"Comedy, Family",2019-05-13,6.147,1.9425,Movie
The Bridge Curse,"Horror, Thriller, Mystery",2020-02-27,6.299,2.0919,Movie
Barbie: Skipper and the Big Babysitting Adventure,"Animation, Family",2023-03-03,6.7,1.8123,Movie
Nadaaniyan,"Romance, Comedy, Drama",2025-03-01,5.9,1.8221,Movie
Into the Wind,"Drama, Romance",2022-02-10,5.406,1.709,Movie
Disco Inferno,Horror,2023-10-20,4.826,2.0428,Movie
Blind Detective,"Action, Crime, Comedy, Mystery, Thriller",2013-07-04,6.18,1.8291,Movie
BAKA's Identity,"Crime, Drama, Thriller",2025-10-24,7.5,1.8639,Movie
The Price of Nonna's Inheritance,"Comedy, Crime",2024-06-04,5.588,1.9167,Movie
Pee-wee's Big Holiday,"Adventure, Comedy, Family",2016-03-17,6.097,1.7753,Movie
Unknown Origins,"Drama, Thriller",2020-08-28,6.23,1.8637,Movie
Strained,Drama,2023-04-28,0.0,2.3348,Movie
The Village,Drama,2023-04-21,6.759,1.827,Movie
Girl in the Picture,"Crime, Documentary",2022-07-06,7.127,2.1593,Movie
After the Ball,Comedy,2015-02-27,6.3,2.1153,Movie
Joy,Drama,2019-01-18,5.904,2.2836,Movie
Girls with Balls,"Horror, Comedy",2019-07-26,4.173,1.7804,Movie
Go!,Family,2020-01-16,6.84,1.8083,Movie
Bruce Bruce: I Ain't Playin',Comedy,2026-03-03,3.833,1.7179,Movie
Andhra King Taluka,"Action, Drama, Romance, Family",2025-11-26,5.8,1.844,Movie
Otherhood,Comedy,2019-08-13,6.138,2.0687,Movie
Dhoom 3,"Action, Crime",2013-12-19,6.0,1.9945,Movie
Backtrack,"Mystery, Horror, Thriller",2015-07-25,5.8,1.7917,Movie
Barbie: Dolphin Magic,"Animation, Adventure, Family, Fantasy",2017-09-20,6.554,1.9489,Movie
Father Christmas Is Back,"Comedy, Family",2021-11-07,4.607,1.8093,Movie
A Jazzman's Blues,"Drama, Romance, Mystery",2022-09-16,7.463,1.6655,Movie
Shyam Singha Roy,"Romance, Thriller, Drama",2021-12-24,6.612,1.779,Movie
Return of the King: The Fall and Rise of Elvis Presley,"Documentary, Music",2024-11-12,7.477,1.9672,Movie
Three,"Action, Crime, Thriller",2016-06-24,5.977,1.7472,Movie
Badla,"Crime, Thriller, Mystery, Drama",2019-03-08,7.264,2.256,Movie
American Factory,Documentary,2019-08-21,7.182,2.4041,Movie
The Motive,Drama,2017-11-17,6.221,1.9427,Movie
Mimi,"Comedy, Drama",2021-07-26,6.872,1.6632,Movie
Azaad,"Drama, Action",2025-01-17,6.4,2.0862,Movie
Bright: Samurai Soul,"Animation, Action, Fantasy",2021-10-12,5.677,1.7578,Movie
Bade Miyan Chote Miyan,"Action, Science Fiction",2024-04-11,6.132,2.3907,Movie
Baby Mamas,"Comedy, Drama",2018-10-12,2.0,2.1526,Movie
Street Flow 2,Drama,2023-09-27,6.2,1.9857,Movie
Dheepan,"Crime, Drama",2015-08-26,6.8,1.8692,Movie
Gandeevadhari Arjuna,"Action, Thriller",2023-08-24,6.5,1.6652,Movie
Upcoming Summer,"Drama, Romance",2021-07-30,6.7,1.6601,Movie
Christmas Full of Grace,"Romance, Comedy",2022-11-30,5.8,1.9276,Movie
Doctor,"Thriller, Comedy, Action",2021-10-09,6.361,1.8416,Movie
The Soul,"Mystery, Science Fiction, Thriller, Drama, Horror",2021-01-08,6.908,2.0107,Movie
Darr,"Thriller, Action, Romance",1993-09-01,7.0,1.8555,Movie
"Meet, Greet & Bye",Drama,2025-11-12,7.0,1.9196,Movie
Earthquake: Joke Telling Business,Comedy,2025-09-29,5.214,2.1198,Movie
In for a Murder,"Crime, Comedy",2021-06-18,6.144,1.7816,Movie
Rez Ball,Drama,2024-09-08,6.356,1.7985,Movie
Sector 36,"Crime, Thriller, Drama",2024-08-18,7.016,2.0092,Movie
Elisa & Marcela,"Drama, Romance",2019-05-24,7.293,1.8757,Movie
"Live Twice, Love Once","Comedy, Drama",2019-09-06,7.469,1.8638,Movie
Hack Your Health: The Secrets of Your Gut,Documentary,2024-04-26,6.7,1.6185,Movie
A Woman with No Filter,Comedy,2025-08-21,6.109,2.0352,Movie
Idli Kadai,"Action, Drama, Comedy",2025-10-01,6.673,1.8053,Movie
Blame the Game,"Comedy, Thriller, Romance",2024-07-03,5.749,2.2212,Movie
Angela's Christmas,"Animation, Family",2017-12-02,6.8,2.0293,Movie
Inside the Mind of a Cat,Documentary,2022-08-18,7.234,1.7886,Movie
Rolling Thunder Revue: A Bob Dylan Story by Martin Scorsese,"Documentary, Music",2019-06-11,7.007,1.9707,Movie
Love Wedding Repeat,"Comedy, Romance",2020-04-10,5.664,2.0199,Movie
Buba,"Comedy, Drama",2022-08-02,5.452,1.7589,Movie
Errementari: The Blacksmith and the Devil,"Drama, Fantasy, Horror",2018-03-02,6.381,1.8684,Movie
Kushi,"Romance, Comedy, Drama",2023-08-31,5.0,1.7041,Movie
Kick,"Action, Romance, Comedy, Crime",2014-07-25,5.698,1.9101,Movie
Rising High,"Comedy, Drama",2020-04-17,6.523,1.8976,Movie
Babo: The Haftbefehl Story,"Documentary, Music",2025-10-27,6.705,1.868,Movie
Jonah,"Drama, Thriller",2016-10-27,5.929,1.8254,Movie
The Life Ahead,Drama,2020-11-03,6.727,1.7565,Movie
Jim Jefferies: High n' Dry,Comedy,2023-02-14,6.447,2.2522,Movie
I am the Secret in Your Heart,"Romance, Comedy, Drama",2024-08-02,7.3,1.8249,Movie
"Lover, Stalker, Killer","Crime, Documentary",2024-02-09,6.771,1.7706,Movie
Pulang,"Drama, Romance, Adventure",2018-07-26,5.8,1.8226,Movie
Apollo 13: Survival,"Documentary, History",2024-03-08,7.136,1.7532,Movie
Roohi,"Horror, Comedy",2021-03-11,4.5,1.7586,Movie
Toscana,"Comedy, Romance, Drama",2022-05-18,5.9,1.8324,Movie
Emi Martínez: The Kid Who Stops Time,"Animation, Documentary",2026-05-02,5.5,1.8561,Movie
WILL,"Drama, War, History",2023-09-27,6.545,1.7194,Movie
Phir Bhi Dil Hai Hindustani,"Romance, Comedy, Crime",2000-01-21,6.592,1.832,Movie
Einstein and the Bomb,"Documentary, Drama",2024-02-16,6.199,1.851,Movie
Gatao,"Crime, Action",2015-07-05,6.154,1.8953,Movie
Without Saying Goodbye,"Comedy, Romance",2022-03-18,7.136,1.8365,Movie
Jim Gaffigan: Comedy Monster,Comedy,2021-12-21,6.157,2.0857,Movie
Last Film Show,Drama,2022-01-06,7.49,1.8593,Movie
Love You So Bad,"Romance, Comedy",2025-12-25,4.0,1.7763,Movie
Lost Ladies,"Comedy, Drama, Romance",2024-03-01,7.801,1.9912,Movie
Secrets of the Saqqara Tomb,Documentary,2020-10-28,7.299,1.7526,Movie
Disclosure,Documentary,2020-06-19,7.823,1.7862,Movie
Court: State vs. A Nobody,"Drama, Romance, Crime",2025-03-14,7.389,1.8522,Movie
Usogui,"Mystery, Thriller",2022-02-11,5.5,1.954,Movie
Delicious,"Thriller, Drama",2025-02-18,4.825,1.7126,Movie
8 Vasantalu,"Drama, Romance",2025-06-20,6.714,1.9833,Movie
Kang Mak from Pee Mak,"Comedy, Horror, Romance, War",2024-08-15,6.286,1.8018,Movie
John Mulaney & The Sack Lunch Bunch,"Comedy, Family, Music",2019-12-24,7.022,2.2206,Movie
The Snow Sister,"Fantasy, Family, Adventure, Drama",2024-11-28,6.8,2.0382,Movie
(Un)lucky Sisters,"Comedy, Drama",2024-08-30,5.6,2.065,Movie
Etharkkum Thunindhavan,"Action, Drama, Family",2022-03-10,5.793,1.759,Movie
Outlaws,Crime,2021-10-08,6.867,2.4182,Movie
Thunivu,"Action, Crime, Thriller, Comedy",2023-01-10,5.733,1.8116,Movie
Race to the Summit,"Documentary, Action, Adventure",2023-10-04,6.875,1.8608,Movie
13th,Documentary,2016-10-07,7.83,2.0551,Movie
Still Time,"Romance, Comedy, Drama",2023-03-16,6.714,1.9178,Movie
Father of the Year,Comedy,2018-07-20,5.417,1.7118,Movie
Inspector Zende,"Comedy, Drama, Thriller",2025-09-04,6.5,1.7848,Movie
Sunday Best: The Untold Story of Ed Sullivan,Documentary,2023-06-11,6.864,1.9945,Movie
The Boys in the Band,Drama,2020-09-30,6.8,2.0033,Movie
Bill Burr: Paper Tiger,"Comedy, TV Movie",2019-09-10,7.466,2.1697,Movie
Latin Blood – The Ballad of Ney Matogrosso,"Drama, Music, History",2025-05-01,8.0,2.085,Movie
The Mystery of Marilyn Monroe: The Unheard Tapes,Documentary,2022-04-27,6.331,1.8692,Movie
Pelé,Documentary,2021-02-23,7.28,2.0821,Movie
A True Gentleman,"Romance, Drama",2024-09-25,6.125,1.9142,Movie
Kevin James: Never Don't Give Up,"Comedy, TV Movie",2018-04-24,6.218,2.029,Movie
Jab Harry Met Sejal,"Comedy, Drama, Romance",2017-08-04,6.4,1.4983,Movie
The Abandoned,"Drama, Mystery, Crime, Thriller",2023-09-08,6.345,1.7351,Movie
Xico's Journey,"Animation, Family, Fantasy",2020-11-12,6.6,1.8158,Movie
Naga,Thriller,2023-09-08,5.1,2.0752,Movie
A Deadly Invitation,"Comedy, Mystery",2023-10-06,5.7,1.7691,Movie
Chris Tucker: Live,Comedy,2015-07-10,6.02,2.1194,Movie
Kevin Hart: Zero F**ks Given,"Comedy, Documentary, TV Movie",2020-11-17,6.64,2.2936,Movie
UnMarry,"Drama, Romance",2025-12-25,8.0,1.9451,Movie
Heartstopper: Ending on a Hi,Documentary,2026-07-24,8.0,1.8473,Movie
Lainey Wilson: Keepin' Country Cool,"Documentary, Music",2026-04-22,7.0,1.6902,Movie
Casino Tycoon II,"Thriller, Mystery, Crime",1992-08-20,6.5,1.7332,Movie
Fast Five,"Action, Thriller, Crime",2011-04-20,7.245,1.8373,Movie
Bordertown: The Mural Murders,Crime,2021-10-27,6.615,1.7329,Movie
Coin Heist,"Family, Crime",2017-01-06,5.381,1.9091,Movie
The Claus Family,"Family, Fantasy",2020-12-07,6.04,1.9812,Movie
Double Dad,"Comedy, Drama, Family",2021-01-15,6.597,1.7712,Movie
Code Name: Emperor,"Drama, Thriller",2022-03-18,5.837,1.9299,Movie
Best. Christmas. Ever!,Comedy,2023-11-16,5.353,1.8566,Movie
Chokehold,"Thriller, Drama",2023-04-21,5.59,1.8807,Movie
Jim Jefferies: Intolerant,Comedy,2020-07-07,7.071,2.0722,Movie
Raazi,"Thriller, Drama, History",2018-05-10,7.264,1.458,Movie
The Polka King,Comedy,2017-01-22,5.582,1.8403,Movie
Uncorked,"Drama, Comedy",2020-03-27,6.124,1.5342,Movie
Almost Family,Comedy,2025-07-17,6.3,1.8745,Movie
Tòkunbọ̀,"Thriller, Crime, Drama",2024-08-23,6.7,1.7978,Movie
The Water Man,"Adventure, Fantasy",2020-09-13,6.063,1.9765,Movie
Trainwreck: Poop Cruise,"Documentary, Drama",2025-06-23,5.91,2.0156,Movie
John Mulaney: Baby J,Comedy,2023-04-24,7.182,2.1772,Movie
Comic 8 Revolution: Santet K4bin3t,"Action, Comedy, Fantasy, Horror",2025-12-24,4.625,1.8119,Movie
Thallumaala,"Comedy, Drama, Action",2022-08-12,6.885,1.9026,Movie
A Balloon's Landing,Drama,2024-05-10,7.3,1.7975,Movie
Sweet Bobby: My Catfish Nightmare,Documentary,2024-10-15,6.7,2.251,Movie
Christmas Under the Northern Lights,"TV Movie, Romance, Comedy",2024-12-19,6.103,1.6101,Movie
Romantik Problematik,"Romance, Comedy",2022-08-23,0.0,2.0575,Movie
June & Kopi,"Comedy, Drama, Family",2021-01-28,7.0,1.8619,Movie
Ivy + Bean: Doomed to Dance,"Family, Comedy",2022-09-02,6.5,1.6835,Movie
Billu,"Comedy, Drama",2009-02-13,6.396,2.096,Movie
Manila's Finest,"Crime, Drama",2025-12-25,0.0,1.8795,Movie
Beauty and the Beat,"Comedy, Music",2025-12-10,4.7,1.7243,Movie
Mute,Drama,2018-07-05,1.0,1.9278,Movie
Good Game: The Beginning,Comedy,2018-11-02,3.6,1.9656,Movie
Doi Boy,"Drama, Thriller",2023-10-07,6.304,1.6267,Movie
Padmini,"Romance, Comedy, Drama",2023-07-07,6.321,1.8734,Movie
Dave Chappelle: The Closer,Comedy,2021-10-05,7.144,2.0577,Movie
Jungle Beat: The Movie,"Family, Animation, Science Fiction, Comedy",2020-06-26,6.9,2.0919,Movie
Get the Grift,"Comedy, Crime",2021-04-28,6.429,1.6363,Movie
Grenfell: Uncovered,Documentary,2025-06-19,7.375,1.9071,Movie
English Babu Desi Mem,Romance,1996-01-26,5.452,1.5846,Movie
Operation Varsity Blues: The College Admissions Scandal,"Documentary, Crime, Drama",2021-03-17,6.829,1.6877,Movie
Nothing to Hide,"Drama, Comedy",2018-10-17,6.583,2.2058,Movie
Chasing Coral,Documentary,2017-03-16,7.703,1.9374,Movie
Pangolin: Kulu's Journey,Documentary,2025-04-21,7.643,1.6854,Movie
Squared Love Everlasting,"Romance, Comedy",2023-03-28,6.142,1.8949,Movie
Family of Two (A Mother and Son Story),Drama,2023-12-25,7.0,1.9108,Movie
Camp Crasher,"Comedy, Romance",2024-12-05,6.836,1.8937,Movie
Jani Dueñas: Grandes fracasos de ayer y hoy,Comedy,2018-06-29,6.2,1.622,Movie
Eye for an Eye,"Drama, Thriller, Crime",2019-08-30,6.661,1.9052,Movie
Aap Jaisa Koi,"Romance, Comedy",2025-07-11,6.481,1.6511,Movie
Honeymoon with My Mother,Comedy,2022-04-29,6.296,2.0113,Movie
John Mulaney: Kid Gorgeous at Radio City,"Comedy, TV Movie",2018-05-01,7.906,2.0438,Movie
Dancing on Glass,Drama,2022-04-08,6.115,2.1354,Movie
The Fast and the Furious,"Action, Crime, Thriller",2001-06-22,7.015,1.8712,Movie
New York,"Crime, Drama, Thriller",2009-06-26,6.27,1.7572,Movie
The Rope Curse 3,Horror,2023-08-25,5.0,1.7195,Movie
Step Sisters,Comedy,2018-01-19,6.366,1.7906,Movie
Mr. Car and the Knights Templar,"Adventure, Drama, Family",2023-07-12,5.8,1.9904,Movie
Groom & Two Brides,"Romance, Comedy",2025-11-06,7.0,1.823,Movie
Last Summer,"Romance, Drama",2021-07-09,5.9,2.0179,Movie
Hasee Toh Phasee,"Comedy, Romance",2014-02-07,6.6,1.8281,Movie
Jigra,"Action, Drama, Thriller",2024-10-10,6.0,1.5814,Movie
10 Days of a Good Man,"Crime, Drama",2023-02-10,6.475,1.7673,Movie
Waltair Veerayya,"Action, Drama",2023-01-13,5.333,1.5174,Movie
Noise,"Mystery, Drama, Thriller, Horror",2023-03-17,4.887,1.9081,Movie
Don,"Comedy, Romance",2022-05-12,6.041,1.7803,Movie
Case Closed: The Fist of Blue Sapphire,"Animation, Mystery, Crime, Action, Adventure",2019-04-12,6.2,1.6664,Movie
Trainwreck: The Astroworld Tragedy,Documentary,2025-06-09,6.644,2.1912,Movie
The Tree of Blood,Drama,2018-10-31,6.389,1.7128,Movie
Fanaa,"Action, Drama, Romance, Thriller",2006-05-26,6.739,1.7204,Movie
Barbie & Chelsea: The Lost Birthday,"Animation, Family",2021-03-27,6.8,1.9632,Movie
The Black Book,"Action, Mystery, Thriller",2023-09-22,6.709,1.9245,Movie
Nothing to Lose,"Drama, History",2018-03-29,5.29,1.7953,Movie
The Champion,"Drama, Family, Comedy",2024-07-12,5.491,1.9525,Movie
"Barbie: Big City, Big Dreams","Animation, Music, Family",2021-08-20,6.9,1.9669,Movie
A Christmas Prince,"Romance, TV Movie",2017-11-17,6.6,1.9102,Movie
Photocopier,"Drama, Mystery, Thriller",2021-10-08,6.9,1.7494,Movie
Chaahat,"Drama, Romance",1996-06-06,6.7,1.7062,Movie
A Christmas Prince: The Royal Baby,"Romance, Family, TV Movie",2019-12-05,6.3,1.9538,Movie
Casino Tycoon,"Thriller, Crime",1992-02-20,6.525,1.7228,Movie
Sabrina,"Horror, Thriller",2018-07-12,5.305,2.0554,Movie
Flat Girls,Drama,2025-02-06,7.1,1.7369,Movie
Jagame Thandhiram,"Crime, Drama",2021-06-18,5.527,1.4871,Movie
Crazy About Her,"Comedy, Romance",2021-02-26,7.204,1.7786,Movie
High Flying Bird,Drama,2019-01-27,5.695,1.7872,Movie
Dear Ex,"Drama, Comedy",2018-11-02,7.192,2.1147,Movie
Gun City,"Drama, Crime, Thriller",2018-10-11,6.318,1.516,Movie
Swim to Me,Drama,2025-09-25,5.643,1.9995,Movie
Agneepath,"Action, Crime, Drama",2012-01-25,6.4,1.542,Movie
I Believe in Santa,"Romance, Comedy",2022-12-14,5.289,1.7292,Movie
Bill Burr: Live at Red Rocks,Comedy,2022-07-12,7.277,2.1248,Movie
Indian,"Drama, Action, Thriller",1996-05-09,6.994,1.5412,Movie
Chappelle's Home Team - Earthquake: Legendary,Comedy,2022-02-28,6.75,1.8554,Movie
Night Drive,"Thriller, Drama",2022-03-11,7.6,1.6072,Movie
Just Short of Perfect,"Romance, Comedy",2021-11-18,6.0,2.0594,Movie
Descendant,"Documentary, History",2022-10-21,6.281,1.7786,Movie
Marco Polo: One Hundred Eyes,"Action, History, Drama",2015-12-26,7.299,2.0705,Movie
11M: Terror in Madrid,Documentary,2022-02-23,6.421,1.9186,Movie
Two Distant Strangers,Drama,2020-11-20,6.999,1.7317,Movie
You Do You,"Comedy, Romance",2023-06-09,6.2,1.9906,Movie
Red Dot,"Thriller, Drama",2021-02-11,5.874,2.1445,Movie
El Camino Christmas,"Comedy, Crime, Drama",2017-12-08,5.545,1.7656,Movie
Phir Aayi Hasseen Dillruba,"Mystery, Thriller, Romance",2024-08-09,6.37,1.5674,Movie
Beautiful Rebel,"Music, Drama, History",2024-05-02,6.798,1.9316,Movie
Fearless,"Family, Animation, Comedy",2020-08-14,5.866,1.8527,Movie
iNumber Number: Jozi Gold,"Crime, Action, Thriller",2023-06-23,5.712,1.693,Movie
Je suis Karl,"Drama, Thriller",2021-09-16,5.323,1.6346,Movie
Miss Shampoo,"Comedy, Romance, Crime",2023-07-28,5.096,1.6099,Movie
Ferry,"Crime, Drama, Action",2021-05-13,6.818,1.9979,Movie
Rattlesnake,"Thriller, Drama, Mystery, Horror",2019-10-25,5.251,1.6829,Movie
The Time That Remains,"Drama, Romance, Fantasy",2025-10-15,6.6,1.7796,Movie
Under the Amalfi Sun,"Romance, Comedy",2022-07-13,5.752,1.9535,Movie
Heart Parade,"Comedy, Romance",2022-06-15,5.974,1.6911,Movie
Out of My League,"Romance, Comedy",2020-10-22,6.915,1.7917,Movie
Shaitaan,"Thriller, Horror",2024-03-08,6.297,1.7762,Movie
The Murder of Rachel Nickell,"Documentary, Crime",2026-06-04,6.194,1.7343,Movie
Stamped from the Beginning,"Documentary, Animation",2023-11-10,6.58,1.6328,Movie
Mrs. Chatterjee Vs Norway,"Drama, Thriller",2023-03-16,5.872,1.5949,Movie
Untamed Royals,"Thriller, Crime, Drama",2024-08-27,6.244,1.7454,Movie
A Magnificent Life,"Animation, History, Drama",2025-10-15,7.19,1.7196,Movie
Eloá the Hostage: Live on TV,"Documentary, Crime",2025-11-12,7.4,2.0449,Movie
Madame Claude,"Crime, Drama, Romance",2021-04-02,5.672,1.6481,Movie
David and the Elves,"Family, Fantasy, Comedy",2021-12-06,6.136,1.9373,Movie
Bad Seeds,"Comedy, Drama",2018-11-21,7.608,1.665,Movie
AI Love You,"Romance, Science Fiction, Drama",2022-02-15,6.179,1.7281,Movie
"Bob Ross: Happy Accidents, Betrayal & Greed",Documentary,2021-08-25,6.611,1.5584,Movie
Jimmy Carr: Funny Business,"Comedy, TV Movie",2016-03-18,6.911,2.0016,Movie
Someone Borrowed,"Comedy, Romance",2022-10-11,6.306,1.7799,Movie
Take Me,"Comedy, Crime",2017-05-05,5.8,1.6208,Movie
Good on Paper,"Comedy, Romance",2021-06-23,5.577,1.6852,Movie
Marlon Wayans: Woke-ish,Comedy,2018-02-27,6.305,1.9955,Movie
Hitler: A Career,"Documentary, History",1977-07-08,7.426,1.7408,Movie
The Swan Princess Christmas,"Family, Animation, Fantasy",2012-11-05,5.4,1.9083,Movie
The Price of Family,Comedy,2022-12-19,6.44,1.71,Movie
Just Another Christmas,"Comedy, Drama, Fantasy, Family",2020-12-03,7.3,1.8412,Movie
Anjaam,"Crime, Drama, Thriller, Romance",1994-04-22,6.9,1.9152,Movie
Monster Hunter: Legends of the Guild,"Animation, Adventure, Action, Fantasy",2021-08-12,5.719,1.7812,Movie
Secrets in the Hot Spring,"Comedy, Horror",2018-07-11,6.6,1.6946,Movie
Heartsong,"Comedy, Drama, Music, Romance",2022-08-10,6.486,2.0627,Movie
Maa,Horror,2025-06-20,6.761,1.7257,Movie
An Honest Life,"Thriller, Drama",2025-07-30,5.7,1.9762,Movie
Anpanman: Star-Spirited Dollie,"Animation, Family",2006-07-15,8.2,1.7409,Movie
A Castle for Christmas,"Comedy, Adventure",2021-11-26,5.996,1.9075,Movie
Fyre,Documentary,2019-01-18,6.939,1.5546,Movie
Seriously Single,Comedy,2020-07-31,6.838,1.8754,Movie
The Saint of Second Chances,Documentary,2023-06-11,6.875,1.7314,Movie
The Breaker Upperers,Comedy,2018-03-10,5.2,1.7068,Movie
[m]otherhood,Documentary,2019-02-04,10.0,1.7281,Movie
What Jennifer Did,"Documentary, Crime",2024-04-09,6.233,1.6618,Movie
Just Say Yes,"Comedy, Romance",2021-04-02,6.292,1.6642,Movie
Drive,"Action, Thriller",2019-11-01,5.0,1.7806,Movie
Karol G: Tomorrow Was Beautiful,"Documentary, Music",2025-04-30,7.906,1.6091,Movie
Trevor Noah: Where Was I,"Comedy, Documentary",2023-12-18,6.409,2.2526,Movie
Thangalaan,"Adventure, Action, Fantasy, History",2024-08-15,6.9,1.5274,Movie
JJ+E,"Romance, Drama",2021-09-08,5.8,1.7011,Movie
Where the Tracks End,"Drama, Comedy, Family",2023-05-26,7.983,1.8862,Movie
Dongalunnaru Jagratha,Thriller,2022-09-23,4.7,1.9453,Movie
"Monica, O My Darling","Crime, Comedy, Drama, Mystery, Thriller",2022-11-11,7.1,1.8595,Movie
Turn of the Tide: The Surreal Story of Rabo de Peixe,"Documentary, Crime",2025-10-16,7.594,1.8457,Movie
Vijay 69,"Drama, Comedy",2024-11-08,7.0,1.7095,Movie
Life Without Principle,"Crime, Drama",2011-10-20,6.674,1.5814,Movie
How I Fell in Love with a Gangster,"Crime, Action, Drama",2022-01-05,6.639,1.9888,Movie
Kalank,"Drama, Romance",2019-04-17,5.8,1.9102,Movie
The Most Hated Woman in America,"Crime, Drama",2017-03-14,6.155,1.8203,Movie
Trevor Noah: Son of Patricia,"Comedy, TV Movie",2018-11-20,7.106,1.9943,Movie
In His Shadow,"Crime, Drama",2023-03-17,6.272,1.7605,Movie
B&B Merry,"Romance, Comedy, Drama, TV Movie",2022-12-04,5.984,1.7406,Movie
Unknown: Killer Robots,Documentary,2023-07-09,6.8,1.6632,Movie
Alter Me,"Romance, Comedy",2020-11-15,3.667,1.7061,Movie
Kontrabida Academy,"Comedy, Fantasy",2025-09-10,6.771,1.7471,Movie
Tomb Watcher,"Drama, Horror",2025-04-24,5.8,1.5186,Movie
Taylor Tomlinson: Look at You,Comedy,2022-03-08,7.207,2.0802,Movie
Dick Johnson Is Dead,Documentary,2020-01-23,7.071,1.8309,Movie
Gatao: The Last Stray,"Crime, Action",2021-02-05,5.4,1.7807,Movie
Kill Tony: Once Upon a Time in Texas,Comedy,2026-01-12,5.7,1.6605,Movie
Fanfic,Drama,2023-05-17,6.9,1.7356,Movie
Cyberbunker: The Criminal Underworld,Documentary,2023-11-07,6.547,1.984,Movie
GodFather,"Action, Drama",2022-10-05,5.9,1.5594,Movie
Aaja Nachle,"Romance, Drama",2007-11-30,6.435,1.7581,Movie
Good Sam,"Romance, Drama, Comedy",2019-05-16,6.0,1.5557,Movie
We Couldn't Become Adults,"Drama, Romance",2021-11-05,6.355,1.7708,Movie
The Last Laugh,Comedy,2019-01-11,5.395,1.618,Movie
What We Wanted,Drama,2020-11-11,5.832,1.7253,Movie
Dhoom,"Action, Crime, Drama, Thriller",2004-08-27,6.249,1.6548,Movie
My Amanda,"Romance, Drama",2021-07-15,5.7,1.768,Movie
Long Live Love!,"Romance, Comedy, Drama",2023-06-29,8.121,1.6892,Movie
"Masaka Kids, A Rhythm Within",Documentary,2025-12-08,7.111,1.6644,Movie
Trevor Noah: Afraid of the Dark,Comedy,2017-02-21,7.134,1.9613,Movie
Gunjan Saxena: The Kargil Girl,Drama,2020-07-23,7.3,1.6871,Movie
Valley of the Dead,"Comedy, Horror, War",2020-10-08,6.219,1.8341,Movie
Mujhse Dosti Karoge!,"Romance, Comedy, Drama",2002-08-08,6.2,1.6307,Movie
Jailbreak: Love on the Run,"Crime, Documentary",2024-09-24,6.424,1.6199,Movie
The White House Effect,Documentary,2024-08-31,6.0,1.6161,Movie
Firecracker,"Romance, Comedy, Drama",2022-07-16,6.8,1.6934,Movie
Bharat,"Action, History, Drama",2019-06-05,5.986,1.6357,Movie
Famous Last Words: Gloria Steinem,Documentary,2026-09-03,9.0,1.8285,Movie
"Umjolo: My Beginning, My End!","Romance, Drama",2025-01-02,7.875,1.6478,Movie
Life,Drama,2015-09-09,5.971,1.6831,Movie
Kill Me If You Dare,"Comedy, Romance",2024-02-13,5.4,1.6526,Movie
Lady J,"Drama, Romance",2018-09-12,6.422,1.5795,Movie
Maybe Baby,Comedy,2023-03-16,7.058,1.5594,Movie
The Endless Trench,"Drama, History, Thriller",2019-10-31,6.877,1.6935,Movie
The Holiday Calendar,"Romance, Comedy, Family",2018-11-02,6.614,1.7387,Movie
Surviving Paradise: A Family Tale,Documentary,2022-03-02,7.0,1.7139,Movie
The Binding,"Horror, Thriller, Drama",2020-10-02,5.473,1.7055,Movie
A Sun,"Drama, Crime",2019-11-01,7.704,1.9062,Movie
Coven,"Drama, History",2020-10-02,6.693,1.6071,Movie
Recurrence,Crime,2022-07-27,5.584,1.6958,Movie
Jim & Andy: The Great Beyond,"Documentary, Drama, Comedy",2017-09-05,7.455,1.4403,Movie
Happy Anniversary,"Romance, Comedy",2018-03-30,5.751,1.6131,Movie
Riphagen the Untouchable,"Drama, History, Thriller",2016-09-22,6.495,1.6209,Movie
Our Lovers,"Drama, Romance",2016-02-08,7.225,1.526,Movie
Ghost Lab,"Drama, Horror, Science Fiction, Thriller",2021-05-26,6.482,1.7524,Movie
Bhakshak,"Drama, Crime",2024-02-08,7.262,1.6556,Movie
Our Father,"Documentary, Crime",2022-05-11,6.502,1.8225,Movie
4L,"Comedy, Drama",2019-03-01,5.898,1.4758,Movie
My Favorite Wedding,"Comedy, Romance, TV Movie",2017-06-24,6.9,1.6534,Movie
Stuck Together,Comedy,2021-10-20,5.9,1.689,Movie
All Together Now,Drama,2020-08-28,6.702,1.6459,Movie
Christmas on Windmill Way,"Romance, Comedy, TV Movie",2023-12-02,5.86,1.5764,Movie
Under the Riccione Sun,"Comedy, Romance",2020-07-01,6.181,1.8351,Movie
I Am Not Big Bird,Comedy,2024-02-14,6.3,1.4111,Movie
Ek Villain Returns,"Action, Crime, Thriller",2022-07-29,5.989,1.601,Movie
Kurup,"Thriller, Crime",2021-11-12,6.331,1.7091,Movie
Royalteen: Princess Margrethe,"Drama, Romance",2023-05-11,6.392,1.7036,Movie
Chamatkar,"Romance, Comedy",1992-07-08,6.492,1.6864,Movie
Too Old for Fairy Tales 2,"Family, Comedy, Adventure",2024-03-15,6.457,1.7699,Movie
Dolly Parton's Christmas on the Square,"Comedy, Music, Family, TV Movie",2020-11-22,5.8,1.4255,Movie
Jim Jefferies: This Is Me Now,Comedy,2018-07-13,6.944,2.0795,Movie
Gabriel Iglesias: I'm Sorry for What I Said When I Was Hungry,Comedy,2016-12-20,7.029,1.6826,Movie
Bill Burr Presents: Friends Who Kill,Comedy,2022-06-06,5.403,1.9384,Movie
Christmas Inheritance,"Romance, Comedy",2017-12-15,6.267,1.8526,Movie
Neal Brennan: Blocks,Comedy,2022-11-08,7.059,2.1844,Movie
You & Me & Me,"Romance, Drama",2023-02-09,6.478,1.7747,Movie
Heroin(e),"Documentary, Crime",2017-09-03,6.889,1.8794,Movie
Fast & Furious,"Action, Crime, Thriller",2009-04-02,6.688,1.5933,Movie
Qifarah,"Horror, Thriller",2025-10-09,5.7,1.5849,Movie
Kuttavum Shikshayum,"Crime, Drama",2022-05-27,6.917,1.4787,Movie
The New Yorker at 100,Documentary,2025-08-29,7.018,1.4826,Movie
Furies,"Action, Drama, Thriller",2022-12-30,7.0,1.7856,Movie
Animas,"Thriller, Drama, Horror",2018-10-05,4.956,1.8692,Movie
Band Baaja Baaraat,"Comedy, Drama, Romance",2010-12-10,6.7,1.4372,Movie
Quincy,"Documentary, Music",2018-09-09,7.299,1.6851,Movie
Salvageland,"Western, Thriller",2025-11-26,0.0,1.6417,Movie
The Menendez Brothers,Documentary,2024-10-07,7.264,1.506,Movie
Trees of Peace,Drama,2021-04-01,7.2,1.7708,Movie
"Instadocs: Alex Murdaugh, Unconvicted",Documentary,2026-05-30,6.688,1.9829,Movie
The Last Days,"Documentary, History",1998-10-23,7.419,1.6626,Movie
Planet Single: Greek Adventure,"Comedy, Romance",2025-08-26,5.274,1.5699,Movie
Down the Rabbit Hole,"Comedy, Drama",2024-04-30,6.805,1.7088,Movie
Ludo,"Crime, Comedy",2020-11-12,7.204,1.7544,Movie
Patton Oswalt: Talking for Clapping,"Comedy, Documentary, TV Movie",2016-04-22,6.642,1.9244,Movie
Blue Jay,"Drama, Romance",2016-10-07,7.004,1.6313,Movie
Off Track 2,"Comedy, Drama",2025-05-23,5.7,1.5528,Movie
The Best of Netflix Is a Joke: The Festival,"Comedy, Documentary",2022-07-17,2.5,1.6465,Movie
Daughters,Documentary,2024-08-09,6.986,1.615,Movie
Rest in Peace,Drama,2024-03-21,5.851,1.7951,Movie
You've Got This,"Romance, Comedy",2020-10-02,7.885,1.6625,Movie
Dilan 1983,"Drama, Romance, Family, Comedy",2024-06-13,6.3,1.6444,Movie
Odum Kuthira Chadum Kuthira,"Drama, Romance, Comedy",2025-08-28,5.4,1.4511,Movie
One-Way to Tomorrow,"Comedy, Romance",2020-06-19,5.523,1.5437,Movie
Maareesan,"Thriller, Drama, Action",2025-07-25,7.02,1.6985,Movie
Mike Epps: Indiana Mike,Comedy,2022-03-29,5.375,2.04,Movie
The Great Seduction,"Drama, Comedy",2023-08-30,6.748,1.5032,Movie
Too Old for Fairy Tales,"Family, Comedy",2022-03-18,6.309,1.628,Movie
The Stone,"Crime, Thriller, Drama",2025-04-03,7.133,1.5637,Movie
The Forty-Year-Old Version,"Comedy, Drama, Music",2020-10-02,6.708,1.6396,Movie
Guillermo del Toro's Pinocchio: Handcarved Cinema,Documentary,2022-12-09,7.5,1.4356,Movie
Trinil,"Drama, Horror, Thriller",2024-01-04,4.4,1.4305,Movie
The Silence of the Marsh,Thriller,2019-11-08,5.243,1.6535,Movie
Sheriff,"Action, Crime, Thriller, Drama, Mystery",2024-04-18,7.595,1.533,Movie
Force 2,"Action, Adventure, Crime",2016-11-18,6.7,1.0555,Movie
Lifeline,"Action, Thriller",1997-01-03,7.2,1.9382,Movie
Dhamaka,"Thriller, Drama, Crime",2021-11-19,6.814,1.6233,Movie
The Land of Steady Habits,"Drama, Comedy",2018-09-12,5.556,1.6024,Movie
Chris D'Elia: No Pain,Comedy,2020-04-14,6.595,1.9068,Movie
Arlo the Alligator Boy,"Animation, Comedy, Family, Music, Adventure",2021-04-16,6.75,1.8025,Movie
King of Clones,Documentary,2023-06-23,7.014,1.6299,Movie
Ferry 2,"Action, Drama, Crime, Thriller",2024-12-19,5.966,1.7468,Movie
Have a Good Trip: Adventures in Psychedelics,"Documentary, Comedy",2020-05-11,6.583,1.5733,Movie
Larissa: The Other Side of Anitta,"Documentary, Music",2025-03-06,7.1,1.631,Movie
Detective Byomkesh Bakshy!,"Crime, Mystery, Thriller",2015-04-02,6.795,1.4488,Movie
Tere Ishk Mein,"Romance, Drama",2025-11-28,5.364,1.6183,Movie
"My Brother, My Sister",Drama,2021-10-08,6.415,1.4572,Movie
The Fable,"Action, Comedy, Crime",2019-06-21,6.733,1.6002,Movie
Abang Adik,"Drama, Crime",2023-12-01,7.7,1.6099,Movie
Forever Rich,"Crime, Comedy, Drama",2021-10-01,6.468,1.3555,Movie
Dabangg 3,"Action, Comedy, Crime",2019-12-20,4.8,1.7257,Movie
10 Days of a Curious Man,"Thriller, Drama, Crime",2024-11-06,6.163,1.661,Movie
Mantra Warrior: The Legend of The Eight Moons,"Animation, Action, Adventure, Fantasy, Science Fiction",2023-10-11,7.4,1.5912,Movie
Christopher - A Beautiful Real Life,"Documentary, Music",2025-08-26,7.7,1.4623,Movie
Jeff Dunham: Relative Disaster,Comedy,2017-09-12,6.609,1.8692,Movie
Pete Davidson: Turbo Fonzarelli,Comedy,2024-01-09,6.513,1.7764,Movie
"Kiss, Kiss!","Romance, Comedy",2023-04-26,5.3,1.5775,Movie
Shane Gillis: Beautiful Dogs,Comedy,2023-09-05,7.009,1.5248,Movie
"You, Always","Comedy, Romance",2026-05-01,5.857,1.7503,Movie
Tu Jhoothi Main Makkaar,"Comedy, Romance, Family",2023-03-08,6.287,1.5914,Movie
All the Places,"Comedy, Drama",2023-02-14,6.658,1.6256,Movie
Despite Everything,Comedy,2019-03-16,6.011,1.4671,Movie
Ibiza,"Comedy, Romance",2018-05-25,5.705,1.7694,Movie
That's Amor,"Romance, Comedy",2022-08-25,5.1,1.7871,Movie
I'm Glad It's Christmas,"TV Movie, Comedy, Romance, Drama",2022-11-26,5.741,1.6024,Movie
Up Next: Silvio Santos,"Drama, Comedy",2025-11-20,6.9,1.5551,Movie
Pete Davidson: Alive from New York,Comedy,2020-02-25,6.187,1.9704,Movie
No Pressure,"Romance, Comedy",2024-03-27,5.403,1.5813,Movie
Sun Dog,"Drama, Fantasy",2020-01-26,4.0,1.7634,Movie
Your Son,"Drama, Thriller",2018-11-09,5.772,1.6969,Movie
Love in a Puff,"Comedy, Drama, Romance",2010-03-25,7.0,1.6115,Movie
Ilary Blasi: The One and Only,Documentary,2023-11-24,5.701,1.6871,Movie
Mixtape,"Comedy, Family",2021-12-03,6.935,1.7001,Movie
Hum Tum,"Romance, Family, Comedy, Drama",2004-05-28,6.428,1.5726,Movie
Chalte Chalte,"Comedy, Drama, Romance",2003-06-12,6.259,1.6296,Movie
Missing,Drama,2024-05-17,7.308,1.7716,Movie
Padu,Drama,2024-06-06,0.0,1.6631,Movie
Kho Gaye Hum Kahan,"Drama, Comedy",2023-12-26,6.57,1.6171,Movie
Technoboys,"Comedy, Music",2024-09-05,6.284,1.852,Movie
Leanne Morgan: Unspeakable Things,Comedy,2025-11-03,5.8,1.7037,Movie
Mysteries of the Terracotta Warriors,Documentary,2024-06-11,6.723,1.715,Movie
The Hall: Honoring the Greats of Stand-Up,"Comedy, Documentary",2022-05-19,6.0,1.4314,Movie
Iraivan,"Action, Thriller",2023-09-28,5.267,1.583,Movie
Pinkfong Sing-Along Movie 3: Catch the Gingerbread Man,"Animation, Family, Music",2023-07-26,0.0,1.683,Movie
Anthony Jeselnik: Fire in the Maternity Ward,"Comedy, Documentary",2019-04-30,6.982,1.8688,Movie
In Good Hands,"Drama, Comedy, Romance",2022-03-21,6.6,1.5772,Movie
Lost in Perfection,"Crime, Drama, Mystery, Thriller",2023-10-27,5.5,1.6891,Movie
Monster Run,"Action, Adventure, Fantasy",2020-08-18,5.703,1.4555,Movie
Pagglait,"Drama, Comedy",2021-03-26,6.58,1.5629,Movie
Test,"Drama, Thriller",2025-04-04,5.8,1.6161,Movie
Black Beach,"Drama, Thriller",2020-09-25,5.753,1.6273,Movie
Strawberry Shortcake and the Beast of Berry Bog,"Animation, Family, TV Movie",2023-09-22,6.731,1.5734,Movie
The Awakening of Motti Wolkenbruch,Comedy,2018-07-05,6.016,1.4824,Movie
Basma,Drama,2024-03-05,7.088,1.5631,Movie
Love You To Debt,"Drama, Romance, Action",2024-04-25,6.857,1.4795,Movie
Behind the Curtain: Stranger Things: The First Shadow,Documentary,2025-04-14,7.343,1.6579,Movie
Pinkfong & Baby Shark's Space Adventure,"Animation, Family, Music, Science Fiction",2019-12-08,4.714,1.7379,Movie
Chris D'Elia: Incorrigible,Comedy,2015-04-17,6.129,1.9083,Movie
Untold: Hall of Shame,"Documentary, Crime",2023-08-15,6.591,1.5437,Movie
Hot Gimmick: Girl Meets Boy,"Drama, Romance",2019-06-28,5.941,1.5763,Movie
Article 370,"Action, Thriller, Drama",2024-02-23,7.104,1.6611,Movie
Mo Gilligan: In the Moment,Comedy,2026-02-03,7.2,1.477,Movie
"Deon Cole: Ok, Mister",Comedy,2024-09-16,5.889,1.8409,Movie
Trevor Noah: I Wish You Would,Comedy,2022-11-21,6.865,1.8569,Movie
A Wonderful World,"Comedy, Drama",2006-03-17,7.66,1.3672,Movie
Sikandar Ka Muqaddar,"Thriller, Crime, Mystery",2024-11-29,5.7,1.5248,Movie
The Perfect Dictatorship,"Drama, Comedy",2014-10-16,7.408,1.5663,Movie
Take Care of Maya,Documentary,2023-06-10,7.652,1.5738,Movie
Kabuki Akadō Suzunosuke,"Action, Fantasy, Drama",2022-06-16,10.0,1.6712,Movie
Disconnect: The Wedding Planner,"Romance, Comedy",2023-01-13,6.9,1.5418,Movie
I Am the Pretty Thing That Lives in the House,"Horror, Mystery",2016-09-10,4.608,1.5838,Movie
Gunday,"Action, Crime, Drama",2014-02-14,4.9,1.489,Movie
RRR: Behind & Beyond,Documentary,2024-12-20,7.5,1.4771,Movie
Bhool Bhulaiyaa 2,"Horror, Comedy",2022-05-20,6.143,1.6288,Movie
Swing Into Romance,"Romance, Comedy, TV Movie",2023-10-07,7.4,1.5974,Movie
Rabbids Invasion: Mission To Mars,"Animation, Comedy",2021-09-29,6.9,1.5739,Movie
Larva Pendant,"Comedy, Family, Animation",2022-05-25,7.3,1.5114,Movie
Michael Che Matters,"Comedy, TV Movie",2016-11-25,6.869,1.8898,Movie
Puff: Wonders of the Reef,Documentary,2021-10-01,7.643,1.5634,Movie
Dhamaka,"Action, Comedy",2022-12-23,4.3,1.6888,Movie
Adagio,"Crime, Thriller, Action",2023-12-14,6.621,1.3996,Movie
Disaster Holiday,"Comedy, Family",2024-12-12,6.677,1.5632,Movie
Merry Christmas,"Drama, Mystery, Thriller",2024-01-12,6.825,1.6651,Movie
Anthony Jeselnik: Thoughts and Prayers,Comedy,2015-10-16,7.398,1.8459,Movie
Gippi,"Romance, Comedy",2013-05-10,5.3,1.681,Movie
Barbie and Stacie to the Rescue,"Animation, Family",2024-03-03,6.2,1.9736,Movie
Sarah Millican: Late Bloomer,Comedy,2025-12-15,5.2,1.773,Movie
Qorin,Horror,2022-12-01,4.375,1.5128,Movie
Tashan,"Action, Romance",2008-04-25,4.5,1.6022,Movie
Rosa Peral's Tapes,Documentary,2023-09-08,5.711,1.672,Movie
The Last Paradiso,"Drama, Romance",2021-02-05,5.742,1.8557,Movie
A Vampire in the Family,Comedy,2023-12-23,5.286,1.5559,Movie
"All's Well, End's Well 2009","Comedy, Romance",2009-01-22,5.0,1.6023,Movie
A Brush with Christmas,"Romance, Comedy, Drama, TV Movie",2022-12-18,5.686,1.4883,Movie
Cactus Pears,"Drama, Romance",2025-09-19,8.1,1.5222,Movie
A Secret Love,Documentary,2020-04-06,7.369,1.7705,Movie
Untold: The Liver King,Documentary,2025-05-12,5.923,1.8615,Movie
The Four of Us,"Comedy, Romance, Drama",2021-10-15,5.468,1.4543,Movie
Kathal,"Comedy, Drama",2023-05-19,6.196,1.7763,Movie
Ultras,Drama,2020-03-09,6.146,1.5119,Movie
Maharaj,"Drama, History",2024-06-21,6.883,1.4679,Movie
Bill Burr: Walk Your Way Out,Comedy,2017-01-31,6.909,1.8518,Movie
"Thank You, I'm Sorry","Comedy, Drama",2023-12-26,5.694,1.4476,Movie
Duplicate,"Action, Comedy",1998-05-08,6.1,1.3909,Movie
Honeymoon,"Comedy, Drama",2022-10-25,7.0,1.8512,Movie
Love Destiny: The Movie,"Romance, Comedy, History",2022-07-28,7.1,1.5215,Movie
And Tomorrow the Entire World,"Crime, Drama, Romance",2021-10-07,6.0,1.5271,Movie
Laila Majnu,"Drama, Romance",2018-09-07,6.8,1.7193,Movie
One More Time,"Comedy, Drama, Romance",2023-04-12,5.812,1.8398,Movie
Octonauts and the Caves of Sac Actun,"Family, Animation, Adventure",2020-08-14,6.7,1.3853,Movie
The Wonder Weeks,"Comedy, Drama",2023-06-09,5.705,1.5643,Movie
Untold: Hope Solo vs. U.S. Soccer,Documentary,2024-09-02,6.5,1.3676,Movie
Forever Out of My League,"Romance, Comedy",2022-01-31,6.0,1.5759,Movie
Don't Kill Me,Horror,2021-04-21,4.578,1.6146,Movie
Eternal Summer,"Drama, Romance",2006-10-13,6.087,1.5991,Movie
Bhool Bhulaiyaa 3,"Horror, Comedy",2024-11-01,5.532,1.5742,Movie
The Murderer,"Comedy, Mystery, Crime, Thriller",2023-07-27,6.776,1.7179,Movie
Student Of The Year,"Comedy, Drama, Romance",2012-10-19,5.799,1.8612,Movie
Missing: The Lucie Blackman Case,"Documentary, Crime",2023-07-26,7.0,1.4717,Movie
A Second Chance: Rivals!,"Drama, Family",2019-09-21,6.926,1.7159,Movie
Doom of Love,"Romance, Drama",2022-06-20,6.661,1.4558,Movie
Izla,"Comedy, Horror",2021-10-22,4.2,1.4654,Movie
Dasvi,"Drama, Comedy",2022-04-07,6.171,1.5625,Movie
Maria,"Action, Crime",2019-03-07,6.028,1.3827,Movie
Vaathi,"Drama, Action",2023-02-16,6.771,1.4954,Movie
I Don't Expect Anyone to Believe Me,"Comedy, Crime, Drama",2023-11-22,6.412,1.4473,Movie
The Seat,Documentary,2025-05-05,7.438,1.7203,Movie
Virunga,"Documentary, War",2014-11-07,7.904,1.6483,Movie
Patton Oswalt: Annihilation,"Comedy, Documentary",2017-10-17,7.066,1.8418,Movie
Concrete Cowboy,"Drama, Western",2020-09-13,6.1,1.4427,Movie
The Guide to the Perfect Family,"Comedy, Drama",2021-07-14,6.5,1.3896,Movie
Thar,"Western, Action, Thriller, Drama, Crime",2022-05-06,5.895,1.4896,Movie
The Figo Affair: The Transfer That Changed Football,Documentary,2022-08-25,6.871,1.8234,Movie
Falling in Love Like in Movies,"Comedy, Drama, Romance",2023-11-30,8.769,1.4234,Movie
Love,Thriller,2020-10-15,6.3,1.6216,Movie
The After,Drama,2024-02-16,5.594,1.4526,Movie
Lal Patthar,Drama,1971-12-31,7.667,1.2401,Movie
Tigertail,Drama,2020-04-10,6.729,1.2745,Movie
Rocko's Modern Life: Static Cling,"Animation, Comedy, TV Movie, Family",2019-08-09,6.6,1.5471,Movie
Kaatteri,"Comedy, Horror",2022-08-05,3.3,1.4296,Movie
Cedric the Entertainer: Live from the Ville,"Comedy, Documentary, TV Movie",2016-09-16,5.692,1.7475,Movie
Michael Che: Shame the Devil,Comedy,2021-11-16,6.792,1.7307,Movie
Sunday's Illness,Drama,2018-02-23,6.622,1.4195,Movie
Humpty Sharma Ki Dulhania,"Drama, Comedy, Romance",2014-07-11,6.439,1.6396,Movie
A Nonsense Christmas with Sabrina Carpenter,"Music, Comedy",2024-12-05,6.7,1.5966,Movie
House of Ga'a,"Action, History",2024-07-26,5.554,1.6703,Movie
"El Especial de Alex Fernández, el Especial",Comedy,2017-10-13,5.5,1.6167,Movie
"Norm Macdonald: Hitler's Dog, Gossip & Trickery",Comedy,2017-05-09,6.879,1.8091,Movie
Ta Ra Rum Pum,"Family, Comedy, Romance",2007-04-27,6.217,1.3973,Movie
May the Devil Take You,"Horror, Mystery, Thriller",2018-08-09,6.209,1.7219,Movie
6 Years,"Romance, Drama",2015-03-14,5.425,1.7212,Movie
Dragons: Rescue Riders: Hunt for the Golden Dragon,"Animation, Family, TV Movie",2020-03-27,6.7,1.4548,Movie
CMXXIV,Comedy,2025-12-31,6.685,1.7915,Movie
Dragons: Rescue Riders: Secrets of the Songwing,"Animation, Family, TV Movie",2020-07-24,7.3,1.4925,Movie
Agneepath,"Action, Crime, Drama",1990-02-16,6.3,1.5071,Movie
Ivy + Bean,"Family, Adventure, Comedy",2022-09-02,6.7,1.4326,Movie
Bhola Shankar,"Action, Crime, Drama, Thriller",2023-08-10,3.5,1.3383,Movie
I'm No Longer Here,Drama,2019-10-21,7.9,1.6291,Movie
Bunty Aur Babli,"Comedy, Crime, Romance",2005-05-27,6.348,1.4265,Movie
Adú,Drama,2020-01-31,6.858,1.4356,Movie
Deon Cole: Charleen's Boy,Comedy,2022-11-15,7.25,1.7846,Movie
Seventeen,"Drama, Comedy",2019-09-21,7.304,1.459,Movie
Zero to Hero,Drama,2021-08-12,7.1,1.4602,Movie
A Brother and 7 Siblings,"Drama, Family",2025-01-23,8.417,1.3658,Movie
Race 3,"Thriller, Action, Crime, Adventure",2018-06-15,3.6,1.4591,Movie
Neal 'N' Nikki,"Comedy, Romance",2005-12-09,3.929,1.4891,Movie
On My Skin,Drama,2018-09-12,8.013,1.5139,Movie
Anima,Music,2019-06-26,7.273,1.3358,Movie
The Last Shot,"Crime, Drama, Action",2025-11-27,6.0,1.5043,Movie
A Journey,Drama,2024-04-13,7.224,1.5536,Movie
Bayonet,Drama,2018-11-09,6.1,1.6569,Movie
Sui Dhaaga - Made in India,"Comedy, Drama, Family",2018-09-28,7.238,1.3342,Movie
Maya Memsaab,"Drama, Mystery, Romance",1993-07-02,5.7,1.4183,Movie
Chris & Martina: The Final Set,Documentary,2026-06-10,7.5,1.6806,Movie
CBI 5: The Brain,"Crime, Thriller",2022-05-01,4.412,1.5066,Movie
Zero to Hero,"Romance, Comedy, Music",2023-10-05,6.435,1.4262,Movie
"¡Ay, mi madre!",Comedy,2019-03-29,4.657,1.6038,Movie
Into the Inferno,Documentary,2016-09-07,6.93,1.5851,Movie
Chris D'Elia: Man on Fire,Comedy,2017-06-27,6.196,1.8938,Movie
Stutz,Documentary,2022-11-13,7.455,1.4749,Movie
Secret Lives of Orangutans,Documentary,2024-08-21,7.5,1.3347,Movie
Trespassers,"Drama, Mystery, Comedy, TV Movie",2024-01-03,7.077,1.5222,Movie
Fall Into Winter,"TV Movie, Comedy, Romance",2023-01-28,5.708,1.5017,Movie
Erax,"Mystery, Family",2022-02-17,4.7,1.4723,Movie
2nd Miracle in Cell No. 7,"Drama, Comedy, Family",2024-12-25,8.4,1.5465,Movie
Color Book,Drama,2024-06-08,9.4,1.3782,Movie
Struggle: The Life and Lost Art of Szukalski,Documentary,2018-12-20,7.525,1.4174,Movie
The Archies,"Comedy, Drama, Romance",2023-12-07,5.6,1.4083,Movie
Brothers,"Action, Drama",2015-08-14,6.4,1.4931,Movie
Sahara,Drama,2018-11-18,1.333,1.5465,Movie
Jim Jefferies: Two Limb Policy,Comedy,2025-08-11,6.742,1.8453,Movie
83,"Drama, History",2021-12-23,7.239,1.6415,Movie
Jim Gaffigan: Beyond the Pale,Comedy,2006-01-29,7.005,1.5849,Movie
Jeff Dunham: Beside Himself,Comedy,2019-09-24,7.423,1.7707,Movie
Dry Martina,"Comedy, Drama",2018-06-21,5.784,1.4755,Movie
Royalteen,"Romance, Drama",2022-08-17,5.829,1.463,Movie
Curse of the Seven Seas,"Horror, Thriller",2024-11-07,5.7,1.6876,Movie
The Fakenapping,Comedy,2025-12-06,6.409,1.4596,Movie
Is That Black Enough for You?!?,Documentary,2022-10-09,6.066,1.4946,Movie
Barry,Drama,2016-09-10,5.666,1.6402,Movie
Adili Idola Celebrity Roast: Fedi Nuril,Comedy,2026-05-21,7.0,1.3478,Movie
A Girl and A Guy,"Drama, Romance, Comedy",2021-06-24,4.545,1.3574,Movie
A California Christmas: City Lights,"Romance, Comedy, Drama",2021-12-16,6.6,1.677,Movie
Skywalkers: A Love Story,Documentary,2024-07-12,7.169,1.4522,Movie
See You Yesterday,"Science Fiction, Drama, Adventure, Crime, Action",2019-05-03,5.545,1.5138,Movie
Girlfriend's Day,"Comedy, Drama",2017-01-24,5.006,1.3767,Movie
Gladbeck: The Hostage Crisis,Documentary,2022-06-08,7.514,1.515,Movie
Solo,"Thriller, Drama, Adventure",2018-08-03,5.432,1.6195,Movie
Once Upon a Star,Drama,2023-10-09,6.625,1.3035,Movie
In Family I Trust,"Comedy, Romance",2019-01-18,6.196,1.5279,Movie
In Good Hands 2,"Drama, Comedy, Romance",2024-05-22,6.844,1.4624,Movie
Reggie Watts: Spatial,Comedy,2016-12-06,5.667,1.7372,Movie
Hello Babies,Comedy,2014-01-11,5.1,1.4422,Movie
How to Get Over a Breakup,Comedy,2018-05-31,6.8,1.3053,Movie
Trust No One: The Hunt for the Crypto King,"Documentary, Crime",2022-03-30,6.101,1.7605,Movie
Rising Phoenix,Documentary,2020-08-26,8.118,1.3717,Movie
Virupaksha,"Horror, Mystery, Thriller",2023-04-20,6.659,1.3644,Movie
The Art of War III: Retribution,"Action, Adventure, Thriller",2009-08-24,4.061,1.5117,Movie
Matter of Time,"Documentary, Music",2025-06-12,8.4,1.2991,Movie
Masha and the Bear: 12 Months,"Comedy, Animation, Adventure",2022-12-15,8.1,1.728,Movie
I Missed You,"Romance, Drama, Family",2021-02-10,6.3,1.1691,Movie
F*ck Love Too,"Comedy, Romance",2022-05-20,5.3,1.6593,Movie
Handsome: A Netflix Mystery Movie,Comedy,2017-05-05,5.26,1.4376,Movie
UFO,"Drama, Romance",2022-02-23,6.152,1.468,Movie
One 2 Ka 4,"Action, Drama, Comedy",2001-03-30,5.596,1.5345,Movie
"The Haunted Apartment: ""Miss K""","Horror, Thriller, Mystery",2024-12-25,5.6,1.46,Movie
Octonauts and the Great Barrier Reef,"Family, Animation, Adventure",2020-11-12,5.4,1.3168,Movie
ManSuang,"Drama, Mystery",2023-08-24,6.9,1.3903,Movie
Big Mäck: Gangsters and Gold,Documentary,2023-01-20,6.986,1.5369,Movie
Tomorrow,Drama,2022-02-12,4.5,1.4108,Movie
The Disciple,"Drama, Music",2020-09-27,6.746,1.4372,Movie
Rekonek,"Drama, Family",2025-12-25,0.0,1.5443,Movie
Louis C.K.: Ridiculous,Comedy,2026-06-30,6.125,1.5181,Movie
BRO,"Comedy, Drama, Fantasy",2023-07-27,6.313,1.3677,Movie
Dining with the Kapoors,"Documentary, Family",2025-11-20,4.0,1.3526,Movie
Go! The Unforgettable Party,"Music, Family, Drama, TV Movie",2019-11-15,7.459,1.4809,Movie
All Day and a Night,Drama,2020-05-01,6.243,1.4106,Movie
Jim Norton: Mouthful of Shame,"Comedy, TV Movie, Documentary",2017-03-14,6.4,1.2524,Movie
"Ken Jeong: You Complete Me, Ho","Comedy, Documentary",2019-02-14,5.787,1.8548,Movie
Darlings,Comedy,2022-08-05,7.0,1.6408,Movie
Sunny Sanskari Ki Tulsi Kumari,"Romance, Comedy, Family",2025-10-02,5.9,1.3439,Movie
The Making of Jay Kelly,Documentary,2025-12-04,6.429,1.5443,Movie
Suffocating Love,"Romance, Fantasy, Drama",2024-07-12,6.1,1.6249,Movie
Chelsea Handler: Revolution,Comedy,2022-12-27,5.611,1.7889,Movie
Untold: Operation Flagrant Foul,Documentary,2022-08-30,7.027,1.2976,Movie
Hijack '93,"Thriller, Drama",2024-10-24,5.618,1.5387,Movie
Shaandaar,"Comedy, Romance",2015-10-22,4.313,1.435,Movie
Sam Morril: Same Time Tomorrow,Comedy,2022-09-01,6.857,1.446,Movie
Maybe Baby 2,Comedy,2024-11-21,7.1,1.4473,Movie
Kadaseela Biriyani,"Crime, Drama, Comedy",2021-11-19,6.9,1.2317,Movie
Ullozhukku,Drama,2024-06-21,7.0,1.3994,Movie
Hospital,Horror,2020-12-31,5.761,1.3779,Movie
Ghost Stories,Horror,2020-01-01,5.2,1.472,Movie
A Night at the Kindergarten,Comedy,2022-12-28,6.0,1.35,Movie
Uppena,"Romance, Drama",2021-02-12,5.75,1.4023,Movie
Weathering,Thriller,2023-04-07,4.888,1.502,Movie
An Action Hero,"Action, Thriller, Comedy",2022-12-02,6.5,1.4161,Movie
Untold: The Fall of Favre,Documentary,2025-05-19,5.87,1.2499,Movie
Caught by a Wave,"Drama, Romance",2021-03-25,6.583,1.5146,Movie
The Martha Mitchell Effect,"Documentary, Crime, History",2022-01-20,6.399,1.3382,Movie
Forever,Drama,2023-07-07,6.603,1.5621,Movie
Hurricane Season,"Drama, Thriller, Crime",2023-11-01,6.9,1.4655,Movie
Making The Witcher,"Documentary, TV Movie",2020-08-25,7.097,1.7556,Movie
Jerry Before Seinfeld,"Comedy, Documentary",2017-09-19,6.739,2.023,Movie
40 Years Young,Comedy,2022-03-10,5.8,1.3125,Movie
Bartkowiak,"Action, Thriller",2021-07-28,6.025,1.7575,Movie
Christmas As Usual,"Romance, Comedy, Drama",2023-12-06,5.905,1.3822,Movie
Dancing with the Birds,Documentary,2019-10-23,7.727,1.5665,Movie
Yiya Murano: Death at Tea Time,Documentary,2026-04-16,6.8,1.4382,Movie
Rebirth,Thriller,2016-04-17,4.7,1.4271,Movie
What Happened to Mr. Cha?,Comedy,2021-01-01,6.9,1.2158,Movie
Outstanding: A Comedy Revolution,"Documentary, Comedy",2024-06-07,6.2,1.4605,Movie
Bharathanatyam,"Comedy, Drama",2024-08-30,7.382,1.493,Movie
Mission Majnu,"Thriller, Action, Drama, History",2023-01-20,6.8,1.7192,Movie
The Ghazi Attack,"Action, War, Thriller, History",2017-02-17,7.104,1.4558,Movie
Kabhi Haan Kabhi Naa,"Romance, Comedy, Drama",1994-02-25,6.7,1.4428,Movie
A Not So Merry Christmas,"Comedy, Family",2022-12-20,6.7,1.5547,Movie
Atlantics,"Drama, Romance, Fantasy",2019-10-02,6.7,1.5892,Movie
The House of Flowers: The Movie,Drama,2021-06-22,7.923,1.4289,Movie
Sorgavaasal,"Action, Crime, Thriller, Drama",2024-11-29,6.714,1.3668,Movie
Everybody Loves Me When I'm Dead,"Thriller, Crime, Drama",2025-10-10,6.417,1.7858,Movie
The Festival of Troubadours,Drama,2022-09-02,5.849,1.3683,Movie
Shehzada,"Action, Comedy, Drama, Romance",2023-02-17,5.717,1.7263,Movie
Mixed by Erry,"Comedy, History, Music",2023-03-02,7.44,1.3956,Movie
Untold: Breaking Point,Documentary,2021-09-07,7.566,1.3207,Movie
The Man Without Gravity,"Fantasy, Drama, Comedy",2019-10-21,7.0,1.4711,Movie
Angèle,"Documentary, Music",2021-11-26,7.029,1.987,Movie
Si Juki the Movie: Harta Pulau Monyet,"Animation, Adventure, Comedy, Family, Fantasy",2024-06-27,7.0,1.4661,Movie
Plan A Plan B,"Romance, Comedy",2022-09-30,5.75,1.3692,Movie
Sun Dogs,"Drama, Comedy, Adventure",2017-06-18,6.47,1.4022,Movie
Home Sweet Loan,"Drama, Family, Comedy",2024-09-26,8.1,1.3634,Movie
The Worthy,"Thriller, Action, Science Fiction",2016-10-08,4.883,1.5765,Movie
To Kill a Tiger,Documentary,2023-10-20,7.571,1.4442,Movie
Chhota Bheem: Journey to Petra,"Animation, Adventure",2011-05-01,0.0,1.4197,Movie
The Legacy of a Whitetail Deer Hunter,Comedy,2018-03-10,5.165,1.2736,Movie
Fast & Furious 6,"Action, Thriller, Crime",2013-05-21,6.816,1.4147,Movie
Broad Peak,"Drama, History",2022-09-09,5.81,1.294,Movie
The Incredible Jessica James,"Romance, Comedy",2017-01-27,6.158,1.3512,Movie
The Getaway King,"Comedy, Crime, Action",2021-09-17,6.268,1.2857,Movie
Ajeeb Daastaans,"Drama, Romance",2021-04-16,6.1,1.3303,Movie
Misha and the Wolves,"Documentary, Mystery",2021-09-03,6.9,1.358,Movie
Goodbye,"Drama, Comedy, Family",2022-10-07,7.444,1.3614,Movie
Kaala Patthar,"Drama, Action, Thriller",1979-08-09,7.5,1.341,Movie
DEVO,"Documentary, Music",2024-01-21,7.7,1.3281,Movie
The Secret Diary of an Exchange Student,"Comedy, Romance",2021-08-18,6.503,1.5423,Movie
Come Sunday,Drama,2018-01-21,5.835,1.252,Movie
Buddy,"Action, Comedy",2024-08-02,3.5,1.5571,Movie
Forensic,"Crime, Thriller",2020-02-28,6.663,1.3955,Movie
Super Monsters Furever Friends,"Fantasy, Animation",2019-04-16,5.5,1.3372,Movie
Cici,Drama,2022-10-27,6.3,1.3645,Movie
Sounds Like Love,"Comedy, Romance",2021-09-29,6.368,1.4612,Movie
The Man Who Loved UFOs,"Drama, Comedy, Fantasy",2024-10-10,6.583,1.4763,Movie
Notes for My Son,Drama,2020-11-24,7.443,1.3276,Movie
Wedding Games,"Comedy, Romance",2023-11-24,4.938,1.3643,Movie
The Perfect Family,"Comedy, Drama, Family",2021-12-03,5.515,1.4767,Movie
Athlete A,Documentary,2020-06-23,7.536,1.446,Movie
Miss Italia Mustn't Die,Documentary,2025-02-26,6.676,1.2038,Movie
And the Breadwinner Is...,"Comedy, Family, Drama",2025-01-02,7.1,1.2653,Movie
Ae Dil Hai Mushkil,"Romance, Drama",2016-10-27,6.393,1.7507,Movie
American Son,"Drama, TV Movie",2019-09-12,6.042,1.3175,Movie
Britain and the Blitz,Documentary,2025-05-05,7.217,1.3081,Movie
Fanatyk,"Drama, Comedy",2017-12-24,6.732,1.4471,Movie
A Farewell to Ozark,Documentary,2022-04-29,6.674,1.447,Movie
Deon Cole: Cole Hearted,Comedy,2019-10-08,6.531,1.6829,Movie
24 Hours with Gaspar,"Action, Crime, Drama, Mystery, Science Fiction, Thriller",2023-10-06,6.557,1.4149,Movie
The Father Who Moves Mountains,"Drama, Thriller",2021-07-23,5.8,1.3245,Movie
The Girl on the Train,"Drama, Thriller",2021-02-26,5.737,1.5717,Movie
Untold: Jake Paul the Problem Child,Documentary,2023-08-01,5.76,1.4747,Movie
Student of the Year 2,"Romance, Comedy, Drama",2019-05-10,4.172,1.3741,Movie
Mitt,Documentary,2014-01-17,6.328,1.5037,Movie
Cowspiracy: The Sustainability Secret,Documentary,2014-07-01,7.619,1.5073,Movie
Who's a Good Boy?,Comedy,2022-11-23,5.232,1.4915,Movie
Kaapa,"Crime, Action, Drama",2022-12-22,4.75,1.3286,Movie
Little Big Women,Drama,2020-11-06,7.184,1.3547,Movie
Chopsticks,"Comedy, Drama",2019-05-31,6.1,1.3698,Movie
Pray Away,Documentary,2021-06-16,6.693,1.2838,Movie
Biko,"Drama, Romance",2022-10-13,2.0,1.6084,Movie
Vijay,"Drama, Action, Romance",1988-08-12,4.417,1.5072,Movie
Manmadhudu 2,"Comedy, Romance, Drama",2019-08-09,5.077,1.2601,Movie
Burning Sands,Drama,2017-01-24,5.825,1.4632,Movie
Christmas Crossfire,"Comedy, Crime, Thriller",2020-12-04,4.676,1.4694,Movie
Fever Dream,"Thriller, Drama, Mystery",2021-10-06,5.799,1.4237,Movie
All About Gila,Comedy,2022-04-21,5.75,1.2458,Movie
Untold: Malice at the Palace,"Documentary, Crime",2021-08-10,7.238,1.367,Movie
Ricardo O'Farrill: abrazo navideño,Comedy,2016-12-01,4.4,1.4216,Movie
Gaga: Five Foot Two,"Music, Documentary",2017-09-21,7.432,1.5447,Movie
Operation Mistletoe,"TV Movie, Romance, Comedy",2024-11-01,5.75,1.3388,Movie
Oho Enthan Baby,Romance,2025-07-11,5.0,1.4126,Movie
Kaal,"Action, Thriller, Horror",2005-04-29,4.695,1.6187,Movie
Extremis,Documentary,2016-04-17,6.944,1.2432,Movie
Crime Diaries: The Celebrity Stylist,"Crime, Drama, Thriller, Mystery",2023-11-22,6.0,1.2541,Movie
Udta Punjab,"Crime, Drama",2016-06-17,7.267,1.3133,Movie
The Antisocial Network: Memes to Mayhem,Documentary,2024-03-10,6.468,1.3518,Movie
Sometimes,Drama,2017-01-07,7.208,1.4348,Movie
Happiness Is,"Romance, Comedy, Drama",2024-10-17,6.688,1.4955,Movie
Layla Majnun,"Drama, Romance",2021-02-11,7.5,1.3052,Movie
Mission Blue,Documentary,2014-01-30,7.4,1.439,Movie
Sosyal Climbers,"Romance, Comedy",2025-02-26,6.44,1.3257,Movie
Divorce,"Comedy, Drama",2024-09-25,6.456,1.4422,Movie
Stuck Apart,"Comedy, Drama",2021-01-08,6.015,1.1955,Movie
Orgasm Inc: The Story of OneTaste,Documentary,2022-11-05,6.054,1.3505,Movie
The Laws of Thermodynamics,"Romance, Comedy",2018-04-20,5.794,1.5019,Movie
American Symphony,"Documentary, Music",2023-11-24,6.544,1.3654,Movie
Jeff Arcuri: Nice to Meet You,Comedy,2026-07-07,7.1,1.3283,Movie
Dolly Parton: A MusiCares Tribute,"Documentary, Music",2021-04-07,6.7,1.3358,Movie
Umjolo: The Gone Girl,"Romance, Drama, Comedy",2024-11-07,7.673,1.433,Movie
When the Angels Sleep,"Thriller, Crime",2018-09-07,5.542,1.7607,Movie
Lali: Time To Step Up,"Music, Documentary",2025-12-04,5.5,1.4677,Movie
Mary Beth Barone: Galaxy Brain,Comedy,2026-07-28,5.917,1.2582,Movie
The Post-Truth World,"Crime, Mystery, Drama",2022-10-21,6.2,1.4355,Movie
Áfàméfùnà: An Nwa Boi Story,Drama,2023-11-06,0.0,1.5838,Movie
The Bros,Comedy,2017-11-02,6.297,1.4785,Movie
Kath & Kimderella,Comedy,2012-09-06,5.3,1.2434,Movie
Power,Documentary,2024-05-10,6.971,1.341,Movie
Srikanth,Drama,2024-05-10,7.565,1.3706,Movie
Life in a Metro,"Drama, Romance",2007-05-11,6.441,1.4978,Movie
Dream Girl 2,"Comedy, Romance",2023-08-25,5.548,1.4503,Movie
Kelsey Cook: Happy Hour,Comedy,2026-08-18,5.8,1.1899,Movie
Wanda Sykes: I'm an Entertainer,Comedy,2023-05-22,6.609,1.2716,Movie
Shiny_Flakes: The Teenage Drug Lord,"Documentary, Crime",2021-08-02,7.494,1.5105,Movie
Ben Platt: Live from Radio City Music Hall,"Music, Documentary",2020-05-20,7.8,1.2898,Movie
Rewind,"Drama, Romance, Science Fiction",2023-12-25,6.9,1.3186,Movie
The Three Deaths of Marisela Escobedo,"Documentary, Crime",2020-10-14,8.841,1.2324,Movie
White Hot: The Rise & Fall of Abercrombie & Fitch,Documentary,2022-04-19,5.663,1.4276,Movie
1000 Miles From Christmas,"Comedy, Romance, Family",2021-12-24,6.28,1.3521,Movie
Bangarang,,2017-06-26,2.5,1.4065,Movie
Laaga Chunari Mein Daag,"Drama, Romance",2007-10-12,5.429,1.2283,Movie
Renovation Romance,"TV Movie, Romance, Comedy",2024-11-01,6.6,1.461,Movie
Made In China,"Comedy, Drama",2019-10-25,5.826,1.2903,Movie
"To Each, Her Own","Comedy, Romance",2018-06-24,5.049,1.3615,Movie
They'll Love Me When I'm Dead,Documentary,2018-08-31,7.123,1.4607,Movie
Olivia Rodrigo: GUTS World Tour,Music,2024-10-25,7.7,1.328,Movie
All My Friends Are Dead,"Comedy, Drama, Thriller",2020-12-28,5.854,1.8093,Movie
Raangi,"Action, Thriller",2022-12-30,3.1,1.3624,Movie
Christmas at the Drive-In,"TV Movie, Comedy, Romance",2022-11-25,5.766,1.4673,Movie
Mehandi Circus,Drama,2019-04-19,6.0,1.6706,Movie
Diorama,"Romance, Drama, Comedy",2022-05-06,5.4,1.5943,Movie
Badhaai Do,"Comedy, Drama",2022-02-11,6.832,1.1602,Movie
The Invisible Thread,"Family, Drama, Comedy",2022-03-04,6.552,1.4275,Movie
Delivery by Christmas,"Romance, Comedy",2022-12-06,5.9,1.2709,Movie
Sohni Mahiwal,"Romance, Drama, Action",1984-06-28,5.438,1.2112,Movie
A Business Proposal,"Drama, Comedy, Romance",2025-02-06,2.7,1.2494,Movie
Classmates Minus,"Comedy, Drama",2020-11-20,7.1,1.3017,Movie
Paskal,"Action, War, Drama, History, Adventure, Crime",2018-09-27,7.634,1.3621,Movie
Back to School,Comedy,2019-08-30,5.384,1.4357,Movie
A Cinderella Christmas Ball,"Romance, Comedy",2024-11-29,6.118,1.3508,Movie
Animals on the Loose: A You vs. Wild Movie,Adventure,2021-02-16,5.798,1.4192,Movie
Black Is Beltza,"Animation, Drama, Thriller",2018-10-05,5.528,1.3501,Movie
One Hit Wonder,"Romance, Music, Drama",2025-08-21,6.4,1.2979,Movie
Veere Di Wedding,"Drama, Comedy",2018-06-01,4.7,1.402,Movie
Adios Amigo,Drama,2024-08-09,5.5,1.2223,Movie
Tughlaq Durbar,"Drama, Comedy",2021-09-10,5.864,1.2917,Movie
Bank Robbers: The Last Great Heist,Documentary,2022-08-10,6.686,1.4767,Movie
Babah,"Drama, Family",2024-12-05,5.0,1.0988,Movie
Strawberry Shortcake's Spring Spectacular,"Animation, Family",2024-01-25,7.6,1.2692,Movie
Haroun,Comedy,2021-10-27,6.2,1.4698,Movie
4 Kings II,"Drama, Action, Crime",2023-11-30,6.818,1.3183,Movie
Psycho,"Thriller, Drama",2020-01-24,5.1,1.444,Movie
Metro... In Dino,"Drama, Romance, Comedy",2025-07-04,6.4,1.262,Movie
BuyBust,"Action, Drama, Thriller, Crime",2018-08-01,5.894,1.214,Movie
The Killer,"Action, Western",2017-09-13,6.116,1.3991,Movie
Qila,Drama,1998-04-10,5.75,1.361,Movie
Katt Williams: Woke Foke,Comedy,2024-05-04,5.338,1.3795,Movie
Slam,Comedy,2016-11-20,5.8,1.5486,Movie
Not Friends,"Drama, Comedy",2023-10-26,7.364,1.2646,Movie
The Substitute,"Drama, Crime",2022-10-20,5.86,1.4301,Movie
My Boo 2,"Romance, Comedy, Horror",2025-10-30,4.0,1.457,Movie
"Strip Down, Rise Up",Documentary,2021-02-05,6.49,1.2544,Movie
Nee Forever,"Drama, Romance",2026-03-27,0.0,1.4226,Movie
Oh Darling! Yeh Hai India!,Comedy,1995-08-11,4.694,1.3242,Movie
Trainwreck: The Cult of American Apparel,Documentary,2025-06-30,6.138,1.5062,Movie
Thambi,"Thriller, Action",2019-12-19,6.4,1.2839,Movie
Winter on Fire: Ukraine's Fight for Freedom,Documentary,2015-09-03,7.865,1.2844,Movie
Bangarang,Documentary,2024-06-06,8.0,1.4128,Movie
Chandramukhi 2,"Comedy, Horror, Drama",2023-09-28,3.167,1.2585,Movie
Takkar,"Action, Romance",2023-06-09,4.778,1.1583,Movie
Black Holes: The Edge of All We Know,"Documentary, Science Fiction, Mystery",2020-03-18,6.621,1.1321,Movie
Memories of a Murderer: The Nilsen Tapes,Documentary,2021-08-18,5.944,1.4044,Movie
Fenced In,Comedy,2022-09-01,5.679,1.3615,Movie
Spirit Riding Free: Spirit of Christmas,"Animation, Family, Adventure, TV Movie",2019-12-06,6.789,1.4033,Movie
Ghislaine Maxwell: Filthy Rich,Documentary,2022-11-25,6.236,1.1934,Movie
Get Me Roger Stone,Documentary,2017-04-23,7.048,1.2926,Movie
Love Me Instead,Drama,2021-11-19,6.543,1.3408,Movie
Saathiya,"Romance, Drama",2002-12-20,6.148,1.3729,Movie
The Elephant Whisperers,Documentary,2022-12-07,7.273,1.4424,Movie
One Night in Paris,Comedy,2021-10-14,5.2,1.2426,Movie
Jai Mummy Di,"Comedy, Romance",2020-01-16,4.9,1.2277,Movie
Ali Topan,"Action, Drama, Adventure, Romance",2024-02-14,6.9,1.1007,Movie
Isolated,"Horror, Thriller",2025-04-30,7.214,1.1895,Movie
Kill Dil,"Action, Drama, Romance",2014-11-13,5.111,1.1864,Movie
The Anthrax Attacks: In the Shadow of 9/11,"Documentary, Crime",2022-09-08,6.733,1.2197,Movie
The After Party,"Comedy, Music",2018-08-24,6.081,1.3667,Movie
Anweshippin Kandethum,"Crime, Thriller, Drama",2024-02-09,6.956,1.2851,Movie
Malbatt: Misi Bakara,"Action, History, Drama, War",2023-08-24,6.778,1.3939,Movie
The Truth About Jussie Smollett?,Documentary,2025-08-21,5.389,1.1268,Movie
Avicii - My Last Show,"Music, Documentary",2024-12-30,7.537,1.3006,Movie
Monster,"Thriller, Horror",2023-11-29,5.153,1.0584,Movie
Amanda Knox,"Documentary, Crime",2016-09-10,6.6,1.4486,Movie
Counterpunch,Documentary,2017-06-16,6.5,1.3441,Movie
Thandel,"Romance, Action, Drama, Thriller",2025-02-07,6.188,1.495,Movie
Big Nunu's Little Heist,"Comedy, Crime",2023-07-28,6.7,1.3074,Movie
Nobody Knows I'm Here,Drama,2020-04-15,6.659,1.4186,Movie
C4 Cinta,"Romance, Comedy",2024-11-21,0.0,1.8092,Movie
Martha,Documentary,2024-08-31,7.2,1.1407,Movie
Cirkus,"Comedy, Drama",2022-12-23,4.1,1.2608,Movie
Tubelight,"Drama, War",2017-06-22,5.286,1.5287,Movie
Bank Chor,"Comedy, Crime, Thriller",2017-06-16,5.0,1.1944,Movie
Oklahoma City Bombing: American Terror,"Documentary, Crime",2025-04-17,6.833,1.6022,Movie
Deep,"Science Fiction, Thriller, Drama, Mystery",2021-07-16,6.3,1.391,Movie
Scarecrow,Horror,2025-02-07,6.3,1.3168,Movie
Lolo and the Kid,"Drama, Family",2024-08-07,7.756,1.2424,Movie
Been So Long,"Drama, Music, Romance",2018-10-12,5.484,1.2849,Movie
In Waves and War,Documentary,2024-08-31,6.714,1.127,Movie
Wild Wild Punjab,"Comedy, Adventure",2024-07-10,6.438,1.3874,Movie
Jai Ho,"Action, Drama",2014-01-24,4.962,1.6503,Movie
Face Off: The Studio,Action,2016-04-29,5.2,1.1824,Movie
Dum Laga Ke Haisha,"Comedy, Drama, Romance",2015-02-27,7.186,1.3422,Movie
Long Shot,"Crime, Documentary",2017-09-03,7.176,1.3046,Movie
Amigos,"Action, Thriller",2023-02-10,4.5,1.2688,Movie
Habaddi,"Comedy, Drama, Romance",2019-10-26,4.7,1.2638,Movie
Friday Night Plan,"Comedy, Drama",2023-09-01,5.636,1.1701,Movie
Rainbow,"Fantasy, Drama, Comedy, Music",2022-09-18,5.478,1.3025,Movie
Take Your Pills,Documentary,2018-03-09,6.51,1.4846,Movie
Qala,"Drama, Music",2022-11-24,6.726,1.2808,Movie
What the Health,Documentary,2017-03-16,6.774,1.3047,Movie
Temple of Film: 100 Years of the Egyptian Theatre,Documentary,2023-11-09,6.14,1.1442,Movie
Aadikeshava,"Action, Romance",2023-11-23,6.2,1.1666,Movie
"ariana grande: excuse me, i love you","Music, Documentary",2020-12-21,7.936,1.358,Movie
"Berlin, Berlin","Comedy, Drama, Romance",2020-05-08,5.0,1.1887,Movie
Sheng Wang: Purple,Comedy,2026-04-07,6.1,1.5134,Movie
Tell Me When,"Drama, Romance",2020-12-25,6.548,1.2224,Movie
A King Like Me,Documentary,2024-03-10,10.0,1.0179,Movie
Magik Rompak,"Crime, Thriller",2025-09-11,6.0,1.3296,Movie
Jack,"Comedy, Crime, Romance",2025-04-10,6.0,1.347,Movie
Sarah Cooper: Everything's Fine,Comedy,2020-10-27,5.364,1.2369,Movie
Stealing Raden Saleh,"Crime, Drama, Action",2022-08-25,7.553,1.2272,Movie
Faasle,"Drama, Family",1985-09-17,8.0,1.5249,Movie
Ok Jaanu,"Drama, Romance",2017-01-12,5.8,1.1898,Movie
A Perfect Fit,"Romance, Comedy, Drama",2021-07-15,7.257,1.2564,Movie
Pulimada,"Drama, Thriller",2023-10-26,5.7,1.1158,Movie
Tony Hinchcliffe: Man of the People,Comedy,2026-06-09,4.5,1.2359,Movie
Burning Patience,"Romance, Drama",2022-12-07,6.7,1.2523,Movie
Clinical,"Thriller, Horror",2017-01-13,5.3,1.4618,Movie
Deidra & Laney Rob a Train,"Drama, Comedy, Crime",2017-01-23,5.648,1.3053,Movie
Air Force The Movie: Danger Close,"Action, War, Adventure",2022-08-25,6.4,1.1713,Movie
The Falls,Drama,2021-10-29,6.574,1.3137,Movie
The Devil's Mark,Horror,2020-01-03,4.492,1.4965,Movie
Gumrah,"Drama, Action, Crime",1993-08-03,7.0,1.5266,Movie
So Much Love to Give,Comedy,2020-09-09,5.92,1.5064,Movie
Mili,Thriller,2022-11-04,6.545,1.3896,Movie
ReMastered: Devil at the Crossroads,"Music, Documentary",2019-04-26,6.8,1.292,Movie
I Am Vanessa Guillen,Documentary,2022-11-16,7.5,1.3884,Movie
Who Killed Santa? A Murderville Murder Mystery,"Comedy, Crime, TV Movie",2022-12-14,5.96,1.4372,Movie
You Are Not Alone: Fighting the Wolf Pack,Documentary,2024-02-23,7.0,1.2114,Movie
Prime Time,"Drama, Thriller",2021-01-30,5.179,1.2335,Movie
Baggio: The Divine Ponytail,Drama,2021-05-26,6.43,1.3736,Movie
Super Monsters Back to School,Animation,2019-08-16,4.714,1.2758,Movie
Paris Christmas Waltz,"Romance, Comedy, TV Movie",2023-11-19,6.5,1.3026,Movie
Doctor G,"Comedy, Drama",2022-10-14,6.279,1.1472,Movie
Nganù,Drama,2023-11-07,8.5,1.2667,Movie
Marcello Hernández: American Boy,Comedy,2026-01-07,7.326,1.6577,Movie
Kesari,"Action, Drama, History, War",2019-03-21,7.114,1.2186,Movie
Agak Laen,Comedy,2024-02-01,7.152,1.3651,Movie
Creating an Army of the Dead,Documentary,2021-05-21,6.0,1.2527,Movie
A Christmas Prince: The Royal Wedding,"Romance, Comedy, TV Movie",2018-11-30,6.4,1.1885,Movie
Three of Us,Drama,2023-11-03,7.579,1.3286,Movie
Stromboli,Drama,2022-11-03,5.228,1.3313,Movie
Anna Nicole Smith: You Don't Know Me,Documentary,2023-05-16,6.063,1.3141,Movie
Cobalt Blue,"Romance, Drama",2022-04-02,5.956,1.356,Movie
Eerie,"Horror, Crime, Thriller",2019-03-27,5.423,1.0768,Movie
Father Soldier Son,"Documentary, War",2020-04-15,6.5,1.4024,Movie
Barbra: The Music ... The Mem'ries ... The Magic!,Music,2017-11-22,7.071,1.1456,Movie
Becoming,Documentary,2020-05-06,7.199,1.4429,Movie
Dostana,"Drama, Comedy, Romance",2008-11-13,6.15,1.4962,Movie
Close,,2017-05-14,0.0,1.247,Movie
Depeche Mode: M,"Documentary, Music",2025-10-28,8.202,1.2013,Movie
ONE SHOT with Ed Sheeran,Music,2025-11-20,6.905,1.3134,Movie
Amar Singh Chamkila,"Drama, Music",2024-04-12,7.676,1.2202,Movie
Dancing Queens,"Comedy, Drama",2021-06-03,5.949,1.3671,Movie
Trainwreck: Balloon Boy,Documentary,2025-07-14,5.786,1.4822,Movie
Mountain Queen: The Summits of Lhakpa Sherpa,Documentary,2024-07-26,7.603,1.2812,Movie
Khufiya,"Crime, Thriller, Mystery",2023-10-05,6.295,1.3697,Movie
Ìjọ̀gbọ̀n,Drama,2023-10-13,6.6,1.4238,Movie
Meri Pyaari Bindu,"Drama, Romance",2017-05-11,6.2,1.3268,Movie
Cities of Last Things,"Drama, Science Fiction, Crime",2018-12-13,6.392,1.2439,Movie
Mascots,Comedy,2016-09-10,5.406,1.4777,Movie
Delicious Romance,"Drama, Comedy, Romance",2023-04-20,6.6,1.1577,Movie
Luka Chuppi,"Comedy, Romance",2019-03-01,6.0,1.3054,Movie
Confessions of an Invisible Girl,"Comedy, Drama",2021-09-22,6.6,1.3824,Movie
Dil Bole Hadippa!,"Romance, Comedy, Drama",2009-09-18,5.532,1.3562,Movie
"Vengeance Is Mine, All Others Pay Cash","Action, Romance, Comedy",2021-12-02,6.7,1.2772,Movie
Talvar,"Thriller, Drama, Mystery",2015-10-02,7.483,1.4086,Movie
Love Aaj Kal,"Romance, Drama",2020-02-14,5.6,1.2248,Movie
The Skin of the Wolf,"Romance, Drama",2018-03-09,5.503,1.1461,Movie
Russell Peters: Almost Famous,Comedy,2016-10-07,6.281,1.5602,Movie
Queens on the Run,Comedy,2023-04-14,7.069,1.4707,Movie
Badmaash Company,Crime,2010-05-07,5.825,1.2031,Movie
A Merry Christmas Wish,"TV Movie, Comedy, Romance",2022-11-12,5.964,1.3299,Movie
"Ordinary Men: The ""Forgotten Holocaust""","Documentary, History",2022-01-25,7.4,1.3953,Movie
The Last Salute,Documentary,2026-08-26,1.0,1.243,Movie
October Gale,"Thriller, Drama, Romance",2014-09-11,5.014,1.3167,Movie
Eldorado: Everything the Nazis Hate,Documentary,2023-06-27,7.132,1.2963,Movie
"What Happened, Miss Simone?","Music, Documentary",2015-01-22,7.389,0.9414,Movie
Mujrim,"Drama, Action",1989-07-28,8.083,1.44,Movie
The Action Pack Saves Christmas,"Animation, Family",2022-11-28,4.9,1.3455,Movie
Unknown: Cave of Bones,Documentary,2023-07-16,7.1,1.3288,Movie
Nanpakal Nerathu Mayakkam,"Comedy, Drama, Fantasy",2023-01-19,7.063,1.256,Movie
Masameer Junior,"Animation, Comedy, Adventure, Action",2025-06-11,7.857,1.2933,Movie
Yara,Drama,2021-10-18,6.3,1.3843,Movie
Kylie - Tension Tour Live,Music,2026-05-27,6.3,1.1426,Movie
Selena y Los Dinos: A Family's Legacy,"Documentary, Music",2025-01-26,8.956,1.321,Movie
Malang,"Romance, Action, Adventure, Crime, Thriller",2020-02-06,7.015,1.2837,Movie
RedLife,Drama,2023-11-02,5.8,1.3721,Movie
Robby Hoffman: Wake Up,Comedy,2025-12-14,5.0,1.3245,Movie
Biggie: I Got a Story to Tell,"Documentary, Music",2021-03-01,7.096,1.2545,Movie
Japan,"Drama, Comedy, Crime",2023-11-09,3.333,1.2312,Movie
Semi-Soeter,"Romance, Comedy",2025-06-19,6.265,1.4143,Movie
Four to Dinner,"Comedy, Romance",2022-01-05,6.154,1.1898,Movie
Squid Game in Conversation,Documentary,2025-06-26,8.308,1.0663,Movie
Audible,Documentary,2021-04-29,6.801,1.1002,Movie
Three Songs for Benazir,Documentary,2021-06-02,6.171,1.1994,Movie
The Tribe,Comedy,2018-03-16,6.325,1.3589,Movie
The Buckingham Murders,"Crime, Mystery, Thriller",2024-09-13,5.717,1.2359,Movie
Marilyn's Eyes,Comedy,2021-10-14,6.721,1.3125,Movie
Making The Witcher: Season 2,Documentary,2021-12-16,6.847,1.1145,Movie
Wild Is the Wind,"Crime, Drama",2022-10-28,5.651,1.4199,Movie
Saakini Daakini,"Action, Adventure, Comedy",2022-09-16,5.4,1.1634,Movie
Firebrand,Drama,2019-02-22,5.8,1.2982,Movie
Parasite in Love,"Drama, Romance",2021-11-12,6.8,1.2432,Movie
Ramabanam,"Action, Comedy",2023-05-05,3.7,1.1613,Movie
The Ride,"Action, Thriller",2025-09-24,0.0,1.1775,Movie
Dange,"Action, Drama, Thriller",2024-03-01,8.1,1.1843,Movie
The Edge of Democracy,Documentary,2019-01-24,7.658,1.1226,Movie
Chhota Bheem aur Krishna: Pataliputra - City of the Dead,"Action, Adventure, Animation, TV Movie",2009-09-27,5.5,1.1322,Movie
The Third Eye,"Horror, Thriller",2017-11-30,5.722,1.4029,Movie
LOL Surprise: The Movie,"Animation, Family",2021-10-08,6.8,1.3057,Movie
Seven Years,Drama,2016-10-28,6.374,1.161,Movie
WWE Crown Jewel 2025,Action,2025-10-11,7.023,1.2264,Movie
Kangaroo Valley,"Documentary, Family",2022-12-14,6.952,1.2832,Movie
Sardar Ka Grandson,"Comedy, Drama, Romance, Family",2021-05-18,7.125,1.301,Movie
Thiruvin Kural,"Drama, Thriller, Action",2023-04-14,4.8,0.9585,Movie
Irugapatru,"Romance, Family, Drama",2023-10-06,7.233,1.2353,Movie
Ladies VS. Ricky Bahl,"Comedy, Drama, Romance",2011-12-08,6.046,1.3078,Movie
Circus of Books,"Documentary, History",2019-04-26,6.821,1.0708,Movie
Ginny Weds Sunny,"Romance, Comedy, Drama, Family",2020-10-09,6.0,1.198,Movie
Ranga Ranga Vaibhavanga,"Romance, Comedy, Drama",2022-09-02,4.325,1.1117,Movie
Maktub,"Comedy, Drama",2017-09-06,7.2,1.1166,Movie
Holiday in the Vineyards,"Romance, Drama",2023-12-13,5.707,1.1926,Movie
Green Bones,"Crime, Drama, Thriller",2024-12-25,7.5,1.0436,Movie
Untold: The Murder of Air McNair,"Documentary, Crime",2024-08-19,5.6,1.2206,Movie
Masthishka Maranam,"Science Fiction, Comedy, Thriller",2026-02-27,5.5,1.3297,Movie
My Love Will Make You Disappear,"Romance, Comedy",2025-03-26,8.5,1.2907,Movie
Joan Didion: The Center Will Not Hold,Documentary,2017-10-11,7.385,1.0086,Movie
Andragogy,Drama,2023-11-02,8.25,1.1643,Movie
Ishaqzaade,"Drama, Action, Romance",2012-05-11,6.038,1.2852,Movie
Yoo Byung Jae: Discomfort Zone,Comedy,2018-08-17,6.4,1.2779,Movie
Face Off 6: The Ticket of Destiny,"Thriller, Mystery",2023-04-28,6.2,1.3346,Movie
The Magic School Bus Rides Again: Kids in Space,"Family, Animation, Adventure",2020-08-07,7.3,1.2405,Movie
Don't Blame Karma!,"Romance, Comedy",2022-08-03,6.874,1.2477,Movie
Kapoor & Sons,"Drama, Romance, Comedy, Family",2016-03-18,7.055,1.256,Movie
Bachna Ae Haseeno,"Romance, Comedy, Drama",2008-08-15,6.106,1.2041,Movie
Bombay Rose,"Animation, Drama, Romance",2019-08-28,6.6,1.1849,Movie
Get the Goat,"Action, Comedy, Crime",2021-03-18,6.87,1.3631,Movie
She's Gotta Have It,"Comedy, Romance",1986-08-08,6.6,1.3481,Movie
Vaashi,"Drama, Thriller",2022-06-17,5.938,1.0173,Movie
A Remarkable Tale,Comedy,2019-07-12,5.479,1.2032,Movie
Jogi,"Crime, Drama",2022-09-16,6.971,1.1479,Movie
American Factory: A Conversation with the Obamas,Documentary,2019-09-03,5.5,1.1562,Movie
Thomas & Friends: Race for the Sodor Cup,"Animation, Family, TV Movie",2021-09-17,5.0,1.228,Movie
Thomas & Friends: The Christmas Letter Express,"Animation, Adventure, Family",2024-11-19,7.1,1.1655,Movie
The Marriage App,"Romance, Comedy",2022-12-07,6.043,1.3125,Movie
Serendipity,Drama,2021-09-22,2.0,1.1307,Movie
Operation Nation,"Comedy, Romance",2022-09-02,5.5,1.1026,Movie
Hey! Sinamika,"Drama, Romance",2022-03-03,5.731,1.441,Movie
Seth Rogen's Hilarity for Charity,"Comedy, Documentary, TV Movie",2018-04-06,5.114,1.1681,Movie
After the Quake,Drama,2025-10-03,8.0,1.1252,Movie
Ulajh,"Drama, Thriller",2024-08-02,5.763,1.1736,Movie
Thottappan,Drama,2019-06-05,5.0,1.1394,Movie
Lobola Man,"Comedy, Romance",2024-07-12,8.1,1.2858,Movie
Kandasamys: The Baby,Comedy,2023-10-20,5.6,1.3592,Movie
Dobaaraa,"Science Fiction, Mystery, Thriller",2022-08-19,5.2,1.3712,Movie
Kill Tony: Mayhem at Madison Square Garden,Comedy,2025-08-25,4.9,1.097,Movie
Ek Ladki Ko Dekha Toh Aisa Laga,"Romance, Drama",2019-02-01,5.6,1.1957,Movie
Mardaani 2,"Action, Crime, Thriller",2019-12-12,7.0,1.1451,Movie
Inkabi,"Drama, Action",2024-03-13,5.5,1.4181,Movie
Takizawa Kabuki Zero 2020: The Movie,Music,2020-12-04,0.0,1.2819,Movie
A Choo,"Action, Comedy, Romance, Science Fiction",2020-07-15,5.0,1.1608,Movie
CREEP,Horror,2014-12-21,2.0,1.3539,Movie
Kadhalikka Neramillai,"Romance, Drama, Comedy",2025-01-14,5.357,1.1138,Movie
Frankenstein: The Anatomy Lesson,Documentary,2025-11-06,7.433,1.2667,Movie
Too Much Love,"Comedy, Romance",2023-10-26,6.0,1.1097,Movie
Bheed,Drama,2023-03-24,6.026,1.1984,Movie
The Turning Point,Drama,2021-12-02,6.171,1.2735,Movie
Mumbai Mafia: Police vs the Underworld,Documentary,2023-01-06,6.4,1.2723,Movie
Black Rose,Thriller,2023-11-24,5.0,1.3534,Movie
Meenakshi Sundareshwar,"Romance, Drama",2021-11-05,5.592,1.1145,Movie
13 Bombs,"Action, Crime, Thriller",2023-12-28,6.984,1.3235,Movie
Suzzanna: Kliwon Friday Night,"Drama, Horror, Fantasy, Thriller",2023-08-03,6.438,1.2317,Movie
Ali & Ratu Ratu Queens,"Comedy, Drama",2021-06-17,6.324,0.9872,Movie
Anpanman: Adventure of Happie,Animation,2005-07-16,5.8,1.3794,Movie
DSP,"Action, Drama",2022-12-02,6.242,1.2503,Movie
Anne+: The Film,"Drama, Romance",2021-10-14,6.2,1.3741,Movie
Crosspoint,"Drama, Action, Thriller",2024-10-16,0.0,1.1205,Movie
Mat Kilau,"Action, History, War, Adventure, Drama, Thriller",2022-06-23,6.8,1.2241,Movie
Alkhallat+,"Mystery, Comedy",2022-12-04,6.893,1.1753,Movie
Telusu Kada,"Romance, Drama",2025-10-17,4.3,1.1748,Movie
CTRL,"Thriller, Drama",2024-10-04,6.11,1.2634,Movie
Rumspringa,"Comedy, Drama",2022-04-29,5.397,1.2387,Movie
Mark Cavendish: Never Enough,Documentary,2023-08-02,7.862,1.25,Movie
Tell Me Who I Am,"Documentary, Drama, Mystery",2019-10-18,7.35,1.2311,Movie
Dongeng Sang Kancil,"Animation, Adventure, Comedy, Family, Fantasy, Music",2024-12-26,7.6,1.1704,Movie
Eye of the Storm,Drama,2023-04-14,7.3,1.2602,Movie
The Claus Family 3,"Family, Comedy, Fantasy",2022-12-07,5.733,1.2285,Movie
Why Did You Kill Me?,"Documentary, Crime",2021-04-07,5.888,1.2836,Movie
Yaar Gaddar,"Crime, Action",1994-11-04,6.0,1.1884,Movie
Gori Tere Pyaar Mein,"Comedy, Romance",2013-11-22,6.009,1.0701,Movie
Autumn Girl,"Drama, History",2021-11-12,4.722,1.2509,Movie
"Hello, Privilege. It's Me, Chelsea",Documentary,2019-09-13,5.437,1.1393,Movie
Mandela,"Comedy, Drama",2021-04-05,7.186,1.1964,Movie
Wild Dog,"Action, Thriller",2021-04-02,5.435,1.1488,Movie
Everyone Knows Every Juan,"Comedy, Drama",2025-10-22,6.0,1.2143,Movie
Greater Kalesh,"Drama, Family",2025-10-17,5.3,1.2326,Movie
The Upshaws - The Afterparty,,2021-05-14,7.2,1.0925,Movie
Sangre del Toro,Documentary,2025-08-29,6.269,1.1048,Movie
Mr. & Mrs. Mahi,"Drama, Romance",2024-05-31,5.882,1.2096,Movie
Maamannan,"Drama, Thriller",2023-06-29,5.983,1.0917,Movie
Tegkang,Drama,2024-11-28,6.0,1.2348,Movie
"Crack: Cocaine, Corruption & Conspiracy",Documentary,2021-01-11,6.817,1.3273,Movie
Intuition,"Thriller, Crime",2020-05-28,6.228,1.2066,Movie
Con Mum,"Documentary, Crime",2025-03-24,6.769,1.4309,Movie
Hasan Minhaj: Homecoming King,Comedy,2017-05-23,7.584,1.1467,Movie
Spelling the Dream,Documentary,2020-06-03,7.071,1.1019,Movie
Noorie,Romance,1979-05-11,7.0,1.3423,Movie
Whindersson Nunes: My Own Show!,Comedy,2022-03-03,7.143,1.2322,Movie
Possessive,"Drama, Romance",2017-10-26,7.028,1.0382,Movie
Panipat,"Action, History, War, Romance",2019-12-06,6.1,1.392,Movie
WHAT DID JACK DO?,"Comedy, Mystery, Crime",2017-11-08,6.287,1.3955,Movie
Into the Deep: The Submarine Murder Case,"Documentary, Crime",2020-01-23,6.549,1.2855,Movie
A Royal Date for Christmas,"Romance, Comedy, TV Movie",2023-11-25,5.8,1.3733,Movie
Gumraah,"Crime, Action, Thriller",2023-04-07,6.793,1.1669,Movie
A Ranjith Cinema,Thriller,2023-12-08,5.2,1.1537,Movie
Casting JonBenet,"Documentary, Crime, Drama",2017-04-28,5.644,1.1878,Movie
What If?,"Drama, Romance",2023-09-07,6.2,1.1433,Movie
So My Grandma's a Lesbian!,"Comedy, Romance",2020-09-11,5.321,1.2434,Movie
"With Love, Meghan: Holiday Celebration",Documentary,2025-12-02,3.3,1.1531,Movie
Nothing to Lose 2,Drama,2019-08-15,4.9,1.2306,Movie
Trainwreck: The Real Project X,Documentary,2025-07-07,5.906,1.4044,Movie
Swearnet: The Movie,Comedy,2014-08-29,5.183,1.0703,Movie
Soweto Blaze,"Comedy, Action",2023-10-28,0.0,1.1041,Movie
The White Helmets,"Documentary, War",2016-09-16,7.39,1.1568,Movie
Face Off,Comedy,2015-03-11,4.7,1.0429,Movie
Mission Raniganj,"Drama, Action, Thriller",2023-10-06,6.56,1.264,Movie
Umjolo: Day Ones,"Romance, Drama",2024-12-19,8.0,1.1997,Movie
Thalaikoothal,"Drama, Family",2023-02-03,6.3,1.1092,Movie
A Land Imagined,"Mystery, Drama",2019-02-06,5.9,1.2149,Movie
Full Circle,Documentary,2023-10-20,6.5,1.155,Movie
The Hatchet Wielding Hitchhiker,"Crime, Documentary",2023-01-10,6.189,1.3868,Movie
Godspeed,Drama,2022-05-23,6.838,1.2412,Movie
HOMONCULUS,"Fantasy, Drama",2026-05-30,0.0,1.097,Movie
A Family Reunion Christmas,"Comedy, Family",2019-12-09,5.9,1.36,Movie
Reversing Roe,Documentary,2018-09-01,7.333,1.1354,Movie
Crypto Boy,Drama,2023-10-19,6.295,0.9778,Movie
One Small Problem,Comedy,2020-07-27,6.355,1.1133,Movie
Miss India,Drama,2020-10-04,4.2,1.0503,Movie
A StoryBots Christmas,"Animation, Fantasy, Music",2017-12-01,5.545,1.0697,Movie
Dostana,"Drama, Action, Crime",1980-10-17,6.033,1.3034,Movie
Girl's Revenge,Drama,2020-08-07,5.5,1.071,Movie
A Miracle,"Music, Drama",2024-12-25,10.0,1.3919,Movie
Def Comedy Jam 25,"Comedy, Documentary, TV Movie",2017-09-26,6.0,1.1419,Movie
Seventeen,"Animation, Documentary",2023-11-10,0.0,1.1088,Movie
Hello Ghost!,"Comedy, Family, Drama",2023-08-18,6.867,1.3169,Movie
Untold: Sign Stealer,Documentary,2024-08-26,7.1,1.1225,Movie
Thai Massage,"Comedy, Drama",2022-11-11,6.0,1.3042,Movie
Bagheera,"Action, Adventure",2024-10-31,5.457,1.2121,Movie
Shikari,"Action, Drama",1991-04-12,5.786,1.1036,Movie
Bringing Christmas Home,"Romance, Comedy, TV Movie",2023-10-28,6.5,1.2621,Movie
Still Out of My League,"Romance, Comedy",2021-09-16,6.571,1.3352,Movie
Posthouse,"Horror, Fantasy",2025-08-20,5.0,1.114,Movie
Super Senior Heroes,"Comedy, Fantasy, Family",2022-10-16,6.0,1.3194,Movie
Sarbath,"Romance, Comedy",2021-04-11,5.0,1.0896,Movie
Indigo,"Horror, Thriller",2023-10-19,5.9,1.048,Movie
Battle: Freestyle,"Romance, Drama",2022-04-01,5.514,1.2303,Movie
Chatha Pacha: The Ring of Rowdies,"Action, Drama, Comedy",2026-01-22,5.85,1.1842,Movie
Call Me Dad,"Drama, Comedy, Family",2025-08-07,7.4,1.2028,Movie
Sky Ladder: The Art of Cai Guo-Qiang,Documentary,2017-09-22,6.955,1.1934,Movie
Anuja,Drama,2024-06-08,6.543,1.0466,Movie
Elesin Oba: The King's Horseman,Drama,2022-09-10,6.182,1.1304,Movie
A Trash Truck Christmas,"Animation, Adventure, Family",2020-12-11,6.3,1.0953,Movie
Ram Jaane,"Action, Crime",1995-11-29,5.194,1.1201,Movie
The Lonely Island Presents: The Unauthorized Bash Brothers Experience,"Comedy, Music",2019-05-22,6.363,1.1781,Movie
Believe: The Ultimate Battle,"Action, Drama, History, War",2025-07-24,6.0,0.935,Movie
Lead Me Home,"Documentary, Drama",2021-09-03,6.327,1.0618,Movie
A Soweto Love Story,"Comedy, Romance",2024-02-14,4.66,1.1885,Movie
Miss. Shetty Mr. Polishetty,"Comedy, Drama, Romance, Thriller",2023-09-07,6.242,1.2115,Movie
The (Almost) Legends,"Comedy, Music",2023-07-19,7.831,1.2659,Movie
Adventures of Ali-Baba and the Forty Thieves,"Adventure, Drama, Family",1980-05-29,6.3,1.1066,Movie
Vengeance in the Dreary Night,"Crime, Drama, Mystery, Thriller",2025-05-28,7.0,0.9346,Movie
Boomika,"Mystery, Thriller, Horror",2021-08-20,5.237,1.0115,Movie
Feminists: What Were They Thinking?,Documentary,2018-02-19,7.535,1.1244,Movie
A Cop Movie,"Documentary, Crime, Drama",2021-10-28,7.2,1.163,Movie
Felix Lobrecht: Hype,"Comedy, Documentary",2020-11-03,5.667,1.1775,Movie
Dhokha: Round D Corner,"Crime, Thriller",2022-09-22,5.383,1.1071,Movie
Bleach,,2016-07-10,2.0,1.3504,Movie
Badrinath Ki Dulhania,"Drama, Comedy, Romance",2017-03-10,6.452,1.1983,Movie
My Next Guest with David Letterman and Volodymyr Zelenskyy,Documentary,2022-12-12,7.094,1.071,Movie
Black,Drama,2005-02-04,7.669,1.272,Movie
Nail Bomber: Manhunt,"Crime, Documentary, History",2021-05-26,6.5,1.1149,Movie
In Her Hands,Documentary,2022-11-16,5.853,1.2341,Movie
American Girl,Drama,2021-12-03,6.8,1.0964,Movie
Kaka Boss,"Comedy, Drama",2024-08-29,5.8,1.1072,Movie
The Entitled,"Comedy, Romance",2022-07-29,4.885,1.1522,Movie
I Love Lizzy,"Romance, Drama",2023-01-18,9.5,1.1915,Movie
For Jojo,Drama,2022-07-10,4.24,1.2917,Movie
Chandigarh Kare Aashiqui,"Drama, Romance",2021-12-10,5.961,1.0778,Movie
Khel Khel Mein,"Comedy, Drama",2024-08-15,5.986,1.0193,Movie
Kuyang,"Horror, Drama, Thriller",2024-03-07,5.8,1.1696,Movie
Road to Roma,Documentary,2020-02-11,7.79,1.0874,Movie
Irul,"Thriller, Mystery",2021-04-02,5.647,1.2856,Movie
Hold Your Breath: The Ice Dive,Documentary,2022-05-02,6.594,1.1333,Movie
Hell Torture,"Horror, Thriller",2023-12-14,6.056,1.1824,Movie
Jonas Brothers Family Roast,"Comedy, Music, Documentary",2021-11-23,6.456,1.1473,Movie
"Frankenstein's Monster's Monster, Frankenstein",Comedy,2019-07-16,5.8,1.1464,Movie
Rangabali,"Romance, Comedy, Action",2023-07-07,5.8,1.4879,Movie
The Delivery Rider,"Action, Drama",2025-10-23,7.05,1.0688,Movie
Vadh,"Crime, Thriller",2022-12-09,6.448,1.0558,Movie
Sonora: The Devil’s Highway,"Drama, Thriller, Western",2019-09-06,6.2,1.1364,Movie
Chestnut vs. Kobayashi: Unfinished Beef,,2024-09-02,3.5,1.0321,Movie
The Dad Quest,"Comedy, Drama",2025-04-08,6.9,1.1348,Movie
The Claus Family 2,"Family, Comedy, Fantasy",2021-12-07,6.42,1.4734,Movie
Sukhee,"Comedy, Drama",2023-09-22,6.125,1.2964,Movie
Mucho Mucho Amor: The Legend of Walter Mercado,Documentary,2020-01-24,7.306,1.1448,Movie
My Wonderful Life,"Comedy, Drama, Romance",2021-10-29,4.943,1.0691,Movie
The Matchmaker,"Drama, Mystery, Thriller",2023-04-27,5.4,1.138,Movie
Mau Nieto: viviendo sobrio… desde el bar,Comedy,2018-01-26,5.6,1.0684,Movie
Seeing Allred,Documentary,2018-01-21,6.7,1.2011,Movie
Free Rein: The Twelve Neighs of Christmas,"Comedy, Drama, Family",2018-12-06,6.674,1.1344,Movie
Bogeyman,"Action, Comedy",2023-06-26,6.273,1.0614,Movie
The Ghost,"Action, Drama, Thriller",2022-10-05,5.0,1.2717,Movie
The Little Switzerland,Comedy,2019-04-26,4.7,1.0053,Movie
Kuttey,"Comedy, Crime, Thriller",2023-01-13,5.886,1.1114,Movie
Anelka: Misunderstood,Documentary,2020-08-05,6.517,1.3035,Movie
La Luna,"Comedy, Drama, Romance",2023-11-09,7.6,0.9532,Movie
"All's Well, Ends Well","Comedy, Romance",2012-01-19,4.6,1.1252,Movie
Forgive Us Our Debts,Drama,2018-05-04,6.074,1.0649,Movie
Jersey,Drama,2022-04-22,7.0,1.1571,Movie
It's All Good,"Drama, Comedy",2021-12-31,3.5,1.0778,Movie
Serious Men,"Drama, Comedy",2020-10-02,6.651,1.0881,Movie
Mr Bachchan,"Action, Drama, Romance",2024-08-15,3.0,1.1503,Movie
Trailer Park Boys: The Movie,"Comedy, Crime",2006-10-06,6.537,1.0556,Movie
Guilty,"Thriller, Drama",2020-03-06,6.6,1.1826,Movie
Do You See What I See,"Drama, Horror, Thriller",2024-05-16,6.84,1.2676,Movie
It's All Over: The Kiss That Changed Spanish Football,Documentary,2024-10-31,6.719,1.2552,Movie
The Sky Is Pink,"Romance, Drama, Comedy",2019-10-11,7.7,1.1428,Movie
The Third Eye 2,"Horror, Mystery, Thriller",2019-01-11,5.787,1.2548,Movie
Bo Burnham: Make Happy,"Comedy, Music",2016-06-03,8.009,1.1064,Movie
Doll House,Drama,2022-10-07,5.8,1.2107,Movie
Da Kath & Kim Code,"Comedy, TV Movie",2005-11-27,6.9,1.1345,Movie
Khoon Khoon,"Drama, Crime",1973-01-01,4.429,0.9583,Movie
Untold: The Race of the Century,Documentary,2022-09-06,7.462,1.206,Movie
Super Monsters Save Christmas,"Animation, Family",2019-11-26,6.0,1.1852,Movie
My Daughter's Killer,Documentary,2022-07-12,6.697,1.5102,Movie
Parchís: the Documentary,"Documentary, Music",2019-03-12,6.618,1.0759,Movie
Raat Akeli Hai,"Crime, Mystery, Thriller",2020-07-31,6.828,1.2732,Movie
The Stringer: The Man Who Took the Photo,Documentary,2025-01-25,7.925,1.1632,Movie
You Gotta Have Faith,"Romance, Comedy",2025-10-15,10.0,1.2326,Movie
Fate: The Winx Saga - The Afterparty,"Fantasy, Comedy",2021-02-19,7.841,1.2209,Movie
Mungkin Esok Lusa Atau Nanti,Drama,2024-07-11,6.0,1.1717,Movie
Temurun,"Horror, Thriller",2024-05-30,6.432,1.0789,Movie
Conjuring Kannappan,"Comedy, Horror",2023-12-08,6.2,0.9865,Movie
Trailer Park Boys: Live in F**kin' Dublin,"Comedy, TV Movie, Documentary",2014-05-01,5.875,1.0463,Movie
Sherdil: The Pilibhit Saga,Drama,2022-06-24,5.9,1.1316,Movie
Sommore: Chandelier Fly,Comedy,2026-02-17,5.75,1.3607,Movie
Young Royals Forever,Documentary,2024-03-13,7.278,1.1036,Movie
Nobody Speak: Trials of the Free Press,Documentary,2017-01-24,6.045,1.2069,Movie
Love per Square Foot,"Comedy, Romance",2018-02-14,6.684,1.0353,Movie
The Haunted Hotel,"Horror, Mystery, Thriller",2023-11-30,5.1,1.1398,Movie
Kill Tony: Kill or Be Killed,Comedy,2025-04-07,5.3,1.0775,Movie
Stavros Halkias: Fat Rascal,Comedy,2023-12-05,6.25,1.1317,Movie
Who Would You Take to a Deserted Island?,"Comedy, Drama",2019-03-22,5.098,1.1043,Movie
Nayattu,"Thriller, Drama",2021-04-08,7.49,1.0954,Movie
AK vs AK,"Comedy, Action, Drama, Crime",2020-12-24,6.75,1.1626,Movie
Dito at Doon,"Romance, Comedy",2025-02-12,10.0,1.3084,Movie
Society of the Snow: Who Were We on the Mountain?,Documentary,2024-01-23,7.4,1.1415,Movie
A Life Too Short: The Isabella Nardoni Case,Documentary,2023-08-17,6.9,1.1221,Movie
Ready to Mingle,"Comedy, Romance",2019-06-07,6.76,1.1457,Movie
Nitham Oru Vaanam,"Romance, Thriller, Comedy",2022-11-04,6.5,1.3312,Movie
Shéhérazade,"Drama, Thriller, Romance",2018-09-05,7.168,1.0753,Movie
Snoop Dogg's F*cn Around Comedy Special,"Documentary, Comedy, Music",2022-06-16,5.643,1.0865,Movie
We Are One,Documentary,2020-07-14,5.8,1.4468,Movie
Caged Wings,Drama,2023-08-25,5.611,1.1427,Movie
Mrs. Serial Killer,Thriller,2020-05-01,6.2,1.1395,Movie
Keys to the Heart,Drama,2023-10-04,7.1,1.0953,Movie
Modern Masters: SS Rajamouli,Documentary,2024-08-02,8.333,1.1066,Movie
Ek Jaan Hain Hum,,1983-09-16,6.4,1.1363,Movie
Ungli,"Thriller, Comedy, Drama",2014-11-28,5.7,0.997,Movie
Felipe Esparza: Raging Fool,Comedy,2025-02-11,5.833,1.0499,Movie
Cristela Alonzo: Upper Classy,Comedy,2025-09-22,6.0,1.1812,Movie
Get Smart With Money,Documentary,2022-09-06,6.3,1.2224,Movie
A Bright Lawyer,Comedy,2025-03-06,6.6,1.2873,Movie
Bad Education,"Crime, Thriller",2023-03-03,6.136,1.2016,Movie
Beauty,"Romance, Drama, Music",2022-06-29,4.824,1.1612,Movie
Sinposis Filem Tiga Janda Melawan Dunia,,2022-01-01,0.0,1.2289,Movie
Bebefinn Sing-Along Movie: Into the Pinkfong World,"Animation, Family, Fantasy, Adventure",2025-07-24,0.0,1.1458,Movie
Me Against You: Mr. S's Vendetta,"Family, Fantasy",2020-01-17,8.04,1.2813,Movie
(Tillu)²,"Romance, Comedy, Thriller, Crime",2024-03-29,6.441,1.0887,Movie
Kannai Nambathe,"Crime, Thriller, Action",2023-03-17,5.2,1.1778,Movie
"Mirror, Mirror",Comedy,2022-05-20,5.656,1.207,Movie
The Lighthouse of the Orcas,"Romance, Drama",2016-12-16,6.963,1.1912,Movie
Paradox,"Music, Fantasy",2018-03-15,3.864,1.0271,Movie
"I Love You, Stupid",Comedy,2020-01-24,6.373,1.4788,Movie
"I, Potro","Comedy, TV Movie",2018-10-19,5.333,1.0773,Movie
Stuck with You,"Romance, Comedy",2022-12-28,4.6,1.0966,Movie
Travis Scott: Look Mom I Can Fly,"Documentary, Music",2019-08-28,6.763,1.4224,Movie
Making It Up,"Comedy, Romance, Drama",2023-02-09,7.2,1.1113,Movie
The Black Godfather,"Documentary, Music",2019-06-06,6.592,1.1145,Movie
Strawberry Shortcake's Summer Vacation,"Animation, Family",2024-01-25,5.333,0.99,Movie
Shabaash Mithu,"Drama, Family",2022-07-15,6.067,1.0889,Movie
Period. End of Sentence.,Documentary,2018-04-05,7.777,1.1445,Movie
The Redemption of Sin,"Drama, Horror, Mystery, Thriller",2024-10-17,5.864,0.9723,Movie
Biggest Heist Ever,"Documentary, Crime",2024-12-05,6.045,1.0574,Movie
RADWIMPS 20th Anniversary Live Tour,Music,2026-06-19,0.0,1.2275,Movie
"Bikram: Yogi, Guru, Predator","Documentary, Crime",2019-09-10,6.283,1.2177,Movie
Rocket Singh: Salesman of the Year,"Drama, Comedy, Romance",2009-12-10,6.886,1.1135,Movie
Daawat-e-Ishq,"Drama, Romance, Comedy",2014-09-05,6.806,0.9877,Movie
The Bleeding Edge,Documentary,2018-07-27,6.8,1.085,Movie
Sesham Mike-il Fathima,"Comedy, Drama",2023-11-17,5.375,1.0168,Movie
Malaal,"Romance, Drama",2019-07-05,5.5,1.0861,Movie
Something Huge,Comedy,2017-11-10,4.0,1.0356,Movie
Yuva,"Drama, Crime",2004-05-22,6.5,1.0857,Movie
All Good,Drama,2018-07-01,6.009,1.093,Movie
Sergio,Documentary,2009-01-20,7.7,1.0339,Movie
The Boys in the Band: Something Personal,Documentary,2020-09-30,7.212,1.205,Movie
GG: Good Game,"Drama, Family",2024-01-24,6.25,1.0063,Movie
Phil Wang: Philly Philly Wang Wang,Comedy,2021-08-10,6.0,1.0819,Movie
Boi,Thriller,2019-03-29,4.964,1.0428,Movie
Befikre,"Romance, Comedy, Drama",2016-12-09,5.061,1.1588,Movie
Robocar POLI Special: The Story of the Desert Rescue,"Animation, Family",2025-11-08,0.0,1.2982,Movie
Grandma's Last Wishes,Comedy,2020-10-09,7.3,1.0244,Movie
Kampon,"Horror, Thriller",2023-12-25,7.667,0.9122,Movie
Into the Beat,"Drama, Romance",2020-07-16,6.326,1.1826,Movie
Thimmarusu: Assignment Vali,"Crime, Thriller",2021-07-30,7.667,1.0071,Movie
Giving Voice,Documentary,2020-01-26,6.4,1.2044,Movie
Break Up 100,"Comedy, Romance",2014-08-01,6.3,1.2042,Movie
Crazy Awesome Teachers,"Comedy, Drama",2020-08-17,5.286,1.0374,Movie
Toolsidas Junior,"Drama, Family",2022-03-04,7.231,1.1262,Movie
Stand Out: An LGBTQ+ Celebration,"Comedy, Documentary",2022-06-09,4.379,0.9974,Movie
Dear Friend,"Drama, Romance, Comedy, Mystery",2022-06-10,6.111,1.1097,Movie
Legend of Gatotkaca,"Action, Adventure, Drama, Fantasy, Science Fiction",2022-06-09,6.5,1.0005,Movie
Nayanthara: Beyond the Fairy Tale,Documentary,2024-11-18,4.6,1.1035,Movie
Chandni,"Drama, Romance",1989-09-14,7.0,1.291,Movie
Thalaivii,Drama,2021-09-10,4.639,1.0387,Movie
Hero,"Romance, Action, Drama",2015-09-11,5.797,0.9443,Movie
The App,"Drama, Science Fiction",2019-12-26,3.0,1.0794,Movie
Amy Schumer: Emergency Contact,Comedy,2023-06-12,5.04,1.4601,Movie
Un/Happy for You,"Romance, Drama",2024-08-14,5.0,1.0248,Movie
Showtime 1958,Drama,2020-06-07,5.0,1.0161,Movie
Yucatán,Comedy,2018-08-31,5.571,1.1248,Movie
Zach Galifianakis: Live at the Purple Onion,Comedy,2007-03-06,6.988,1.0543,Movie
Lamhe,"Drama, Romance",1991-11-04,6.7,1.0184,Movie
The Making of Chicken Run: Dawn of the Nugget,Documentary,2023-12-15,6.2,0.9907,Movie
Have You Ever Seen Fireflies?,"Drama, Comedy",2021-04-09,6.289,1.0293,Movie
The Road to El Camino: Behind the Scenes of El Camino: A Breaking Bad Movie,Documentary,2019-10-28,6.9,1.0786,Movie
HollyBlood,"Comedy, Fantasy, Romance",2022-07-22,5.268,0.9725,Movie
Tony Robbins: I Am Not Your Guru,Documentary,2016-07-15,6.439,0.9911,Movie
Best of Stand-Up 2020,"Comedy, Documentary",2020-12-30,6.0,0.9098,Movie
Kondal,"Action, Drama",2024-09-13,4.6,1.0785,Movie
Ahir Shah: Ends,Comedy,2024-09-10,5.7,1.1601,Movie
Doubles Cause Troubles,Comedy,1989-04-27,6.208,1.0697,Movie
Thi Mai,Comedy,2018-01-12,6.187,1.2586,Movie
True: Happy Hearts Day,"Adventure, Animation, Family, TV Movie",2019-02-01,5.0,0.9264,Movie
Thrishanku,"Romance, Comedy",2023-05-26,7.5,0.9203,Movie
Ali's Wedding,"Comedy, Drama, Romance",2017-08-31,6.925,1.0382,Movie
Suzzanna: Buried Alive,"Horror, Drama, Thriller",2018-11-15,5.2,1.2209,Movie
Frontliner,Drama,2021-09-30,4.0,1.1636,Movie
Broken Idol: The Undoing of Diomedes Díaz,Documentary,2022-03-30,6.679,1.0742,Movie
OMG 2,"Comedy, Drama",2023-08-11,7.357,1.1909,Movie
Take Your Pills: Xanax,Documentary,2022-11-29,6.13,1.1037,Movie
Red,"Crime, Drama, Thriller",2024-05-03,3.5,1.0777,Movie
Bankrolled,Comedy,2021-07-23,5.5,0.9267,Movie
Aggretsuko: We Wish You a Metal Christmas,"Animation, Comedy",2018-12-20,6.7,1.0119,Movie
Jane Fonda & Lily Tomlin: Ladies Night Live,"Comedy, Documentary, TV Movie",2022-06-14,5.9,1.0966,Movie
Knock Down the House,Documentary,2019-01-27,7.111,1.1703,Movie
Mujhse Fraaandship Karoge,"Romance, Comedy",2011-10-14,6.9,1.0764,Movie
Mashaal,Action,1984-01-12,7.8,0.971,Movie
Shadow and Bone - The Afterparty,Documentary,2021-04-24,7.0,0.9128,Movie
"Your Friend, Nate Bargatze",Comedy,2024-12-23,6.694,1.079,Movie
Jhoom Barabar Jhoom,"Drama, Romance",2007-06-15,4.081,1.0235,Movie
Barbie & Teresa: Recipe for Friendship,"Animation, Family, Comedy",2025-03-06,6.5,1.1085,Movie
A Taste of Sin,Drama,2023-04-07,1.0,0.9135,Movie
Whindersson Nunes: Preaching to the Choir,"Comedy, Documentary",2023-02-19,6.741,1.159,Movie
Class of '83,"Action, Crime, Drama",2020-08-21,5.8,1.0226,Movie
Ivy + Bean: The Ghost That Had to Go,"Family, Comedy",2022-09-02,6.8,1.0066,Movie
Party Monster: Scratching the Surface,Comedy,2018-05-30,2.0,0.96,Movie
Dark Forces,"Horror, Action, Thriller, Mystery",2020-08-21,4.061,1.1797,Movie
The Crystal Calls - Making The Dark Crystal: Age of Resistance,Documentary,2019-08-30,7.6,0.9278,Movie
Aníkúlápó,"Drama, Fantasy",2022-09-30,7.105,1.074,Movie
Pinkfong & Hogi Mini-Movie: The Tricky Three Cars,"Animation, Adventure, Family",2024-07-18,0.0,0.9677,Movie
Mike Birbiglia: The Good Life,Comedy,2025-05-25,6.156,1.0813,Movie
Park Na-rae: Glamour Warning,Comedy,2019-10-16,5.8,1.3938,Movie
Carnaval,Comedy,2021-06-02,5.056,1.0866,Movie
GomBurZa,"History, Drama",2023-12-25,7.357,1.1176,Movie
Today We'll Talk About That Day,"Drama, Family, Romance",2023-07-27,8.0,1.1241,Movie
Heart Shot,"Romance, Crime",2022-02-17,5.457,1.3685,Movie
I'll Sleep When I'm Dead,"Documentary, Music",2016-04-15,6.395,1.0904,Movie
Ronny Chieng: Speakeasy,Comedy,2022-04-04,6.242,0.7937,Movie
Seasons,"Drama, Romance",2023-07-07,6.8,1.1085,Movie
Then Barbara Met Alan,Drama,2022-03-21,6.8,0.9611,Movie
Varalaru Mukkiyam,"Romance, Comedy",2022-12-09,5.333,0.9703,Movie
"Trailer Park Boys: Drunk, High and Unemployed","Comedy, TV Movie",2015-12-09,5.352,1.0304,Movie
Victim/Suspect,Documentary,2023-05-19,6.988,1.0853,Movie
Kev Adams: The Real Me,Comedy,2022-10-07,5.9,1.0495,Movie
Curry & Cyanide: The Jolly Joseph Case,"Documentary, Crime",2023-12-22,6.713,1.1312,Movie
An Inconvenient Love,"Romance, Comedy",2022-11-23,5.4,0.8854,Movie
Alex Fernández: The Best Comedian in the World,"Comedy, Documentary",2020-01-23,5.5,1.2805,Movie
Double XL,"Comedy, Drama",2022-11-04,5.3,1.0821,Movie
Go! Go! Cory Carson: Chrissy Takes the Wheel,"Animation, Family",2021-09-21,5.9,1.0308,Movie
Buya Hamka Vol. 1,"Drama, History",2023-04-19,6.2,1.0192,Movie
Ludo,Horror,2015-07-17,2.971,0.9871,Movie
COMIN' IN HOT,Adventure,2024-01-23,6.0,1.0761,Movie
Julia's Stepping Stones,Documentary,2024-07-25,6.3,1.078,Movie
Live Is Life,"Comedy, Adventure",2022-06-03,6.729,1.1115,Movie
Kevin Hart & Chris Rock: Headliners Only,"Documentary, Comedy",2023-12-12,6.313,1.015,Movie
Convergence: Courage in a Crisis,Documentary,2021-10-08,4.8,0.9393,Movie
Once a Gangster,"Action, Comedy, Crime",2010-05-20,6.5,1.17,Movie
Attention Please,"Drama, Thriller",2021-02-12,6.833,1.1626,Movie
The Netflix Afterparty: The Best Shows of the Worst Year,Documentary,2020-12-14,6.1,1.0737,Movie
ReMastered: The Two Killings of Sam Cooke,Documentary,2019-02-08,6.8,1.0815,Movie
Face to Face with ETA: Conversations with a Terrorist,"Documentary, History",2023-09-22,7.0,0.9028,Movie
Soul's Peak,"Drama, Action, Crime",2025-04-24,4.2,0.9596,Movie
The Mars Generation,Documentary,2017-01-20,6.317,1.1534,Movie
Furry Friends Forever: Elmo Gets a Puppy,"Animation, Family",2021-08-05,6.7,0.9157,Movie
Little Miss Sumo,Documentary,2018-10-18,6.155,1.0044,Movie
Fruitcake,"Comedy, Drama",2024-06-12,6.0,1.0742,Movie
Anpanman: Nanda and Runda from Star of Toys,"Animation, Family",2016-07-02,7.0,0.9848,Movie
All Lives,"Drama, TV Movie",2024-05-06,7.25,1.2061,Movie
Thomas & Friends: The Mystery of Lookout Mountain,"Animation, Family, Adventure",2022-10-08,1.5,1.0264,Movie
True: Wuzzle Wegg Day,"Comedy, Family, Animation",2020-03-27,1.5,0.8304,Movie
Katherine Ryan: Glitter Room,Comedy,2019-07-01,6.807,0.9589,Movie
Chhota Bheem and Krishna,"Action, Adventure, Animation, TV Movie",2008-08-24,6.857,1.1295,Movie
Ali Wong: Baby Cobra,Comedy,2016-05-06,7.111,1.1535,Movie
Song of the South,"War, Family, Drama",2023-10-20,4.8,1.1914,Movie
Running with the Devil: The Wild World of John McAfee,"Documentary, Crime",2022-08-24,6.11,1.141,Movie
Handing Them Over,"Comedy, Romance, Crime",2022-08-03,5.8,1.0311,Movie
Wed or Wait,"Comedy, Drama, Romance",2025-10-09,7.0,0.9463,Movie
Spirited,"Horror, Fantasy",2022-09-29,6.3,1.1244,Movie
Juanita,Drama,2019-03-08,5.4,0.949,Movie
Ostinato,"Animation, Music, Drama",2024-12-05,6.108,1.6314,Movie
Diana: The Musical,"History, Romance, Drama",2021-10-01,4.893,1.1212,Movie
Mantra Surugana,Horror,2023-07-27,4.25,1.3103,Movie
The Minimalists: Less Is Now,Documentary,2021-01-01,6.132,0.9744,Movie
The Speed Cubers,Documentary,2020-07-28,7.414,1.13,Movie
Happy Monday(s),"Comedy, Romance, Fantasy, Drama",2025-02-20,6.0,1.032,Movie
Kabul Express,"Action, Comedy, Drama, Thriller",2006-12-15,5.978,1.0751,Movie
Jefe,Comedy,2018-05-04,5.568,1.1439,Movie
A Whole Lifetime with Jamie Demetriou,Comedy,2023-02-28,5.3,1.0031,Movie
Meraklii,"Comedy, Drama",2025-04-11,0.0,1.1069,Movie
Untold: Crime & Penalties,"Documentary, Crime",2021-08-31,7.095,1.096,Movie
Perusu,Comedy,2025-03-14,5.4,1.1154,Movie
The Guardian of the Monarchs,Documentary,2024-04-11,7.735,1.0559,Movie
Umjolo: There Is No Cure,"Romance, Comedy, Drama",2025-02-13,6.529,1.0208,Movie
Moo 2,,2023-03-25,5.3,1.2015,Movie
Blessed You,"Comedy, Drama, Family",2023-10-26,6.0,0.851,Movie
"Anpanman: Purun, the Soap Bubble","Animation, Fantasy",2007-07-14,5.3,1.108,Movie
All Because of You,"Comedy, Action, Romance",2020-10-01,5.4,1.0498,Movie
Fireworks,"Drama, Science Fiction, Thriller",2023-03-02,7.458,1.0122,Movie
Strawman,"Drama, History",2023-10-20,4.938,0.9458,Movie
Untold: Caitlyn Jenner,Documentary,2022-08-24,6.781,1.0849,Movie
"Shake, Rattle & Roll Extreme",Horror,2023-11-29,3.8,1.0068,Movie
Flip a Coin: ONE OK ROCK Documentary,"Documentary, Music",2021-10-21,7.8,0.9742,Movie
Brad Paisley's Comedy Rodeo,Comedy,2017-08-15,5.833,0.9769,Movie
Love the Way U Lie,"Romance, Comedy, Fantasy",2020-08-20,3.3,0.8399,Movie
How to Deal with a Heartbreak,Comedy,2023-07-06,7.081,1.0403,Movie
Jim Gaffigan: Obsessed,Comedy,2014-04-27,6.853,1.1029,Movie
The Assistant,"Crime, Action, Thriller",2022-05-19,4.8,0.9216,Movie
Sampung Utos Kay Josh,Comedy,2025-01-29,9.0,0.9206,Movie
The Price of Success,"Drama, Comedy",2017-08-30,5.479,1.1691,Movie
Aashik Aawara,"Romance, Comedy",1993-05-28,6.0,1.0284,Movie
Most Eligible Bachelor,"Romance, Drama",2021-10-15,6.281,1.0008,Movie
Camp Courage,"Documentary, War",2023-10-15,7.091,1.0463,Movie
The Irishman: In Conversation,Documentary,2019-11-27,7.475,1.0073,Movie
F3: Fun and Frustration,"Comedy, Romance, Family",2022-05-27,4.175,1.0224,Movie
"Welcome, Now Get Lost","Comedy, TV Movie",2025-05-13,7.0,0.9976,Movie
"Sing, Dance, Act: Kabuki featuring Toma Ikuta",Documentary,2022-06-16,6.444,0.9783,Movie
Oprah Winfrey Presents: When They See Us Now,Documentary,2019-06-13,7.652,1.068,Movie
Skandal! Bringing Down Wirecard,Documentary,2022-09-15,7.44,0.9332,Movie
Do Not Disturb,"Comedy, Drama",2023-09-29,6.181,1.0169,Movie
The Next Skin,"Drama, Mystery, Thriller",2016-10-21,5.838,1.0122,Movie
Red Ollero: Mabuhay is a Lie,Comedy,2024-03-14,7.0,1.0422,Movie
A Cut Above,"Comedy, Romance",2022-07-28,6.643,1.1974,Movie
Nakhuda,"Drama, Family, Romance",1981-01-01,9.0,0.9954,Movie
Jerry Seinfeld: 23 Hours to Kill,Comedy,2020-05-05,6.214,0.8595,Movie
Face Off 3: Imperfect Trio,"Comedy, Adventure",2018-04-17,4.5,1.0138,Movie
Ginny & Georgia - The Afterparty,Documentary,2021-02-26,7.0,0.9635,Movie
Up Among the Stars,Drama,2018-08-31,5.8,1.0554,Movie
Happiness Ever After,"Romance, Drama",2021-11-09,7.061,1.1393,Movie
The Most Assassinated Woman in the World,"Mystery, Thriller",2018-07-09,5.3,0.9793,Movie
Life Overtakes Me,Documentary,2019-01-26,6.528,0.9558,Movie
Noise,Drama,2022-10-13,7.2,0.9936,Movie
The Trader,Documentary,2018-01-19,6.556,1.1831,Movie
Britney vs. Spears,"Documentary, Music",2021-09-27,6.998,1.186,Movie
All the Freckles in the World,Comedy,2019-09-27,6.195,0.9834,Movie
The Turnaround,Documentary,2024-10-18,7.154,0.8657,Movie
Procession,Documentary,2021-11-12,6.6,1.0451,Movie
Lorena: Light-Footed Woman,Documentary,2019-11-20,6.635,0.9208,Movie
Chhota Bheem: Krishna vs Zimbara,"Animation, Adventure, TV Movie",2013-08-25,0.0,1.048,Movie
Celeb Five: Behind the Curtain,Comedy,2022-04-01,3.8,1.032,Movie
Love at First Stream,"Romance, Comedy",2021-12-25,7.5,1.0247,Movie
Trainwreck: P.I. Moms,Documentary,2025-07-21,5.565,1.2178,Movie
Nicole Byer: BBW (Big Beautiful Weirdo),Comedy,2021-12-07,6.222,1.031,Movie
Kabhi Kabhie,"Drama, Romance",1976-02-27,6.3,0.9568,Movie
Muqaddar Ka Faisla,,1987-06-26,8.5,0.9959,Movie
Elway,Documentary,2025-12-21,6.553,1.0182,Movie
5 Star Christmas,Comedy,2018-12-07,4.32,0.9078,Movie
Joshua: Teenager vs. Superpower,Documentary,2017-01-20,7.241,1.0489,Movie
Chhota Bheem: The Rise of Kirmada,"Animation, TV Movie, Action",2012-11-11,4.667,0.9163,Movie
Ankahi Kahaniya,"Drama, Romance",2021-09-17,5.8,0.9354,Movie
100 Songs for Stella,"Romance, Drama",2025-09-05,4.5,1.0556,Movie
Whipped,"Comedy, Drama, Romance",2020-09-18,5.9,0.9665,Movie
Viraata Parvam,"Drama, Romance",2022-06-17,5.05,1.0559,Movie
Partners in Crime,Comedy,2022-12-25,2.0,0.9574,Movie
Daag,"Music, Romance",1973-04-23,7.0,1.0858,Movie
An Unremarkable Christmas,"Comedy, TV Movie",2020-12-17,6.1,1.0317,Movie
Princess 'Daya' Reese,"Romance, Comedy",2021-01-01,2.0,1.0355,Movie
A Love Song for Latasha,Documentary,2019-04-28,7.014,0.9726,Movie
GIMS: On the Record,"Documentary, Music",2020-09-17,7.265,0.9336,Movie
Sometimes,Drama,2015-06-09,0.0,1.1111,Movie
Mister Mummy,"Comedy, Drama",2022-11-18,4.9,0.8815,Movie
Michelle Wolf: Joke Show,Comedy,2019-12-10,6.8,0.8531,Movie
Dolly Kitty and Those Twinkling Stars,"Comedy, Drama",2020-09-18,5.179,1.2529,Movie
Nabil El Gamil Plastic Surgeon,Comedy,2022-12-28,6.8,1.0736,Movie
Katt Williams: World War III,Comedy,2022-05-17,6.139,1.0507,Movie
Yesterday After Tomorrow,"Science Fiction, Comedy",2024-01-25,0.0,1.1505,Movie
Kromoleo: The Haunting,"Horror, Thriller",2024-08-22,4.2,0.8933,Movie
Creating a Universe - The Making of Rebel Moon,Documentary,2024-04-18,6.615,0.9606,Movie
Sillu Karuppatti,"Drama, Romance",2019-12-26,7.0,0.9047,Movie
Strong Island,Documentary,2017-01-23,6.355,1.0282,Movie
Jeff Foxworthy: The Good Old Days,"Comedy, Documentary, TV Movie",2022-03-22,6.792,1.0108,Movie
Tom Papa: You're Doing Great!,Comedy,2020-02-04,6.519,0.9685,Movie
The Last Wife,"Drama, Romance",2023-11-03,7.0,0.9211,Movie
Arisaka,Action,2021-10-15,5.615,0.9091,Movie
Freestyle,"Crime, Action, Thriller",2023-09-22,6.375,1.0356,Movie
Bhangra Paa Le,Music,2020-01-03,5.4,0.8742,Movie
Leyla Everlasting,Comedy,2020-12-04,3.75,0.9232,Movie
Makayla's Voice: A Letter to the World,Documentary,2024-01-21,6.912,0.9928,Movie
Nikamma,"Action, Comedy",2022-06-17,4.0,1.0273,Movie
Sawaal,Drama,1982-05-21,7.0,0.934,Movie
One of Us,Documentary,2017-09-10,6.885,1.0425,Movie
A Farewell for Lilí,Drama,2022-10-23,6.0,1.0023,Movie
Aay,Comedy,2024-08-15,5.688,0.8162,Movie
Longest Third Date,Documentary,2023-04-18,6.688,0.9402,Movie
Scouts Honor: The Secret Files of the Boy Scouts of America,"Documentary, Crime",2023-09-05,7.415,1.199,Movie
Familia,Drama,2023-12-07,7.025,1.1321,Movie
Sajini Shinde Ka Viral Video,"Mystery, Thriller",2023-10-27,6.447,1.0351,Movie
Patton Oswalt: We All Scream,"Comedy, Documentary, TV Movie",2022-09-20,5.909,0.9959,Movie
A Lagos Love Story,"Drama, Romance",2025-04-11,5.5,0.9652,Movie
Breaking the Silence: The Maria Soledad Case,Documentary,2024-10-09,7.476,1.0505,Movie
Kings of Mulberry Street: Let Love Reign,"Comedy, Drama, Adventure",2023-04-07,5.625,1.0072,Movie
Mere Brother Ki Dulhan,"Drama, Comedy, Romance",2011-09-09,6.0,1.3809,Movie
Camp Confidential: America's Secret Nazis,"Documentary, Animation, History",2021-09-24,6.282,0.9171,Movie
Code Name: Tiranga,"Action, Thriller",2022-10-14,4.4,1.0448,Movie
Maniyarayile Ashokan,"Comedy, Drama",2020-08-31,3.3,1.1368,Movie
Anpanman: Shine! Kulun and the Stars of Life,"Animation, Comedy, Fantasy, Science Fiction",2018-06-30,5.0,0.9786,Movie
DEAW #11 Stand Up Comedy Show,Comedy,2015-09-11,8.0,0.8922,Movie
Cinema Bandi,"Drama, Comedy",2021-05-14,6.906,1.0476,Movie
"Phil Wang: Wang in There, Baby!",Comedy,2024-09-03,5.9,1.0286,Movie
Gina,Drama,2021-01-01,0.0,1.1225,Movie
Kalaga Thalaivan,"Thriller, Action",2022-11-18,5.7,0.9173,Movie
Still Laugh-In: The Stars Celebrate,"Comedy, Documentary, TV Movie",2019-05-14,5.3,0.8018,Movie
Kevin Hart's Guide to Black History,Comedy,2019-02-08,5.4,1.0131,Movie
Mighty Express: Mighty Trains Race,"Animation, Adventure, Family",2022-12-05,4.7,0.9853,Movie
The Orchestra,Horror,2019-06-17,7.0,1.1577,Movie
Panji Tengkorak,"Animation, Action, Adventure, Fantasy, Thriller",2025-08-28,6.5,0.766,Movie
Choked: Paisa Bolta Hai,"Drama, Crime, Thriller",2020-06-05,6.434,0.8555,Movie
Bhaje Vaayu Vegam,"Action, Drama",2024-05-31,6.2,0.9788,Movie
Tears at the Edge of a Prayer Rug,Drama,2023-09-07,6.071,0.8999,Movie
DEAW #5 Stand Up Comedy Show,Comedy,2002-10-01,0.0,0.9106,Movie
Soni,"Drama, Crime",2019-01-18,6.811,0.9022,Movie
Lewis Capaldi: How I'm Feeling Now,"Documentary, Music",2023-04-05,7.61,1.269,Movie
Third World Romance,"Romance, Comedy",2023-08-16,7.0,0.9591,Movie
Jo Koy: In His Elements,Comedy,2020-06-11,5.722,0.9071,Movie
Cuba and the Cameraman,Documentary,2017-09-08,7.45,1.0725,Movie
Patria,"Documentary, History, War",2019-01-18,7.0,1.0423,Movie
Winner,Comedy,2022-08-23,5.0,1.0918,Movie
Maha Samudram,"Drama, Action",2021-10-14,4.8,0.952,Movie
The Short Game,Documentary,2013-09-20,7.4,1.0332,Movie
Tom Segura: Sledgehammer,Comedy,2023-07-04,6.877,0.915,Movie
All in My Family,Documentary,2019-05-03,6.279,1.1822,Movie
Anjelah Johnson: Not Fancy,Comedy,2015-10-02,4.6,0.887,Movie
Rockstar: DUKI from the End of the World,"Documentary, Music",2025-10-01,8.1,0.9766,Movie
You vs. Wild: Out Cold,"Action, Adventure, Documentary",2021-09-14,5.8,0.9555,Movie
Summer Vacation,"Comedy, Family",2023-07-06,5.677,1.0248,Movie
Do Your Worst,"Comedy, Drama, Romance",2023-03-10,6.0,1.0652,Movie
Shark Busters,"Comedy, Crime",2002-11-28,6.3,0.9535,Movie
Pasutri Gaje,"Comedy, Drama, Romance",2024-02-07,6.1,1.0431,Movie
Blood Brothers: Malcolm X & Muhammad Ali,"Documentary, History",2021-09-08,7.3,1.0105,Movie
Tracy Morgan: Staying Alive,"Comedy, Documentary, TV Movie",2017-05-16,6.111,0.9833,Movie
The Son,Thriller,2019-05-02,5.415,1.1022,Movie
Vash Level 2,"Thriller, Horror",2025-08-27,6.9,1.0671,Movie
Bewakoofiyaan,"Romance, Comedy, Drama",2014-03-13,5.583,0.9778,Movie
Mutiny of the Worker Bees,Comedy,2020-02-28,7.2,0.9846,Movie
Ufff Yeh Siyapaa,"Comedy, Action",2025-09-05,5.0,1.047,Movie
Smaller and Smaller Circles,"Crime, Thriller",2017-12-06,6.0,0.9729,Movie
Salaakhen,"Action, Thriller",1975-12-26,7.6,0.9646,Movie
Footfairy,"Crime, Thriller",2020-10-24,4.2,1.2162,Movie
Disappear Completely,"Thriller, Horror",2024-02-29,6.825,0.9459,Movie
2 Weeks in Lagos,"Romance, Drama, Comedy",2019-10-19,2.75,0.8728,Movie
La Ciguapa Siempre,Horror,2021-06-05,3.731,0.8436,Movie
Luv Ka The End,"Comedy, Drama",2011-05-06,4.944,1.1374,Movie
The Lady of Silence: The Mataviejitas Murders,"Documentary, Crime",2023-07-27,7.68,0.8841,Movie
Momshies! Your Soul is Mine,Comedy,2021-06-11,4.0,0.9644,Movie
Possession: Kerasukan,"Drama, Horror, Thriller",2024-05-08,6.0,0.8941,Movie
Ariyippu,Drama,2022-08-03,5.1,0.7706,Movie
Dany de Boon des Hauts-de-France,Comedy,2018-05-04,6.204,0.9047,Movie
Trailer Park Boys: Countdown to Liquor Day,"Comedy, Crime",2009-09-25,6.643,0.9588,Movie
The Best Mother in the World,Drama,2025-08-07,7.1,0.8614,Movie
Johanna Nordström: Call the Police,Comedy,2022-11-15,6.0,1.0969,Movie
Padavettu,"Drama, Action",2022-10-21,6.5,1.0073,Movie
E-Team,Documentary,2014-01-18,6.0,1.0657,Movie
Shawn Mendes: In Wonder,"Music, Documentary",2020-11-23,8.1,0.9487,Movie
Mae Martin: SAP,Comedy,2023-03-28,5.548,0.939,Movie
Love Like the Falling Rain,"Drama, Romance",2020-10-15,6.0,0.9859,Movie
Super Monsters: Santa's Super Monster Helpers,"Animation, Family",2020-12-08,6.5,1.109,Movie
Spivak,Comedy,2018-05-11,5.243,0.997,Movie
Mujigae,Drama,2024-10-09,8.0,0.8969,Movie
Ralph Barbosa: Cowabunga,Comedy,2023-10-31,6.143,0.8774,Movie
Trailer Park Boys: Say Goodnight to the Bad Guys,Comedy,2008-12-07,7.0,1.0505,Movie
Rumah Masa Depan,Drama,2023-12-07,6.2,0.893,Movie
Michelle Buteau: Welcome to Buteaupia,Comedy,2020-09-28,7.071,0.8633,Movie
Invisible,Drama,2017-03-21,5.725,0.9603,Movie
Tri Am the Movie,"Music, Documentary",2023-04-08,5.667,0.8114,Movie
DEAW #13 Stand Up Comedy Show,Comedy,2022-06-10,6.8,0.9562,Movie
I'm Still a Superstar,"Documentary, Music",2025-07-17,6.2,1.0444,Movie
Wanita Ahli Neraka,Horror,2024-11-14,6.143,0.8769,Movie
ReMastered: Who Killed Jam Master Jay?,"Documentary, Music",2018-10-12,6.414,0.9441,Movie
GOAT Pandemonium Ge on all tempo,Comedy,2026-06-18,0.0,0.9969,Movie
Indoo Ki Jawani,Comedy,2020-12-11,3.8,0.9851,Movie
Tiffany Haddish: Black Mitzvah,Comedy,2019-12-03,6.083,0.9807,Movie
John Leguizamo's Latin History for Morons,Comedy,2018-11-02,6.978,0.8595,Movie
Tribhanga,"Drama, Family",2021-01-15,7.1,0.9136,Movie
Marc Maron: End Times Fun,Comedy,2020-03-10,6.745,0.9286,Movie
Sebastián Marcelo Wainraich,Comedy,2018-01-26,5.0,0.7783,Movie
Yeh Ballet,Drama,2020-02-21,7.6,1.0167,Movie
An Invisible Victim: The Eliza Samudio Case,"Documentary, Crime",2024-09-26,6.921,0.9566,Movie
The Last Dolphin King,Documentary,2022-11-13,6.3,1.0138,Movie
Nick Kroll: Little Big Boy,Comedy,2022-09-27,5.942,0.9638,Movie
Kaamyaab,"Comedy, Drama",2020-03-06,6.632,0.901,Movie
City of Joy,Documentary,2016-11-11,7.26,0.9357,Movie
Aurora,"Horror, Thriller",2018-12-25,5.1,0.8021,Movie
Meet the Khumalos,"Comedy, Romance",2025-04-10,5.875,0.8822,Movie
Lulli,"Comedy, Romance, Fantasy",2021-12-26,5.836,0.9017,Movie
Laabam,"Drama, Action",2021-09-09,3.0,1.0569,Movie
Nazar Andaaz,"Comedy, Drama",2022-10-07,3.75,0.8846,Movie
Mathu Vadalara 2,"Comedy, Crime, Thriller",2024-09-13,7.0,1.0312,Movie
Duniya,"Action, Drama",1984-10-12,7.313,0.9022,Movie
Making Senna,Documentary,2024-11-28,7.7,0.9486,Movie
Lords of Scam,"Documentary, Crime",2021-11-03,6.863,0.9526,Movie
End Game,Documentary,2018-01-21,7.156,0.9174,Movie
Free Rein: Valentine's Day,"Romance, Family",2019-02-01,7.5,0.9286,Movie
Go! Go! Cory Carson: The Chrissy,"Animation, Family",2020-05-01,4.8,1.051,Movie
Chico Bon Bon and the Very Berry Holiday,"Animation, Family",2020-12-03,4.8,0.9021,Movie
Bandie,"Drama, Family",1978-03-10,6.0,1.0336,Movie
Rodney Carrington: Here Comes the Truth,Comedy,2017-10-03,4.6,1.1035,Movie
Keith Richards: Under the Influence,"Documentary, Music",2015-09-18,6.735,0.8844,Movie
Iliza Shlesinger: Freezing Hot,Comedy,2015-01-23,6.717,0.9427,Movie
Russell Howard: Recalibrate,Comedy,2017-12-19,7.463,0.8829,Movie
Loveyatri,"Drama, Romance, Comedy, Music",2018-10-05,5.5,1.0382,Movie
Ketika Berhenti di Sini,"Drama, Science Fiction, Romance",2023-07-27,6.3,0.8406,Movie
The Trailer Park Boys Xmas Special,"Comedy, TV Movie",2004-12-12,6.86,0.915,Movie
Behind the Scenes with Jane Campion,Documentary,2022-01-27,6.1,0.9465,Movie
Pyaar Ka Punchnama,"Drama, Comedy, Romance",2011-05-20,6.772,0.9997,Movie
Savi,"Action, Thriller",2024-05-31,6.891,0.9961,Movie
Alie's Home,"Drama, Family",2025-04-17,6.0,0.9529,Movie
Illusion,"Mystery, Drama",2022-09-09,5.333,1.0487,Movie
Thammudu,"Action, Drama",2025-07-04,5.125,0.9121,Movie
Jack Whitehall: I'm Only Joking,Comedy,2020-07-21,6.216,0.9548,Movie
Aruna & Her Palate,"Drama, Romance",2018-09-27,6.75,0.8999,Movie
Taylor Tomlinson: Have It All,Comedy,2024-02-12,6.869,0.9882,Movie
Missing Home,"Drama, Comedy, Family",2022-06-02,7.932,1.0993,Movie
Un-Ex You,"Comedy, Romance",2025-04-09,6.7,0.9507,Movie
Untold: Johnny Football,Documentary,2023-08-08,6.847,0.9501,Movie
Matt McCusker: A Humble Offering,Comedy,2025-10-07,4.813,1.0899,Movie
Rafa Márquez: El Capitán,Documentary,2024-06-06,7.25,0.8713,Movie
The Circle - The Afterparty,"Documentary, TV Movie",2021-05-07,5.2,0.8431,Movie
Notebook,"Romance, Drama",2019-03-29,5.8,1.0281,Movie
Rooting for Roona,Documentary,2020-10-15,6.938,1.0045,Movie
Bruises,Drama,2021-01-01,0.0,0.9535,Movie
Kasargold,"Action, Crime, Drama",2023-09-15,4.6,0.8529,Movie
Grass Is Greener,Documentary,2019-04-20,6.696,0.9285,Movie
Super Monsters: Dia de los Monsters,"Animation, Family",2020-09-10,7.5,0.924,Movie
Liss Pereira: Adulting,Comedy,2022-09-15,6.0,0.9664,Movie
The Insomnia Club,"Drama, Comedy",2018-06-15,6.7,0.9241,Movie
Who Killed the Montreal Expos?,Documentary,2025-10-09,6.8,0.9657,Movie
Love Unlike in K-Dramas,"Drama, Romance",2024-12-05,6.313,0.8244,Movie
Demetri Martin: The Overthinker,"Comedy, TV Movie",2018-08-10,6.78,0.9944,Movie
Eric Andre: Legalize Everything,Comedy,2020-06-23,5.992,0.9549,Movie
Yoo Byung Jae: Too Much Information,Comedy,2018-03-16,6.2,0.9551,Movie
King of Boys,Drama,2018-10-26,6.4,0.978,Movie
Cheer to Life,"Comedy, Drama, Romance",2025-01-30,6.8,0.982,Movie
Hantu Kak Limah,"Comedy, Horror",2018-08-09,6.4,0.9503,Movie
Krishna Vrinda Vihari,"Romance, Comedy",2022-09-23,5.0,0.9271,Movie
Luciano Mellera: Infantiloide,Comedy,2018-07-06,7.5,0.7858,Movie
That Kind of Love,"Romance, Comedy, Drama",2024-05-25,6.0,0.859,Movie
The Photographer: Murder in Pinamar,Documentary,2022-04-21,7.7,0.9485,Movie
Theo Von: Regular People,Comedy,2021-10-19,6.059,0.9717,Movie
Springsteen on Broadway,"Music, Documentary",2018-12-15,7.9,0.9092,Movie
Adam Ray Is Dr. Phil UNLEASHED,"Comedy, TV Movie",2024-11-18,7.2,0.869,Movie
Super Monsters Save Halloween,"Animation, Family",2018-10-05,6.05,0.9457,Movie
The Blue Drum,Horror,2022-10-13,4.25,0.8088,Movie
Hazel Brugger: Tropical,Comedy,2020-12-02,5.9,0.8825,Movie
Famous Last Words: Dr. Jane Goodall,Documentary,2025-10-02,7.438,0.9912,Movie
The Super Frugal Family,"Comedy, Drama, Family",2025-06-12,7.143,0.7888,Movie
DEAW #10 Stand Up Comedy Show,Comedy,2013-03-15,7.0,0.8722,Movie
One Night Stand,"Romance, Drama",2021-11-26,4.9,1.028,Movie
Badak,"Drama, Music",2025-10-02,9.0,0.7396,Movie
Swearnet Live,Comedy,2014-10-01,4.786,1.2206,Movie
Anpanman: Apple Boy and Everyone's Hope,"Family, Animation",2014-07-05,4.0,0.9791,Movie
Entre la tierra y el cielo,Documentary,2025-08-21,10.0,1.115,Movie
Game Changer,"Comedy, Crime",2021-10-28,6.5,1.0166,Movie
Warkop DKI Kartun,"Animation, Comedy, Science Fiction, Fantasy",2025-06-26,5.8,0.9074,Movie
Sheng Wang: Sweet and Juicy,Comedy,2022-09-06,7.286,0.9346,Movie
Operation Romeo,"Drama, Thriller",2022-04-22,6.429,0.9261,Movie
The Kingdom,"Action, Adventure",2024-12-25,10.0,0.8549,Movie
The House of Flowers Presents: The Funeral,Comedy,2019-10-31,7.0,0.9362,Movie
Sarah Silverman: PostMortem,Comedy,2025-05-19,6.045,0.8051,Movie
R. K. Nagar,"Romance, Comedy",2019-12-17,3.3,0.8684,Movie
Night on Earth: Shot in the Dark,Documentary,2020-01-29,6.115,0.7992,Movie
My Heroes Were Cowboys,"Documentary, Western",2021-09-16,6.438,0.8549,Movie
Asvins,"Horror, Mystery, Thriller",2023-06-23,4.05,0.9406,Movie
The Death and Life of Marsha P. Johnson,Documentary,2017-07-27,7.1,0.8849,Movie
Iliza Shlesinger: Unveiled,Comedy,2019-11-19,6.275,0.9638,Movie
Songs from the Hole,"Documentary, Drama, Music",2024-03-09,7.5,0.871,Movie
"LSD 2: Love, Sex aur Dhokha 2","Drama, Comedy, Crime",2024-04-19,5.9,0.8945,Movie
The Fabulous Filipino Brothers,"Comedy, Romance",2021-03-16,5.5,1.0335,Movie
99 Songs,"Music, Drama, Romance",2019-10-09,5.2,0.8274,Movie
Liberated: The New Sexual Revolution,Documentary,2017-04-22,6.206,0.9208,Movie
Fugitive: The Curious Case of Carlos Ghosn,Documentary,2022-09-26,6.4,0.8817,Movie
Lafangey Parindey,"Action, Drama, Romance",2010-08-20,5.87,1.0018,Movie
Iliza Shlesinger: Elder Millennial,Comedy,2018-07-24,6.961,0.9927,Movie
Manson Family Vacation,"Mystery, Comedy, Drama, Thriller",2015-10-06,5.529,0.9326,Movie
It Takes a Lunatic,Documentary,2019-05-03,5.3,0.937,Movie
Ali Wong: Don Wong,Comedy,2022-02-14,6.871,0.9208,Movie
Jared Freid: The Family Plan,Comedy,2026-09-01,0.0,0.7428,Movie
The 4 Rascals,"Comedy, Romance",2025-01-29,5.8,1.1171,Movie
Ricardo Quevedo: Tomorrow Will Be Worse,Comedy,2022-08-02,7.3,0.8914,Movie
Found,Documentary,2021-10-13,7.421,0.9851,Movie
Strange Frequencies: Taiwan Killer Hospital,Horror,2024-12-25,5.4,1.0999,Movie
Aaha Kalyanam,"Romance, Comedy",2014-02-21,4.5,1.1347,Movie
Mike Birbiglia: The New One,Comedy,2019-11-26,7.372,0.9216,Movie
Wizzo School,Comedy,2023-10-11,1.0,0.8122,Movie
A Very Good Girl,"Drama, Comedy, Thriller",2023-09-27,6.125,0.8555,Movie
Sinam,"Action, Thriller, Crime",2022-09-16,5.0,0.9793,Movie
Natchathiram Nagargiradhu,"Romance, Drama, Comedy",2022-08-31,6.9,0.9548,Movie
Only Yesterday,TV Movie,2021-01-09,6.2,0.8421,Movie
The Land,"Comedy, Crime, Drama",2021-08-27,5.139,0.9997,Movie
Whindersson Nunes: Adult,Comedy,2019-08-15,7.904,0.9885,Movie
Miracle Baby,Horror,2023-01-19,3.929,0.9371,Movie
Bat War,"Comedy, Action",2024-09-19,6.0,0.8486,Movie
Making All Quiet on the Western Front,Documentary,2022-11-16,6.1,0.8477,Movie
Ralphie May: Unruly,Comedy,2015-02-27,5.0,0.963,Movie
Mana Man,"Comedy, Action",2024-08-08,6.2,0.8499,Movie
"Oh, Hello on Broadway","Comedy, TV Movie",2017-06-13,6.875,0.8495,Movie
Christina P: Mom Genes,"Comedy, Documentary",2022-05-08,6.733,0.8991,Movie
The Masked Scammer,"Documentary, Crime",2022-12-01,6.5,0.9961,Movie
Professor,"Drama, Romance, Comedy",1962-01-01,6.444,0.8288,Movie
Only We Know,"Romance, Drama",2025-06-11,8.0,0.7509,Movie
A Naija Christmas,"Comedy, Romance",2021-12-16,6.7,0.928,Movie
Audrie & Daisy,Documentary,2016-09-23,7.154,0.9354,Movie
Bleeding Tiger: Internal Affairs,"Action, Crime, Drama",2025-05-08,0.0,0.867,Movie
Mighty Little Bheem: I Love Taj Mahal,"Animation, Comedy",2022-05-30,0.0,1.0241,Movie
ReMastered: Who Shot the Sheriff,Documentary,2018-10-12,6.8,0.8251,Movie
Ranveer vs Wild with Bear Grylls,"Adventure, Family, TV Movie",2022-07-08,5.154,1.0037,Movie
Asphalt Goddess,Drama,2020-10-31,6.732,0.9793,Movie
Justin Willman: Magic Lover,Comedy,2025-06-17,8.2,0.8585,Movie
Хорошие девочки,"Mystery, Drama, Thriller",2024-12-09,3.5,0.9394,Movie
Love You Long Time,"Drama, Romance",2023-04-08,8.0,0.862,Movie
Michelle Buteau: A Buteau-ful Mind at Radio City Music Hall,Comedy,2024-12-30,6.125,0.8761,Movie
Operation Mayfair,"Crime, Thriller",2023-03-24,3.2,0.881,Movie
Jagun Jagun,"Action, Drama",2023-08-10,6.7,0.9064,Movie
"Ray Romano: Right Here, Around the Corner","Comedy, TV Movie",2019-02-05,6.764,0.9771,Movie
Urvasivo Rakshasivo,"Romance, Comedy",2022-11-04,5.6,1.0342,Movie
Thoda Pyaar Thoda Magic,"Drama, Comedy",2008-06-27,5.472,1.0615,Movie
Sesame Street: The Nutcracker,"Family, Adventure, Animation, Comedy",2022-12-01,7.5,0.9932,Movie
"Rob Schneider: Asian Momma, Mexican Kids",Comedy,2020-08-11,5.775,0.989,Movie
David Spade: Nothing Personal,Comedy,2022-04-26,5.389,0.9303,Movie
Libera nos: Il trionfo sul male,,2026-09-30,0.0,0.8976,Movie
Andhaghaaram,Thriller,2020-11-24,7.286,0.8623,Movie
Racionais MC's: From the Streets of São Paulo,"Documentary, Music",2022-10-20,8.32,0.9945,Movie
Taylor Tomlinson: Quarter-Life Crisis,Comedy,2020-03-03,7.195,0.8809,Movie
Beyond the Game: Samurai 2026 WORLD BASEBALL CLASSIC,Documentary,2026-04-20,8.0,0.9925,Movie
Reversi,"Drama, Science Fiction, Romance",2024-12-19,6.875,0.8643,Movie
Cops and Robbers,Animation,2020-12-28,6.709,0.9476,Movie
Ben & Jody,"Action, Adventure, Thriller",2022-01-27,6.176,0.8564,Movie
The Womb,"Drama, Horror, Mystery",2022-10-13,5.885,0.9883,Movie
Chhota Bheem's Russian Adventures,Animation,2020-09-04,0.0,0.9367,Movie
DEAW #6 Stand Up Comedy Show,Comedy,2003-10-01,0.0,0.9053,Movie
Ek Chatur Naar,"Drama, Comedy, Crime",2025-09-12,5.455,0.9362,Movie
Love Is Color Blind,"Romance, Comedy",2021-12-09,6.6,0.8853,Movie
Tom Segura: Mostly Stories,Comedy,2016-01-08,6.989,0.8616,Movie
Jack Whitehall: At Large,Comedy,2017-10-24,6.851,0.8103,Movie
500 Days of Escobar,"Documentary, Crime",2023-12-03,7.3,0.9029,Movie
Missed Connections,"Romance, Comedy, Drama",2023-06-02,5.3,0.9373,Movie
Agustín Aristarán: Soy Rada,Comedy,2018-02-16,5.8,0.9094,Movie
Stolen Vacation,Comedy,2023-08-31,3.0,0.7113,Movie
George Lopez: Why You Crying?,"Comedy, Documentary, TV Movie",2005-09-23,9.0,0.858,Movie
Gangs of Godavari,"Action, Drama",2024-05-31,6.0,0.9926,Movie
Rekha,"Drama, Thriller, Romance",2023-02-10,4.4,0.8811,Movie
DeAr,"Comedy, Romance",2024-04-11,6.3,0.9298,Movie
Coming to You,Documentary,2021-11-17,6.125,0.9328,Movie
Aaina,"Drama, Romance",1993-06-18,7.429,1.0253,Movie
Trese After Dark,Documentary,2021-06-10,6.6,0.8322,Movie
Hannah Gadsby: Douglas,Comedy,2020-05-25,7.172,0.8553,Movie
Dieter Nuhr: Nuhr in Berlin,Comedy,2016-11-15,6.3,1.0375,Movie
Prince,Drama,1969-01-01,6.0,0.862,Movie
Thank You For Coming,"Comedy, Drama",2023-10-06,4.792,0.9474,Movie
Oregon,"Drama, Comedy, Romance",2023-04-28,4.6,0.9266,Movie
Angeliena,"Family, Comedy, Drama",2021-10-08,4.8,0.9679,Movie
Grandma's Wedding,Comedy,2019-10-11,6.9,0.9443,Movie
Torbaaz,Drama,2020-12-11,7.3,0.9826,Movie
The Joys and Sorrows of Young Yuguo,Documentary,2022-06-26,6.6,0.8927,Movie
Kuiko,"Drama, Family",2023-11-24,0.0,0.904,Movie
Right Time,Comedy,2025-02-07,0.0,0.8097,Movie
Aakhri Adaalat,"Action, Crime",1988-06-10,5.3,0.964,Movie
Elaan,"Action, Drama, Adventure",1971-05-19,5.667,0.9287,Movie
Nonostante tutto,,2025-01-01,0.0,0.9244,Movie
A Sunday Affair,"Romance, Drama",2023-02-12,5.154,0.904,Movie
Dhak Dhak,"Adventure, Drama",2023-10-13,6.0,0.9196,Movie
Making The Witcher: Season 3,Documentary,2023-07-27,6.0,0.8289,Movie
Guilty Pleasure,"Romance, Drama",2024-10-16,6.0,0.875,Movie
Illusions for Sale: The Rise and Fall of Generation Zoe,Documentary,2024-05-22,6.9,0.925,Movie
Jurnal Risa by Risa Saraswati,"Documentary, Horror, Thriller",2024-07-11,6.175,0.9294,Movie
Kilometers and Kilometers,"Adventure, Drama",2020-08-31,5.955,0.9397,Movie
Our Planet: Behind the Scenes,Documentary,2019-04-05,7.6,1.032,Movie
Butta Bomma,"Drama, Romance",2023-01-26,6.111,0.795,Movie
Ro & the Stardust,"Fantasy, Drama",2022-10-19,6.6,0.8838,Movie
Faraaz,"Action, Thriller",2023-02-03,4.65,0.833,Movie
As If It's True,"Romance, Drama",2023-08-04,0.0,0.7505,Movie
Pattathu Arasan,"Family, Action, Romance",2022-11-25,5.0,0.8522,Movie
Trevor Noah: Joy in the Trenches,Comedy,2026-04-13,6.833,0.9287,Movie
Guide to Prepare for Separation,"Drama, Romance",2023-02-24,8.5,0.8771,Movie
Sex: Unzipped,Comedy,2021-10-26,3.357,0.9905,Movie
Ronny Chieng: Asian Comedian Destroys America!,Comedy,2019-12-17,7.018,1.0094,Movie
Untold,Horror,2025-04-30,5.4,1.0128,Movie
The Hand of God: Through the Eyes of Sorrentino,Documentary,2021-12-10,6.526,0.853,Movie
The Darkness within La Luz del Mundo,"Documentary, Crime",2023-09-28,7.094,0.8952,Movie
A Queen’s Runway,Documentary,2025-04-10,5.0,0.7429,Movie
Matt Rife: Natural Selection,Comedy,2023-11-15,6.093,1.1654,Movie
Buffoon,"Drama, Comedy",2022-09-23,5.5,0.9019,Movie
Why Do You Love Me,"Comedy, Drama",2023-06-28,6.8,0.8624,Movie
Nate Bargatze: The Greatest Average American,Comedy,2021-03-18,7.171,0.8372,Movie
Ellen DeGeneres: For Your Approval,Comedy,2024-09-23,6.519,0.8056,Movie
Aelay,Comedy,2021-02-28,6.5,1.0039,Movie
The Missing,"Animation, Drama, Science Fiction",2023-08-04,7.2,0.8247,Movie
Creating The Queen's Gambit,Documentary,2021-01-10,7.813,1.0379,Movie
Super Monsters and the Wish Star,"Comedy, Family, Animation, Fantasy",2018-12-07,5.273,0.8941,Movie
Feast,"Mystery, Crime",2023-04-08,0.0,0.8775,Movie
Iliza Shlesinger: Hot Forever,Comedy,2022-10-11,6.18,0.8382,Movie
Making The Witcher: Blood Origin,"Documentary, TV Movie",2022-12-25,4.0,0.7515,Movie
Chappelle's Home Team - Donnell Rawlings: A New Day,Comedy,2024-02-26,6.5,0.6903,Movie
Sit Down with Stand Up Udom Taephanich,Comedy,2024-01-25,8.3,0.9621,Movie
Susuk,Horror,2023-08-31,6.071,0.8707,Movie
Pinoy Sunday,"Comedy, Drama",2009-10-24,5.5,0.8122,Movie
Nelma Kodama: The Queen of Dirty Money,"Documentary, Crime",2024-06-06,6.26,0.9366,Movie
Beat Bugs: All Together Now,"Adventure, Music, Animation, Family",2017-11-21,5.0,0.8072,Movie
The Accidental Twins,Documentary,2024-06-19,7.435,0.9242,Movie
The Ivory Game,Documentary,2016-09-02,7.6,0.8839,Movie
Tom Segura: Disgraceful,Comedy,2018-01-12,7.112,0.821,Movie
27 Steps of May,Drama,2019-04-27,8.269,0.8469,Movie
Amrapali,"War, Fantasy, History, Drama, Music, Romance",1966-09-11,6.444,0.8628,Movie
Theera Kaadhal,"Family, Comedy, Romance",2023-05-26,6.6,0.9003,Movie
Kaali Khuhi,"Horror, Drama, Thriller",2020-10-30,4.6,0.9195,Movie
Time Out,Animation,2015-10-10,0.0,0.8336,Movie
Larry the Cable Guy: Remain Seated,Comedy,2020-06-16,6.5,0.825,Movie
My Next Guest with David Letterman and John Mulaney,Documentary,2024-04-29,7.5,0.8396,Movie
Copenhagen Cowboy: Nightcall with Nicolas Winding Refn,Documentary,2023-01-26,7.4,0.7531,Movie
Mere Yaar Ki Shaadi Hai,"Comedy, Romance",2002-06-07,6.056,0.7599,Movie
Legasi: Bomba the Movie,"Action, Drama, Thriller",2025-08-21,5.7,0.7285,Movie
"Celeste Barber: Fine, thanks",Comedy,2023-04-12,5.6,0.9852,Movie
Ms. Pat: Y'all Wanna Hear Something Crazy?,Comedy,2022-02-08,5.8,0.9545,Movie
El Pepe: A Supreme Life,Documentary,2019-10-13,7.284,0.9877,Movie
The Female Followers of the Devil,Horror,2023-02-16,4.8,0.8387,Movie
Untold: The Rise and Fall of AND1,Documentary,2022-08-23,7.164,0.8777,Movie
StarBeam: Halloween Hero,Animation,2020-10-07,6.571,0.8655,Movie
My Future You,"Romance, Comedy, Fantasy, Drama",2024-12-25,6.333,0.9624,Movie
The Last Beergin,"Comedy, Drama",2025-10-01,6.0,0.7607,Movie
The Resemblance,Drama,2022-06-09,5.867,0.8332,Movie
StarBeam: Beaming in the New Year,"Animation, Family, Science Fiction",2021-12-14,6.0,0.8985,Movie
Todd Barry: Spicy Honey,Comedy,2017-12-26,6.828,0.8432,Movie
Mike Birbiglia: The Old Man and the Pool,Comedy,2023-11-21,7.385,0.8784,Movie
Rodrigo Marques: King of Uncouth,Comedy,2022-09-06,5.9,0.8698,Movie
Fuchsia Libre,"Comedy, Action",2024-05-15,5.0,0.8659,Movie
Crossroads: One Two Jaga,"Crime, Drama, Action",2018-09-06,5.2,0.9009,Movie
Panayotis Pascot: Almost,Comedy,2022-11-03,7.75,0.9536,Movie
Sugar High,Science Fiction,2020-07-31,5.6,0.7594,Movie
Brené Brown: The Call to Courage,Documentary,2019-04-19,7.17,0.8937,Movie
Shuddh Desi Romance,"Drama, Romance",2013-09-06,5.743,0.8761,Movie
Irandam Ulagaporin Kadaisi Gundu,"Drama, Thriller",2019-12-05,6.6,0.7482,Movie
Team Foxcatcher,Documentary,2016-04-18,6.964,0.8261,Movie
The Cliche,"Comedy, Romance, Drama",2024-12-26,5.2,0.8166,Movie
Arsenio Hall: Smart and Classy,Comedy,2019-10-29,6.0,0.7806,Movie
C-section,"Comedy, Drama",2021-12-02,0.0,0.9239,Movie
Joe Mande's Award-Winning Comedy Special,"Comedy, Documentary",2017-07-25,5.853,0.877,Movie
Upstarts,"Comedy, Drama",2019-10-18,6.333,0.8606,Movie
ReMastered: Tricky Dick & The Man in Black,"Documentary, Music",2018-11-02,6.6,0.8415,Movie
Flashback,"Fantasy, Romance, Thriller",2023-10-20,4.771,1.03,Movie
L.O.L. Surprise! Winter Fashion Show,Animation,2022-10-24,7.8,0.9288,Movie
85 South: Ghetto Legends,Comedy,2023-06-20,6.1,0.9595,Movie
Gajen Nad: Professional Mixed Breed,Comedy,2023-12-01,2.5,0.9433,Movie
Rajma Chawal,"Comedy, Drama, Family",2018-10-13,6.4,0.986,Movie
Lee Su-geun: The Sense Coach,Comedy,2021-07-09,2.4,0.8698,Movie
Brij Mohan Amar Rahe!,"Comedy, Drama",2017-12-13,5.447,0.8889,Movie
Marc Maron: Too Real,Comedy,2017-09-05,6.858,0.811,Movie
Primbon,"Drama, Horror",2023-08-10,4.9,0.88,Movie
Oru Thekkan Thallu Case,"Drama, Thriller",2022-09-08,5.5,0.8716,Movie
Shirkers,Documentary,2018-01-21,7.191,0.9998,Movie
A 3 Minute Hug,Documentary,2018-11-20,6.5,0.8985,Movie
In Case They Don't Arrive,Drama,2016-03-16,7.8,0.9174,Movie
Wanda Sykes: Not Normal,Comedy,2019-05-21,7.0,0.8203,Movie
Sol Levante,"Animation, Action, Science Fiction, Fantasy",2020-04-02,4.631,0.8126,Movie
Demetri Martin: Live (At the Time),"Comedy, TV Movie",2015-03-10,6.903,0.8403,Movie
Mishan Impossible,"Thriller, Comedy",2022-04-01,6.4,0.7579,Movie
Hannibal Buress: Comedy Camisado,Comedy,2016-02-05,6.21,0.8076,Movie
Starfish,"Drama, Thriller, Romance",2023-11-24,3.5,0.8511,Movie
Chhota Bheem: Dinosaur World,"Adventure, Fantasy",2025-12-02,0.0,0.8828,Movie
Almost Pyaar with DJ Mohabbat,"Romance, Drama, Music",2023-02-03,3.688,0.8317,Movie
Ali Wong: Hard Knock Wife,Comedy,2018-05-13,6.9,0.8476,Movie
Fabrizio Copano: solo pienso en mí,Comedy,2017-09-08,5.2,0.8732,Movie
ReMastered: The Miami Showband Massacre,Documentary,2019-03-22,6.8,0.7679,Movie
Sisters on Track,Documentary,2021-06-10,7.3,0.8378,Movie
Regular People,Drama,2024-06-15,0.0,1.0735,Movie
True: Friendship Day,Animation,2020-09-01,5.2,0.7929,Movie
Night and Day,,2010-12-31,6.0,0.7458,Movie
Blippi's Big Dino Adventure,Family,2023-08-25,5.0,0.8108,Movie
Jo Koy: Comin' in Hot,Comedy,2019-06-12,6.724,0.9838,Movie
Never Stop Dreaming: The Life and Legacy of Shimon Peres,Documentary,2022-07-13,6.5,0.9287,Movie
Bomb Scared,Comedy,2017-12-08,5.435,1.0058,Movie
Civil: Ben Crump,Documentary,2022-06-17,7.429,0.8343,Movie
"Rodrigo Sant'anna: I'm Here, I'm Queer!",Comedy,2022-05-19,4.0,0.8496,Movie
Deaw Special: Super Soft Power,Comedy,2024-05-01,8.0,0.7942,Movie
Higuita: The Way of the Scorpion,Documentary,2023-11-02,7.75,0.7857,Movie
Jewel,Drama,2022-07-08,6.4,0.8585,Movie
Flower Girl,"Comedy, Fantasy",2025-06-18,9.0,0.811,Movie
The Husbands of Rosario,"Romance, Comedy",2018-05-09,0.0,0.7763,Movie
Meter,"Comedy, Action, Romance",2023-04-07,3.0,0.9807,Movie
Mughizh,Drama,2021-10-08,3.5,0.8484,Movie
The deliverance of a suitcase,"Adventure, Comedy",2024-06-16,0.0,0.9359,Movie
Mercy,Thriller,2016-06-04,4.292,0.9088,Movie
Naai Sekar Returns,Comedy,2022-12-09,7.1,0.8853,Movie
Love with its Details,"Romance, Comedy",2023-02-08,0.0,0.7054,Movie
Tom Segura: Teacher,Comedy,2025-12-24,6.3,0.8716,Movie
Finding Agnes,Drama,2020-11-30,3.8,0.7591,Movie
Money No Enough 3,"Comedy, Drama",2024-02-01,5.6,0.8306,Movie
Save the Children,"Music, Documentary",1973-05-13,6.571,0.7135,Movie
Rhythm + Flow France: After the Beat,Documentary,2025-10-03,7.0,0.857,Movie
Bert Kreischer: The Machine,Comedy,2016-11-11,7.71,0.9072,Movie
Geez & Ann,"Drama, Romance",2021-02-25,6.8,0.7627,Movie
Guna Guna Istri Muda,"Drama, Horror, Thriller",2024-11-27,5.9,0.8488,Movie
The Heartbreak Club,"Drama, Romance",2021-01-14,8.0,0.8136,Movie
Jeff Garlin: Our Man in Chicago,Comedy,2019-11-12,5.6,0.696,Movie
Derren Brown: Sacrifice,"Documentary, Mystery",2018-10-19,7.19,0.8352,Movie
Gates of Heaven,Drama,2025-02-13,5.5,0.9276,Movie
Becky and Badette,Comedy,2023-12-25,7.0,0.8895,Movie
Countdown: Taylor vs. Serrano,Documentary,2025-07-02,7.9,0.9282,Movie
ONEFOUR: Against All Odds,"Documentary, Music",2023-10-26,6.8,0.7986,Movie
Guna 369,"Romance, Action",2019-08-02,5.7,0.8148,Movie
CANVAS,"Horror, Thriller",2023-12-06,7.0,0.9823,Movie
Labyu with an Accent,"Comedy, Romance",2022-12-25,4.5,0.7713,Movie
Deaw Still Alive,Comedy,2026-01-28,7.0,0.8134,Movie
Aziz Ansari: Nightclub Comedian,Comedy,2022-01-25,6.821,0.804,Movie
Ex Ex Lovers,"Romance, Comedy, Drama",2025-02-12,6.0,0.8383,Movie
Print the Legend,Documentary,2014-03-09,6.654,0.7578,Movie
Sebastian Maniscalco: Is it Me?,Comedy,2022-12-06,6.469,0.8161,Movie
Aaviri,"Drama, Thriller",2019-11-01,6.0,0.7413,Movie
Carolin Kebekus: The Last Christmas Special,Comedy,2021-12-08,5.0,0.6352,Movie
Ikaw,"Comedy, Romance, Drama",2021-11-12,4.5,0.6928,Movie
Dance Dreams: Hot Chocolate Nutcracker,Documentary,2020-11-27,7.5,0.7973,Movie
Yo Yo Honey Singh: Famous,"Documentary, Drama, Music",2024-12-20,5.3,0.8283,Movie
The Hungover Games,Comedy,2012-03-04,2.333,0.7241,Movie
Cristela Alonzo: Middle Classy,Comedy,2022-06-28,6.917,0.9542,Movie
Agape: The Unconditional Love,"Drama, Romance",2025-09-04,3.0,0.7825,Movie
Jim Gaffigan: Mr. Universe,Comedy,2012-04-11,6.822,0.9186,Movie
Gabriel Iglesias: Legend of Fluffy,Comedy,2025-01-06,6.648,0.7198,Movie
Chip and Potato: Chip's Holiday,Animation,2022-06-27,5.2,0.8867,Movie
Mamasapano: Now It Can Be Told,"Drama, Action",2022-12-25,0.0,0.7187,Movie
Kannum Kannum Kollaiyadithaal,"Romance, Comedy, Drama",2020-02-28,6.824,0.8913,Movie
Martabat: Misi Berdarah,Comedy,2025-06-12,0.0,0.9546,Movie
Maple Leaf Dreams,"Romance, Drama, Family",2024-09-25,6.5,0.7398,Movie
Jada,Drama,2019-12-06,4.0,0.8963,Movie
Simon Amstell: Set Free,Comedy,2019-08-20,6.08,0.872,Movie
Zion,Documentary,2018-01-18,6.662,0.8201,Movie
Steve Martin and Martin Short: An Evening You Will Forget for the Rest of Your Life,"Comedy, Music, TV Movie",2018-05-25,6.586,0.8116,Movie
Little Big Mouth,"Comedy, Romance",2021-10-22,5.3,0.8847,Movie
Maria Bamford: Old Baby,"Comedy, Documentary",2017-05-02,5.196,0.7869,Movie
Face to Face,"Drama, Comedy",2023-08-16,6.429,0.9183,Movie
Birders,Documentary,2019-09-25,6.194,0.8983,Movie
Hate by Dani Rovira,Comedy,2021-02-12,6.966,0.8617,Movie
A Breath of Fresh Air,"Comedy, Drama",2022-07-07,5.6,0.8225,Movie
The Guardian,"Thriller, Drama, Horror",2021-04-30,7.3,0.9041,Movie
The Female Followers of the Devil: Part 2,"Horror, Thriller",2024-03-28,5.3,0.7672,Movie
To Russia with Love,"Romance, Comedy",2022-11-01,6.8,0.7906,Movie
The Queenstown Kings,Drama,2023-11-17,5.8,0.7544,Movie
The Third Eye,Animation,2014-06-26,4.5,0.9949,Movie
Milestone,Drama,2020-09-03,5.975,0.768,Movie
Janji Darah,"Drama, Horror, Thriller",2024-07-04,6.1,0.7408,Movie
Chief Daddy 2: Going for Broke,Comedy,2021-12-17,6.0,0.849,Movie
A Go! Go! Cory Carson Summer Camp,"Animation, Family",2020-07-04,3.3,0.8248,Movie
Lasting Moments,"Drama, Romance",2025-07-30,4.0,0.7896,Movie
Kenny Sebastian: The Most Interesting Person in the Room,Comedy,2020-05-29,6.286,0.9794,Movie
Jacob Sartorius: Life on the Road,"Adventure, Music",2017-07-29,4.0,0.8355,Movie
Sebastian Maniscalco: Aren't You Embarrassed?,Comedy,2014-11-14,7.783,0.8154,Movie
Lego Friends: The Next Chapter: New Beginnings,"Animation, Family",2023-01-29,4.3,0.7381,Movie
#OOTD: Outfit of the Designer,"Drama, Romance",2024-01-25,4.5,0.7719,Movie
Alejandro Riaño: Especial de stand up,Comedy,2018-01-10,4.5,0.8401,Movie
Trailer Park Boys: Live at the North Pole,"TV Movie, Comedy",2014-11-15,6.182,0.8395,Movie
Mere Dad Ki Maruti,Comedy,2013-03-15,6.05,0.8077,Movie
Faith in the Impossible,Drama,2025-02-20,7.6,0.8621,Movie
Krishna and His Leela,"Romance, Comedy",2020-06-24,4.792,0.8842,Movie
Sitara,Drama,2019-09-27,2.0,1.0737,Movie
The Braid of Time,"Animation, Drama",2021-06-06,4.3,0.8364,Movie
Christina P: Mother Inferior,Comedy,2017-10-10,6.05,0.8673,Movie
The Reservoir Game,Documentary,2017-09-07,7.5,0.731,Movie
The Last Goodbye,"Drama, Romance",2025-05-07,5.0,0.9585,Movie
Uninvited,"Thriller, Mystery, Crime",2024-12-25,6.5,0.7316,Movie
The Day of the Lord,"Drama, Horror, Thriller",2020-10-30,6.5,0.7667,Movie
My Next Guest with David Letterman and Adam Sandler,Documentary,2025-11-30,6.0,0.802,Movie
I'm Brent Morin,Comedy,2015-12-01,6.652,0.774,Movie
Silsila,"Drama, Romance",1981-07-29,6.167,0.9599,Movie
State of Alabama vs. Brittany Smith,"Documentary, Crime",2022-11-10,5.952,0.8352,Movie
Jim Gaffigan: King Baby,Comedy,2009-03-29,6.784,0.8737,Movie
The Oskars Fantasy,"Comedy, Horror",2023-06-28,4.0,0.7216,Movie
Michael McIntyre: Showman,Comedy,2020-09-15,7.343,0.7216,Movie
Hannah Gadsby: Nanette,Comedy,2018-06-19,7.904,0.845,Movie
Kamla,Drama,2022-12-06,0.0,0.7706,Movie
Harith Iskander: I Told You So,Comedy,2018-01-19,4.8,0.7146,Movie
All India Rank,"Drama, Comedy",2024-02-23,6.833,0.8158,Movie
Whitney Cummings: Can I Touch It?,Comedy,2019-07-30,6.693,0.7512,Movie
Love Child,"Romance, Comedy, Drama",2024-08-02,4.0,0.7582,Movie
Untold: Shooting Guards,Documentary,2025-05-05,6.591,0.8124,Movie
11:11,"Drama, Thriller",2022-02-02,4.8,0.7809,Movie
What Would Sophia Loren Do?,Documentary,2021-01-15,6.537,0.8274,Movie
Bolehkah Sekali Saja Kumenangis,Drama,2024-10-17,6.5,0.7378,Movie
Jo Koy: Live from Brooklyn,Comedy,2024-06-03,7.147,0.7752,Movie
My Next Guest with David Letterman and Shah Rukh Khan,Documentary,2019-10-25,6.0,0.8173,Movie
Friendly Fire,"Drama, Adventure",2024-10-23,6.0,0.7136,Movie
Afwaah,"Thriller, Drama",2023-05-05,5.9,0.8277,Movie
Titip Surat Untuk Tuhan,"Drama, Family",2024-03-07,6.2,0.7219,Movie
"Chances Are, You and I","Drama, Romance",2024-05-29,6.0,0.7067,Movie
El club de los buenos infieles,Comedy,2018-03-28,5.3,0.8345,Movie
Jacqueline Novak: Get on Your Knees,Comedy,2024-01-22,6.0,0.7487,Movie
The Lost World: Jurassic Park,"Adventure, Action, Science Fiction",1997-05-23,6.564,0.7749,Movie
Free to Play,Documentary,2014-03-19,6.9,0.788,Movie
Emicida: AmarElo - It's All for Yesterday,"Documentary, Music",2020-12-08,8.602,0.8361,Movie
Semi-Soet,Romance,2012-02-17,5.1,0.7846,Movie
Bittersweet Rain,Drama,2023-10-10,7.0,0.7452,Movie
Emicida: AmarElo – Ao Vivo,"Music, Documentary",2021-07-15,7.9,0.8242,Movie
This Is Not a Comedy,"Drama, Comedy",2021-10-05,6.105,0.9328,Movie
A World Without,"Mystery, Thriller, Drama",2021-10-14,5.0,0.9355,Movie
The Dreamlife of Georgie Stone,Documentary,2022-06-09,6.219,0.7365,Movie
Cemara's Family 2,"Drama, Family",2022-06-23,7.0,0.8876,Movie
Koshien: Japan's Field of Dreams,Documentary,2019-11-01,6.0,0.6738,Movie
Amy Schumer Presents: Parental Advisory,Comedy,2022-06-11,4.6,0.7982,Movie
Mike Birbiglia: Thank God for Jokes,Comedy,2017-02-28,7.348,0.7549,Movie
One Last Shot,"Comedy, Drama",1998-09-01,5.3,0.8562,Movie
Kappela,"Romance, Mystery",2020-03-06,6.283,0.8398,Movie
Godse,"Thriller, Action",2022-06-17,4.6,0.8236,Movie
Saving Capitalism,Documentary,2017-08-25,6.725,0.86,Movie
Ma Rainey's Black Bottom: A Legacy Brought to Screen,Documentary,2020-12-18,6.2,0.793,Movie
Franco Escamilla: Ladies' man,Comedy,2024-05-23,9.029,0.9014,Movie
Franco Escamilla: bienvenido al mundo,Comedy,2019-04-17,8.489,0.7225,Movie
"Rachel Bloom: Death, Let Me Do My Special",Comedy,2024-10-15,6.455,0.6982,Movie
Jaal,"Action, Drama",1986-02-14,5.429,0.7527,Movie
Gevi,"Action, Drama",2025-07-18,0.0,0.7827,Movie
The Third Eye,"Romance, Mystery, Adventure",2024-07-11,0.0,0.9152,Movie
My Brother Above in the Tree,Comedy,2023-01-18,2.0,0.8912,Movie
Jakarta vs Everybody,"Drama, Crime",2020-11-26,5.1,0.9494,Movie
137 Shots,"Documentary, Crime",2021-12-15,6.3,0.8937,Movie
Tara vs Bilal,"Romance, Comedy, Drama",2022-10-28,6.306,0.8029,Movie
Chhota Bheem and Hanuman,"Animation, Action, Adventure, TV Movie",2013-11-22,6.2,0.8103,Movie
The Doomsday Cult of Antares de la Luz,Documentary,2024-04-25,6.7,0.763,Movie
Lovefucked,"Romance, Drama",2018-10-26,4.8,0.7979,Movie
Everything About My Wife,"Comedy, Romance",2025-02-26,4.0,0.847,Movie
A Faraway Land,Drama,2021-08-19,4.4,0.6887,Movie
Ghosts of Sugar Land,Documentary,2019-01-26,5.627,0.715,Movie
Uma Maheswara Ugra Roopasya,"Comedy, Drama",2020-07-30,7.3,0.876,Movie
"Aku Jati, Aku Asperger","Comedy, Drama, Romance",2024-10-31,6.1,0.6816,Movie
Maska,Comedy,2020-03-27,5.211,0.775,Movie
The American Meme,Documentary,2018-12-07,5.739,0.7729,Movie
Ari Eldjárn: Pardon My Icelandic,Comedy,2020-12-02,7.394,0.8382,Movie
One Day We'll Talk About Today,Drama,2020-01-02,7.259,0.834,Movie
Have a Nice Day!,"Comedy, Drama",2023-03-10,7.1,0.8212,Movie
Urzila Carlson: Overqualified Loser,Comedy,2020-07-14,4.818,0.7734,Movie
Ali Wong: Single Lady,Comedy,2024-10-07,6.526,0.9524,Movie
Joe Rogan: Triggered,Comedy,2016-10-21,6.829,0.7851,Movie
Aziz Ansari: Right Now,"Comedy, TV Movie, Documentary",2019-07-09,7.1,0.8355,Movie
Ayalvaashi,"Drama, Comedy",2023-04-21,7.2,0.8145,Movie
My Beautiful Broken Brain,Documentary,2014-11-21,7.1,1.0202,Movie
The Legend of Cocaine Island,Documentary,2018-04-20,6.167,0.8333,Movie
Vir Das: Landing,Comedy,2022-12-26,7.208,0.9551,Movie
In Broad Daylight: The Narvarte Case,Documentary,2022-12-08,7.955,0.831,Movie
Sarah Silverman: A Speck of Dust,Comedy,2017-05-30,6.815,0.7404,Movie
Adam by Eve: A Live in Animation,"Animation, Music",2022-03-15,6.9,0.9678,Movie
"Tu prima, tu hermana, la gata y tu mamá también",,2002-12-31,5.7,0.7803,Movie
Dead Kids,"Thriller, Crime, Drama",2019-11-17,5.8,0.8184,Movie
Nate Bargatze: The Tennessee Kid,Comedy,2019-03-26,7.385,0.8138,Movie
Katherine Ryan: In Trouble,Comedy,2017-02-14,6.5,0.8323,Movie
Enter the Anime,Documentary,2019-08-05,5.191,0.8559,Movie
Afonso Padilha: Classless,Comedy,2020-09-03,7.519,0.769,Movie
Titli,"Drama, Action, Crime",2015-05-06,6.655,0.893,Movie
Mo Amer: Mohammed in Texas,Comedy,2021-11-30,4.727,0.7393,Movie
Music Teacher,"Drama, Music, Romance",2018-09-21,6.636,0.7583,Movie
Alhamour H.A.,"Crime, Comedy, Drama",2023-01-19,6.429,0.77,Movie
"Ice Cold: Murder, Coffee and Jessica Wongso","Documentary, Crime",2023-09-28,6.278,0.7618,Movie
Jordan Jensen: Take Me with You,Comedy,2025-09-09,6.5,0.7614,Movie
A Go! Go! Cory Carson Halloween,"Animation, Family, TV Movie",2020-10-02,6.808,0.6867,Movie
Aziz Ansari: Live at Madison Square Garden,Comedy,2015-03-06,6.547,0.7131,Movie
DEAW #7 Stand Up Comedy Show,Comedy,2008-02-01,0.0,0.8481,Movie
Hans Teeuwen: Echte Rancune,Comedy,2017-12-01,7.25,0.8476,Movie
Broken Wings,"Drama, Thriller",2022-08-18,6.4,0.8129,Movie
The Piano Lesson: Legacy and a Vision,Documentary,2024-11-21,0.0,0.8356,Movie
It's Worth It by Dani Rovira,Comedy,2025-07-10,8.9,0.7191,Movie
Grumpy Christmas,Comedy,2021-12-21,7.6,0.8584,Movie
Room to Move,Documentary,2025-06-11,10.0,0.7808,Movie
Lionheart,"Drama, Comedy",2018-09-08,6.1,0.8421,Movie
Two Catalonias,Documentary,2018-09-28,6.5,0.7244,Movie
Vikruthi,"Comedy, Drama",2019-10-04,6.5,0.735,Movie
ReMastered: Massacre at the Stadium,Documentary,2019-01-11,7.389,0.8129,Movie
Tuesdays And Fridays,"Romance, Comedy, Music",2021-02-19,4.3,0.7268,Movie
Fortune Feimster: Crushing It,Comedy,2024-12-02,5.4,0.7847,Movie
Gerry Dee: Funny You Should Say That,Comedy,2025-11-18,3.8,0.7908,Movie
Chelsea Handler: The Feeling,Comedy,2025-03-24,5.8,0.7208,Movie
Tim Dillon: I'm Your Mother,Comedy,2025-04-14,5.8,0.7167,Movie
Mike Epps: Ready to Sell Out,Comedy,2024-02-19,4.778,0.7587,Movie
The Land of Cards,Fantasy,2013-09-13,6.2,0.7812,Movie
Camarón: The Film,Documentary,2018-06-01,7.094,0.7487,Movie
Unbridled,Thriller,2018-09-14,5.3,0.8022,Movie
Doosara Aadmi,"Drama, Romance",1977-09-14,9.667,0.8603,Movie
Ballot,"Drama, Thriller",2024-10-16,8.4,0.7356,Movie
Amy Schumer: Growing,Comedy,2019-03-19,5.806,0.8095,Movie
Tig,Documentary,2015-04-23,7.202,0.7009,Movie
The Cheating Game,"Drama, Romance",2023-07-26,0.0,0.7035,Movie
The Netflix Cup,,2023-11-14,5.7,0.6993,Movie
The Fugitives,Comedy,2023-01-25,5.0,0.7416,Movie
Evelyn,Documentary,2019-09-10,7.3,0.7477,Movie
Matt Rife: Unwrapped - A Christmas Crowd Work Special,Comedy,2025-12-01,6.9,0.6657,Movie
The Angel from Below,Drama,2022-11-01,5.3,0.8315,Movie
Hold Me Close,"Romance, Drama, Fantasy",2024-12-25,0.0,0.781,Movie
Simplemente Manu NNa,Comedy,2017-05-05,3.0,0.7927,Movie
The Battered Bastards of Baseball,Documentary,2014-01-20,7.405,0.8774,Movie
Fred Armisen: Standup for Drummers,"Music, Comedy",2018-02-06,6.368,0.6589,Movie
Sofía Niño de Rivera: Natural Selection,Comedy,2018-03-30,5.5,0.7453,Movie
Ijakumo: The Born Again Stripper,Drama,2022-12-23,0.0,0.8064,Movie
Voices,Drama,2023-12-03,0.0,0.8417,Movie
Jack Whitehall: Settle Down,Comedy,2024-01-30,6.263,1.0903,Movie
ConMom,Comedy,2025-05-21,0.0,0.8432,Movie
Chhota Bheem and Krishna: Mayanagari,"Animation, TV Movie",2011-09-02,6.1,0.7265,Movie
Ryan Hamilton: This Just Hit Me,Comedy,2026-06-23,6.4,0.8078,Movie
Mighty Express: A Mighty Christmas,"Animation, Family",2020-12-05,4.2,0.7685,Movie
Super Monsters: The New Class,"Animation, Family",2020-08-01,5.9,0.8304,Movie
Chhota Bheem in the Incan Adventure,"Action, Adventure, Comedy, Family, Animation, Fantasy",2013-07-07,0.0,0.6829,Movie
15 August,"Comedy, Romance",2019-03-05,7.0,0.8222,Movie
Pyar Ke Do Pal,"Action, Drama",1986-08-15,8.0,0.8527,Movie
Fortune Feimster: Good Fortune,Comedy,2022-10-25,5.75,0.7984,Movie
Gabriel Iglesias: Stadium Fluffy,Comedy,2022-10-18,7.57,0.7622,Movie
Theo Von: No Offense,Comedy,2016-02-26,6.121,0.6382,Movie
True: Rainbow Rescue,Animation,2020-06-02,4.5,0.7688,Movie
Man on the Run,"Documentary, Crime",2023-10-08,6.714,0.7724,Movie
LEGO Friends: Holiday Special,"Animation, Family",2021-11-05,3.9,0.6479,Movie
What the F* Is Going On?,Documentary,2019-11-25,6.2,0.6566,Movie
"GEN HOSHINO STADIUM TOUR ""POP VIRUS""","Music, Documentary",2019-10-10,7.0,0.7421,Movie
Saverio Raimondo: Il Satiro Parlante,Comedy,2019-05-17,5.7,0.8655,Movie
Chappelle's Home Team - Luenell: Town Business,Comedy,2023-09-26,6.3,0.8184,Movie
Amy Schumer: The Leather Special,Comedy,2017-03-06,3.789,0.6575,Movie
Chhota Bheem: Bheem vs Aliens,"Animation, Fantasy, TV Movie, Thriller",2010-12-12,5.5,0.711,Movie
Por,"Action, Drama",2024-03-01,0.0,0.8212,Movie
Lokillo: Nothing's the Same,Comedy,2021-08-12,7.1,0.7962,Movie
Hurdang,"Drama, Romance",2022-04-08,5.9,0.8767,Movie
Deive Leonardo: The Answer,Documentary,2023-11-28,8.1,0.7772,Movie
Gen Hoshino Concert Recollections 2015-2023,Music,2023-08-10,8.25,0.7429,Movie
Thiago Ventura: POKAS,Comedy,2020-07-02,7.013,0.8189,Movie
Carlos Almaraz: Playing with Fire,Documentary,2019-05-01,4.5,0.6421,Movie
Amandla,"Crime, Drama",2022-01-21,5.9,0.7268,Movie
"Gabriel ""Fluffy"" Iglesias: One Show Fits All",Comedy,2019-01-20,7.246,0.7342,Movie
Rosebud Baker: The Mother Lode,Comedy,2025-02-18,6.444,0.8035,Movie
One Hundred Years with Juan Rulfo,"History, Documentary",2017-11-03,0.0,0.7767,Movie
Merry Men 3: Nemesis,"Action, Comedy, Thriller",2023-10-13,0.0,1.0766,Movie
London Hughes: To Catch A D*ck,Comedy,2020-12-22,6.1,0.7962,Movie
Sitara: Let Girls Dream,"Animation, Drama",2019-09-23,6.8,0.6665,Movie
Fortune Feimster: Sweet & Salty,Comedy,2020-01-21,6.226,0.6739,Movie
Matt Rife: Lucid - A Crowd Work Special,Comedy,2024-08-12,6.766,0.794,Movie
Stay on Board: The Leo Baker Story,Documentary,2022-08-11,6.4,0.7817,Movie
Franco Escamilla: Eavesdropping,Comedy,2022-10-23,8.6,0.7267,Movie
Adrishya Jalakangal,"Thriller, Drama",2023-11-24,5.2,0.7109,Movie
Det hopfällbara slottet,"Music, Drama",1968-04-13,2.0,0.7113,Movie
Prince of Peoria: A Christmas Moose Miracle,"Comedy, Family",2018-12-17,6.1,0.7794,Movie
Dov'è Sisifo?!,Drama,2005-01-01,0.0,0.7287,Movie
Harta Tahta Raisa,"Documentary, Music",2024-06-06,6.7,0.7313,Movie
Jeff Foxworthy & Larry the Cable Guy: We've Been Thinking,Comedy,2016-08-26,5.5,0.7271,Movie
Mauricio Meirelles: Generating Chaos,Comedy,2020-04-16,7.1,0.7644,Movie
My Father is a Playboy,"Family, Comedy",2022-07-29,4.7,0.8302,Movie
Franco Escamilla: por la anécdota,Comedy,2018-06-08,8.647,0.7449,Movie
What Are the Odds?,,2006-02-01,9.0,0.7136,Movie
Carlos Ballarta: False Prophet,Comedy,2021-11-18,6.2,0.7824,Movie
Pendekar Awang & Tok Gajah: Darah Indera Gajah,"Action, Adventure, History, Drama, Thriller",2024-09-12,0.0,0.692,Movie
Kolaiyuthir Kaalam,"Crime, Thriller, Horror",2019-08-08,4.0,0.6295,Movie
Trading Places,"Romance, Comedy",2023-07-14,0.0,0.69,Movie
A Long Way to Come Home,"Drama, Family",2023-02-02,6.444,0.762,Movie
Yeh Ballet,Documentary,2017-06-07,0.0,0.6474,Movie
Moro,Drama,2023-10-06,0.0,0.6508,Movie
Murder to Mercy: The Cyntoia Brown Story,Documentary,2020-04-29,6.9,0.7788,Movie
Grillo vs Grillo,Comedy,2017-02-10,6.0,0.8048,Movie
Tim Dillon: This Is Your Country,Comedy,2024-09-30,5.9,0.6927,Movie
Love Is Blind Brazil: After the Altar,"Romance, Documentary",2023-12-20,7.1,0.6842,Movie
The Man of God,Drama,2022-04-16,5.8,0.7894,Movie
Barakah Meets Barakah,"Comedy, Romance",2016-02-15,6.385,0.6603,Movie
Neal Brennan: 3 Mics,Comedy,2017-01-17,7.167,0.7501,Movie
The Magic School Bus Rides Again: The Frizz Connection,"Family, Animation",2020-10-20,6.2,0.7498,Movie
Joe Rogan: Strange Times,Comedy,2018-10-02,7.1,0.6469,Movie
Murder by the Coast,"Documentary, Crime, History, Mystery",2021-06-23,6.38,0.7528,Movie
Tersanjung: The Movie,"Drama, Romance",2021-04-01,8.2,0.7862,Movie
Heartbreak Motel,"Drama, Romance",2024-08-01,8.2,0.8995,Movie
Torching 2024: A Roast of the Year,Comedy,2024-12-26,5.25,0.6442,Movie
In My Skin,Documentary,2019-06-10,10.0,0.7057,Movie
Arini by Love.inc,"Drama, Science Fiction, Romance",2022-02-04,5.1,0.6311,Movie
"Cristiano y Messi, la tormenta perfecta",Documentary,2021-10-21,8.0,0.8245,Movie
Joe DeRosa: I Never Promised You a Rose Garden,Comedy,2025-07-21,5.0,0.6915,Movie
Tig Notaro: Happy to Be Here,Comedy,2018-05-22,6.2,0.7443,Movie
The Orchestra,Animation,2016-10-02,7.0,0.5993,Movie
David Cross: Making America Great Again,"Comedy, TV Movie",2016-08-05,6.611,0.6715,Movie
Marei El Breemo,Comedy,2023-08-02,2.5,0.7267,Movie
Bleeding Tiger: Conflict Begins,"Action, Crime, Drama",2025-03-27,6.0,0.7955,Movie
Modo avión,,2023-08-03,7.0,0.5806,Movie
Shastry Viruddh Shastry,"Drama, Family",2023-11-03,6.0,0.6624,Movie
Dad Stop Embarrassing Me - The Afterparty,,2021-04-16,6.0,0.7398,Movie
Kavin Jay : Everybody Calm Down!,"Comedy, Documentary",2018-02-02,4.667,0.595,Movie
Sanitation Day,"Thriller, Crime",2021-01-29,4.7,0.6643,Movie
Fire in Paradise,Documentary,2019-09-01,6.863,0.7717,Movie
Story of Dinda: Second Chance of Happiness,"Romance, Drama",2021-10-29,4.3,0.7286,Movie
Qaidi Band,"Drama, Music",2017-08-25,6.0,0.6119,Movie
"Mon Laferte, I Love You","Documentary, Music",2024-08-01,8.879,0.7625,Movie
Greg Davies: You Magnificent Beast,Comedy,2018-04-10,6.709,0.7509,Movie
DEAW #8 Stand Up Comedy Show,Comedy,2010-02-04,0.0,0.7771,Movie
Cristela Alonzo: Lower Classy,Comedy,2017-01-24,5.933,0.7111,Movie
True: Winter Wishes,"Animation, Adventure, Family",2019-11-26,6.3,0.8467,Movie
RUSSELL BRAND: RE:BIRTH,Comedy,2018-12-04,6.419,0.6437,Movie
Eraserheads: Combo on the Run,"Documentary, Music",2025-03-21,0.0,0.7489,Movie
Mike Epps: Only One Mike,Comedy,2019-06-25,6.867,0.7952,Movie
An Instant Dad,Comedy,2023-11-22,5.5,0.7679,Movie
Gad Gone Wild,Comedy,2017-01-24,6.748,0.651,Movie
Judd Apatow: The Return,Comedy,2017-12-12,6.261,0.6612,Movie
Justin Timberlake + The Tennessee Kids,"Music, Documentary",2016-09-13,7.407,0.7567,Movie
Paradise,"Drama, Crime",2024-06-21,6.0,0.7037,Movie
Bo Burnham: The Inside Outtakes,"Comedy, Music",2022-05-30,8.137,0.7021,Movie
Alexis de Anda: Mea Culpa,Comedy,2017-11-10,3.8,0.7405,Movie
Vir Das: Fool Volume,Comedy,2025-07-17,7.222,0.7287,Movie
Nate: A One Man Show,Comedy,2020-12-01,6.071,0.7897,Movie
Coco y Raulito: Carrusel de ternura,Comedy,2018-07-28,4.5,0.6807,Movie
The Dads,Documentary,2023-03-12,6.1,0.6717,Movie
Jo Koy: Live from the Los Angeles Forum,Comedy,2022-09-13,6.7,0.7256,Movie
The Rachel Divide,Documentary,2018-04-23,6.214,0.6946,Movie
The Seven Deadly Sins: Prisoners of the Sky,"Action, Adventure, Fantasy, Animation",2018-08-18,7.532,0.749,Movie
Dr Jason Leong: Ride with Caution,Comedy,2023-02-09,3.8,0.6592,Movie
The Last Summer,Drama,2020-05-09,3.5,0.6629,Movie
Under Parallel Skies,"Romance, Drama",2024-04-17,6.143,0.7333,Movie
Madam Chief Minister,Drama,2021-01-22,5.8,0.8079,Movie
"From Hello, to Goodbye and Everything in Between",,2024-05-22,9.0,0.7467,Movie
Rodney King,"Drama, Crime",2017-04-28,5.125,0.7542,Movie
ALOHA,,2024-07-05,0.0,0.7021,Movie
It's me against you - The mystery of the spellbound school,"Family, Fantasy",2021-08-18,8.0,0.7486,Movie
"Kim Kwang Seok, an Unfinished Story","Documentary, Music",2022-06-22,1.5,0.7214,Movie
Ronny Chieng: Love to Hate It,Comedy,2024-12-17,6.7,0.7138,Movie
Ayotzinapa: The Turtle's Pace,Documentary,2018-03-13,6.1,0.7213,Movie
NOISE!,"Drama, Horror",2023-10-09,5.0,0.8104,Movie
Tom Papa: Live in New York City,"Comedy, TV Movie",2011-07-01,6.55,0.6658,Movie
Final Fantasy: The Spirits Within - Aki's Dream Reconstruction,,2001-10-21,7.0,0.7385,Movie
AUM!,"Thriller, Drama",2021-09-30,5.5,0.6292,Movie
Oxygène,,2024-10-14,0.0,0.6828,Movie
Hasan Minhaj: The King's Jester,Comedy,2022-10-04,6.952,0.6902,Movie
"2,215",Documentary,2018-09-06,7.1,0.7357,Movie
Kingdom of Us,Documentary,2017-10-07,7.094,0.6303,Movie
Jim Gaffigan: Cinco,Comedy,2017-01-10,6.91,0.6563,Movie
Mo Amer: The Vagabond,Comedy,2018-10-08,5.978,0.6631,Movie
Fary Is the New Black,Comedy,2018-04-03,6.707,0.6898,Movie
Rafinha Bastos: Ultimatum,Comedy,2018-09-21,6.3,0.6821,Movie
Mo Gilligan: Momentum,Comedy,2019-09-30,5.1,0.6194,Movie
Jen Kirkman: I'm Gonna Die Alone (And I Feel Fine),Comedy,2015-05-22,6.821,0.6644,Movie
Jurassic Park III,"Adventure, Thriller, Science Fiction, Action",2001-07-18,6.178,0.7169,Movie
Rory Scovel Tries Stand-Up for the First Time,Comedy,2017-06-20,7.083,0.6723,Movie
Kapil Sharma: I'm Not Done Yet,Comedy,2022-01-28,6.273,0.7482,Movie
I'm Your Venus,Documentary,2024-06-06,6.778,0.7123,Movie
Liss Pereira: Reteniendo Liquidos,Comedy,2019-04-10,6.1,0.6143,Movie
The Modest Heroes of Studio Ponoc,Documentary,2019-06-18,7.214,0.7368,Movie
My Own Man,"Comedy, Documentary, Drama",2014-03-06,6.438,0.6263,Movie
Nikki Glaser: Bangin',Comedy,2019-10-01,6.657,0.7153,Movie
"Ron White: If You Quit Listening, I'll Shut Up",Comedy,2018-10-16,6.079,0.6612,Movie
The Netflix Slam,,2024-03-03,6.5,0.7969,Movie
Searching for Sheela,Documentary,2021-04-22,5.731,0.672,Movie
The Bad Family,"Drama, Documentary",2021-06-15,5.9,0.8006,Movie
"Martin Matte : La vie, la mort... eh la la..!",Comedy,2019-10-14,7.75,0.5977,Movie
John Was Trying to Contact Aliens,Documentary,2020-01-23,6.133,0.701,Movie
Oprah + Viola: A Netflix Special Event,"Documentary, TV Movie",2022-04-22,6.412,0.595,Movie
After Maria,Documentary,2019-04-28,5.522,0.7078,Movie
Republic of South Ah Sh**t,Comedy,2023-07-28,3.0,0.7613,Movie
Chhota Bheem: The Blue Mountain,,2013-01-01,10.0,0.7268,Movie
Daniel Sosa: Maleducado,Comedy,2019-06-28,6.5,0.6488,Movie
After the Raid,Documentary,2019-12-19,5.5,0.7071,Movie
Katt Williams: Great America,Comedy,2018-01-16,5.826,0.6714,Movie
"Mariusz Kałamaga, Karol Kopiec, Wiolka Walaszczyk, Hilarious Trio",Comedy,2017-02-18,1.0,0.7597,Movie
Aziz Ansari: Buried Alive,Comedy,2013-11-01,6.97,0.6929,Movie
Fernando Sanjiao: Hombre,Comedy,2018-05-25,5.0,0.7496,Movie
The Vow,"Drama, Romance, Comedy",2024-05-29,0.0,0.5783,Movie
Jimmy Carr: The Best of Ultimate Gold Greatest Hits,Comedy,2019-03-12,7.039,0.6022,Movie
Moro,"Action, Drama",2023-10-06,5.0,0.6291,Movie
Happy Birthday,"Action, Comedy",2022-07-08,5.8,0.6723,Movie
Monday First Screening,"Romance, Comedy, Drama",2023-08-30,0.0,0.6198,Movie
Golden Hour Billkin The First Fan Meeting,Music,2022-10-08,0.0,0.6236,Movie
The Witcher Season One Recap: From the Beginning,Action,2021-12-17,5.7,0.709,Movie
Jo Koy: Live from Seattle,Comedy,2017-03-28,6.814,0.6613,Movie
Sebastian Maniscalco: Stay Hungry,"Comedy, TV Movie",2019-01-15,6.397,0.6137,Movie
The Harouns,"Drama, Thriller",2023-12-26,3.0,0.6916,Movie
Horizon,Documentary,2024-01-04,0.0,0.6797,Movie
Manoranjan,"Comedy, Romance",1974-01-11,5.0,0.7239,Movie
DEAW #4 Stand Up Comedy Show,Comedy,1999-10-01,0.0,0.6051,Movie
Deive Leonardo - Antes & Depois,Documentary,2025-08-10,10.0,0.7607,Movie
Guillermo Vilas: Settling the Score,Documentary,2020-10-27,7.269,0.7358,Movie
Lynne Koplitz: Hormonal Beast,Comedy,2017-08-22,5.433,0.6031,Movie
A StoryBots Space Adventure,"Animation, Family",2021-11-09,2.0,0.6722,Movie
Amit Tandon: Family Tandoncies,Comedy,2020-02-28,6.2,0.6594,Movie
Jen Kirkman: Just Keep Livin'?,Comedy,2017-01-02,6.514,0.6786,Movie
Best of Stand-Up 2022,Comedy,2022-12-30,3.9,0.7503,Movie
D.L. Hughley: Contrarian,"Comedy, Documentary, TV Movie",2018-09-18,5.278,0.679,Movie
"Ram Dass, Going Home",Documentary,2017-09-24,5.919,0.57,Movie
Chhota Bheem and the Shinobi Secret,"Adventure, Animation, Comedy",2013-11-03,0.0,0.6303,Movie
Brian Regan: On the Rocks,Comedy,2021-02-23,6.7,0.5909,Movie
Private Network: Who Killed Manuel Buendía?,"Documentary, History",2021-07-14,7.3,0.6863,Movie
The Light We Carry: Michelle Obama and Oprah Winfrey,Documentary,2023-04-25,5.6,0.7247,Movie
Ladies First,Documentary,2017-07-07,7.308,0.7234,Movie
"Out of Many, One",Documentary,2018-12-12,5.3,0.6224,Movie
Daniel Sosa: Sosafado,Comedy,2017-02-03,5.8,0.6882,Movie
Jack Whitehall: Christmas with My Father,Comedy,2019-12-12,5.429,0.6956,Movie
Whindersson Nunes: Isso Definitivamente Não É Um Culto,Comedy,2025-05-09,0.0,0.6365,Movie
Todo lo que sería Lucas Lauriente,Comedy,2018-04-06,6.4,0.6169,Movie
LEAL,Documentary,2025-05-13,5.0,0.6295,Movie
Seth Meyers: Lobby Baby,Comedy,2019-11-05,7.019,0.6995,Movie
Ngayon Kaya,"Romance, Drama",2022-06-22,9.0,0.6485,Movie
Everything Is Fine,Drama,2021-02-14,0.0,0.5726,Movie
Fakkah Fuzz: Almost Banned,Comedy,2018-01-26,4.6,0.7274,Movie
Joe Rogan: Burn the Boats,Comedy,2024-08-03,4.917,0.6479,Movie
Tom Segura: Ball Hog,Comedy,2020-03-24,6.993,0.6512,Movie
Mama Retreat,Horror,2021-10-15,4.1,0.6888,Movie
David A. Arnold: It Ain't for the Weak,Comedy,2022-07-19,6.313,0.6202,Movie
Chhota Bheem: Dholakpur to Kathmandu,"Animation, Action, Adventure",2012-03-25,6.0,0.682,Movie
Voices,Documentary,2025-04-02,7.5,0.7005,Movie
Bert Kreischer: Secret Time,Comedy,2018-08-24,7.225,0.5952,Movie
Will You Marry?,"Drama, Comedy, Romance",2021-10-22,4.0,0.6533,Movie
Tom Papa: Home Free,Comedy,2024-10-29,6.0,0.6315,Movie
The Claudia Kishi Club,Documentary,2020-03-26,5.25,0.6502,Movie
Chadi Jawani Budhe Nu,,1976-01-01,6.0,0.6114,Movie
Marco Luque - We are together,Comedy,2017-06-15,5.1,0.653,Movie
Craig Ferguson: Tickle Fight,Comedy,2017-12-05,6.0,0.6441,Movie
Iliza Shlesinger: Confirmed Kills,Comedy,2016-09-23,6.237,0.7149,Movie
DeRay Davis: How to Act Black,Comedy,2017-11-14,6.3,0.6281,Movie
Bert Kreischer: Razzle Dazzle,Comedy,2023-03-14,6.879,0.6578,Movie
A Go! Go! Cory Carson Christmas,"Animation, Family",2020-11-27,6.6,0.6606,Movie
Catching Feelings,"Romance, Comedy, Drama",2017-06-18,4.688,0.6429,Movie
Bert Kreischer: Hey Big Boy,Comedy,2020-03-17,6.569,0.5785,Movie
Lessons from a School Shooting: Notes from Dunblane,Documentary,2018-09-28,5.9,0.7786,Movie
Wave of Cinema: Nanti Kita Cerita Tentang Hari Ini,"Documentary, Music",2020-09-25,0.0,0.5838,Movie
Jonas,Drama,2016-05-01,2.0,0.7454,Movie
Govinda Govinda,"Comedy, Thriller, Crime",2021-11-26,0.0,0.6828,Movie
Hotel Underground,"Action, Thriller",2023-12-01,1.0,0.5738,Movie
Mercury 13,Documentary,2018-04-08,6.689,0.7099,Movie
Time to Dance,"Drama, Romance",2021-03-12,4.0,0.6613,Movie
Michelle Wolf: The Well,Comedy,2025-10-21,6.714,0.665,Movie
"Dana Carvey: Straight White Male, 60","Comedy, Documentary, TV Movie",2016-11-04,6.273,0.6506,Movie
Matsuko in Real Life,Documentary,2025-01-04,7.0,0.5929,Movie
Making Malinche: A Documentary by Nacho Cano,"Documentary, Music",2021-10-12,7.0,0.6139,Movie
Caught Out: Crime. Corruption. Cricket.,Documentary,2023-03-17,5.5,0.6391,Movie
Soy Rada: Serendipity,Comedy,2021-05-27,4.5,0.6741,Movie
Mark Normand: Soup to Nuts,Comedy,2023-07-25,6.25,0.6271,Movie
Mo Gilligan: There's Mo to Life,Comedy,2022-02-17,6.273,0.5867,Movie
Ryan Hamilton: Happy Face,Comedy,2017-08-29,6.897,0.6005,Movie
Her Excellency Mum,Comedy,2022-02-09,0.0,0.6456,Movie
Carlos Ballarta: el amor es de putos,,2016-11-18,6.9,0.6018,Movie
"¿Nos casamos? Sí, mi amor","Comedy, Romance",2022-02-03,2.167,0.6043,Movie
George Lopez: We'll Do It for Half,"Comedy, Documentary, TV Movie",2020-06-30,5.3,0.6481,Movie
Super Monsters: Vida's First Halloween,"Animation, Family, Comedy",2019-10-04,4.636,0.5934,Movie
"The Other One: The Long, Strange Trip of Bob Weir","Documentary, Music",2014-04-20,6.8,0.6957,Movie
Runs in the Family,"Adventure, Comedy, Drama",2023-06-01,1.0,0.6249,Movie
Judah Friedlander: America Is the Greatest Country in the United States,"Comedy, Documentary",2017-10-31,7.208,0.5977,Movie
Making Athena,Documentary,2022-09-30,7.5,0.6257,Movie
LiSA Another Great Day,"Documentary, Music",2022-10-18,8.25,0.6746,Movie
Gen Hoshino presents MAD HOPE MAD MUSIC,Music,2026-04-15,0.0,0.5758,Movie
"Now There's 3 of Us? Sí, Mi Amor.",Comedy,2024-01-25,6.5,0.5789,Movie
Tom Papa: What a Day!,Comedy,2022-12-13,6.958,0.6149,Movie
Bruna Louise: Demolition,Comedy,2022-06-22,5.2,0.6104,Movie
#IamVanessaGuillen,,2021-09-30,0.0,0.6009,Movie
Fadily Camara: La plus drôle de tes copines,Comedy,2019-11-14,6.3,0.678,Movie
"Michela Giraud: The Truth, I Swear!",Comedy,2022-04-06,5.0,0.6386,Movie
"English Only, Please","Comedy, Romance",2014-12-25,7.0,0.5936,Movie
"Do Paise Ki Dhoop, Chaar Aane Ki Baarish",Drama,2009-05-22,6.0,0.5972,Movie
Hannah Gadsby's Gender Agenda,Comedy,2024-03-04,5.423,0.624,Movie
Yuri Marçal: Honest Mistake,Comedy,2022-06-02,7.0,0.6231,Movie
Mathieu Dufour at Bell Centre,Comedy,2022-12-22,2.7,0.588,Movie
Southern All Stars: Chigasaki Live 2023,Music,2024-02-02,0.0,0.5704,Movie
The Spokeswoman,Documentary,2020-11-23,6.8,0.5959,Movie
Cem Yılmaz: Diamond Elite Platinum Plus,"Comedy, TV Movie",2021-12-31,6.173,0.6245,Movie
The Edge of Town,Drama,2020-09-24,2.0,0.6238,Movie
Edoardo Ferrario: Temi Caldi,"TV Movie, Comedy",2019-03-15,6.6,0.6818,Movie
Recovery Boys,Documentary,2018-05-01,6.5,0.6111,Movie
Vir Das: For India,Comedy,2020-01-26,8.125,0.5576,Movie
Bert Kreischer: Lucky,Comedy,2025-03-17,6.435,0.596,Movie
Making The Helicopter Heist,Documentary,2024-11-28,10.0,0.5402,Movie
Adam Devine: Best Time of Our Lives,"Comedy, TV Movie",2019-06-17,6.24,0.597,Movie
Making Transatlantic,Documentary,2023-04-07,3.3,0.7633,Movie
Sinam,Drama,2021-01-22,2.0,0.5928,Movie
Black Sunshine Baby,Documentary,2023-01-24,6.0,0.5688,Movie
Jenny Slate: Stage Fright,Comedy,2019-10-22,6.0,0.6118,Movie
"Kevin Hart: ""What Now?"" All Access","Comedy, Documentary",2016-01-01,1.5,0.545,Movie
Kambili: The Whole 30 Yards,"Comedy, Romance",2021-06-18,2.0,0.5715,Movie
Neal Brennan: Crazy Good,Comedy,2024-04-08,6.9,0.5776,Movie
Ari Shaffir: America's Sweetheart,Comedy,2025-01-14,6.5,0.5876,Movie
Six in the City,Comedy,2023-05-05,0.0,0.5622,Movie
Adire,Drama,2023-09-03,0.0,0.4906,Movie
Joaquín Reyes: Una y no más,Comedy,2017-09-08,5.2,0.7018,Movie
David Batra: Elephant in The Room,Comedy,2020-04-01,5.0,0.6224,Movie
Dusty Slay: Wet Heat,Comedy,2025-07-29,5.9,0.6147,Movie
Before Life After Death,Drama,2022-11-26,0.0,0.6106,Movie
Derrick Stroup: Nostalgic,Comedy,2026-03-10,4.9,0.5474,Movie
Sommore: Queen Chandelier,Comedy,2023-02-21,6.2,0.6092,Movie
Whispers in the Wind,Drama,2024-08-21,0.0,0.5507,Movie
Harley & Katya,Documentary,2022-02-07,7.571,0.5593,Movie
Slyth: The Hunt Saga,"Action, Science Fiction, Thriller, Romance",2023-12-05,5.714,0.5003,Movie
Liza Treyger: Night Owl,Comedy,2025-01-28,5.4,0.5526,Movie
Prime,"Drama, Horror, Thriller",2023-07-24,3.0,0.4845,Movie
Print the Legend,"Drama, Western",2023-10-08,6.0,0.5856,Movie
Real Estate Sisters,Comedy,2024-04-26,0.0,0.6083,Movie
Hari Kondabolu: Warn Your Relatives,Comedy,2018-05-08,5.794,0.5729,Movie
Sam Jay: 3 in the Morning,Comedy,2020-08-03,6.167,0.5861,Movie
4EVE The 1st Concert Friends & Family,,2023-04-29,5.0,0.5291,Movie
Lucas Brothers: On Drugs,Comedy,2017-04-18,5.2,0.5846,Movie
Felipe Neto: My Life Makes No Sense,Comedy,2017-03-24,6.2,0.5225,Movie
Eddie Pence: The (Un)special Comedy Special,Comedy,2020-09-01,2.0,0.6039,Movie
Natalia Valdebenito: El especial,Comedy,2018-03-02,6.2,0.8326,Movie
Leanne Morgan: I'm Every Woman,Comedy,2023-04-11,5.444,0.5076,Movie
Jada,Drama,2016-04-14,5.0,0.674,Movie
Carlos Ballarta: furia ñera,Comedy,2018-05-11,7.0,0.5519,Movie
Catherine Cohen: The Twist...? She's Gorgeous,"Comedy, Music",2022-03-15,6.429,0.5421,Movie
Loudon Wainwright III: Surviving Twin,"Music, Documentary",2018-11-13,6.0,0.6016,Movie
Making The Billion Dollar Code,Documentary,2021-10-07,6.357,0.5389,Movie
You and I,,2012-01-16,0.0,0.5399,Movie
Adrienne Iapalucci: The Dark Queen,Comedy,2024-11-12,5.813,0.5438,Movie
My Name Is Mo'Nique,Comedy,2023-04-04,4.2,0.5745,Movie
Mysterious murder,"Mystery, Crime, Horror",2020-11-13,10.0,0.5191,Movie
Hans Teeuwen: Real Rancour,Comedy,2017-07-01,0.0,0.5529,Movie
Leslie Jones: Time Machine,Comedy,2020-01-14,6.074,0.5489,Movie
Casting a Butcher,,2023-01-18,0.0,0.5266,Movie
Adel Karam: Live from Beirut,Comedy,2018-03-01,5.8,0.522,Movie
True: Tricky Treat Day,Animation,2019-09-20,3.3,0.5312,Movie
"Yours Sincerely, Kanan Gill",Comedy,2020-04-24,6.179,0.5569,Movie
Malena Pichot: Estupidez compleja,Comedy,2018-03-02,5.2,0.5325,Movie
Malaal,"Crime, Drama",2021-10-01,0.0,0.5394,Movie
"Fujii Kaze Stadium Live ""Feelin' Good""",Music,2024-12-01,8.3,0.5074,Movie
The Platform,"Comedy, Drama",2025-09-19,10.0,0.51,Movie
Enissa Amani: Ehrenwort,Comedy,2018-04-26,5.9,0.5047,Movie
Hasan Minhaj: Off with His Head,Comedy,2024-10-21,7.238,0.4905,Movie
PAGTATAG! The Documentary,"Documentary, Music",2024-08-28,0.0,0.5446,Movie
Colin Quinn: The New York Story,Comedy,2016-11-18,5.98,0.5335,Movie
The Nth Room case: The Making of a Monster,Documentary,2021-05-28,4.0,0.5129,Movie
Steph Tolev: Filth Queen,Comedy,2025-06-24,5.4,0.5236,Movie
One Take,Drama,2019-06-05,0.0,0.6048,Movie
Past Is Past,Comedy,2026-03-19,0.0,0.5575,Movie
Zion,,2022-08-29,0.0,0.5641,Movie
Ari Shaffir: JEW,Comedy,2022-11-02,8.2,0.5685,Movie
Miranda Sings Live... Your Welcome,"Comedy, Music",2019-06-04,5.4,0.5053,Movie
Trevor Noah: Lost In Translation,Comedy,2015-11-22,6.4,0.5507,Movie
Vir Das: Abroad Understanding,Comedy,2017-04-25,6.821,0.5143,Movie
Loyiso Gola: Unlearning,Comedy,2021-03-23,5.8,0.5476,Movie
Alan Saldaña: mi vida de pobre,Comedy,2017-08-04,5.0,0.5235,Movie
The Witcher Bestiary Season 2,Documentary,2022-08-23,6.607,0.5011,Movie
Maz Jobrani: Immigrant,Comedy,2017-08-01,5.96,0.4993,Movie
Vir Das: Losing It,Comedy,2018-12-11,7.242,0.5207,Movie
Delivery From Earth,"Family, Science Fiction",2014-02-15,2.0,0.4962,Movie
Todd Glass: Act Happy,Comedy,2018-01-23,5.647,0.5107,Movie
Inheritance,Drama,2022-06-09,7.375,0.5218,Movie
Chhota Bheem Aur Ganesh in The Amazing Odyssey,,2012-01-01,8.5,0.4902,Movie
Arango y Sanint: Ríase el show,Comedy,2018-01-17,3.5,0.4493,Movie
Blue Again,Drama,2022-12-08,7.8,0.538,Movie
What Was Left Behind,Drama,2024-09-03,0.0,0.5255,Movie
"Edmilson Filho: Notas, Comedy about Relationships",,2018-03-08,5.5,0.5046,Movie
What Are The Odds?,"Music, Documentary",2021-05-28,6.0,0.551,Movie
Mighty Express: Train Trouble,"Animation, Family",2022-01-18,8.0,0.5104,Movie
Mo Amer: Wild World,Comedy,2025-10-27,7.5,0.4943,Movie
Los Tigres del Norte at Folsom Prison,"Music, Documentary",2019-09-05,6.4,0.4991,Movie
Chhota Bheem Shakti Astra Ki Khoj,"Action, Adventure, Animation",2023-11-11,0.0,0.4777,Movie
Chhota Bheem: Master of Shaolin,"Animation, Adventure, Action, TV Movie",2011-07-21,8.0,0.6245,Movie
The Other Shore: The Diana Nyad Story,Documentary,2013-07-23,6.833,0.5704,Movie
Mike Epps: Don't Take It Personal,Comedy,2015-12-18,5.556,0.4656,Movie
Renaissance,Documentary,2023-03-09,2.0,0.4994,Movie
Resurface,Documentary,2017-04-23,6.8,0.4797,Movie
W. Kamau Bell: Private School Negro,Comedy,2018-06-26,6.095,0.4743,Movie
A Go! Go! Cory Carson Christmas on Nicktoons,"Family, Animation, TV Movie",2023-12-28,5.0,0.4539,Movie
Ricardo Quevedo: los amargados somos más,Documentary,2019-04-03,8.2,0.5491,Movie
BOWKYLION LANTA CONCERT,Music,2024-01-01,0.0,0.4355,Movie
A Tale of Two Kitchens,Documentary,2019-05-22,5.9,0.4854,Movie
Dinner,"Drama, Thriller",2016-11-11,0.0,0.5906,Movie
Chhota Bheem and the Broken Amulet,,2013-02-06,0.0,0.4635,Movie
Smart Casuals,Romance,2024-04-12,7.0,0.4682,Movie
Francesco de Carlo: Cose di Questo Mondo,Comedy,2019-04-12,6.6,0.4791,Movie
Angèle: Special voor De Warmste Week,,2021-12-22,0.0,0.5292,Movie
The Roommate,"Thriller, Horror, Drama",2022-10-06,4.0,0.5617,Movie
Aditi Mittal: Things They Wouldn't Let Me Say,Comedy,2017-07-18,4.4,0.4445,Movie
Alone,,2018-05-25,1.333,0.4694,Movie
Hannah Gadsby: Something Special,Comedy,2023-05-09,6.609,0.5122,Movie
"The Witcher Bestiary Season 1, Part 2",Documentary,2020-12-18,6.722,0.4705,Movie
Nate Jackson: Super Funny,Comedy,2025-07-07,5.3,0.4656,Movie
King of Boys (Abattoir of Makoko),,2015-10-29,2.0,0.4592,Movie
Alan Saldaña: Locked Up,Comedy,2021-06-03,6.0,0.4527,Movie
Confinement,,2018-05-17,6.0,0.4331,Movie
"The Witcher Bestiary Season 1, Part 1",Documentary,2020-05-10,6.283,0.4448,Movie
Kuch Kuch Hota Hai,,2020-02-04,8.0,0.452,Movie
Brian Regan: Nunchucks and Flamethrowers,Comedy,2017-11-21,5.6,0.5315,Movie
Hello Carbot Allstar Special,Animation,2024-07-31,0.0,0.4457,Movie
She,"Animation, Comedy, Romance",2024-10-13,6.0,0.4861,Movie
Chhota Bheem: The Great War of the Great Devil,"Animation, Action, Adventure",2023-08-13,0.0,0.4647,Movie
Ricardo Quevedo: Hay gente así,Comedy,2018-01-24,7.3,0.4285,Movie
Casti whatever it costs,Comedy,2024-12-05,0.0,0.4858,Movie
Making The Leopard,Documentary,2025-03-20,0.0,0.4419,Movie
Blippi’s Wonderful Talent Show,,2024-10-28,0.0,0.4488,Movie
Otherhood,,2023-07-08,0.0,0.422,Movie
White Christmas Fireplace,,2024-12-01,0.0,0.4453,Movie
Assassin’s Creed VR Experience,,2016-12-01,0.0,0.4628,Movie
Villains in the Metropolis,Thriller,2023-12-14,0.0,0.4265,Movie
The Ladies With Style,Documentary,2023-11-22,6.0,0.4264,Movie
Childish,"Drama, Crime",2022-04-29,2.0,0.4833,Movie
Ной,Documentary,2024-08-24,0.0,0.415,Movie
Night of Their Break-up,,2023-05-26,3.0,0.4479,Movie
Trainwreck,Animation,2018-11-14,0.0,0.4066,Movie
Super 8 ½,"Drama, Documentary, Comedy",2004-11-21,0.0,0.4146,Movie
Uncredited: The Story of Passinho,Documentary,2025-02-19,6.0,0.4066,Movie
aiko Love Like Aloha vol.7,,2024-11-22,0.0,0.4202,Movie
Making Unorthodox,Documentary,2020-03-26,7.577,0.4093,Movie
Dia de Los Muertos,,2021-12-31,2.0,0.4323,Movie
Ballots,"Comedy, Drama",2024-10-23,0.0,0.4084,Movie
Noah,Mystery,2025-09-11,0.0,0.4077,Movie
Checkpoint,Documentary,2022-12-22,0.0,0.426,Movie
Mid-Century Modern Fireplace,,2024-12-17,0.0,0.4257,Movie
Branca de Neve e o Caçador Alvarenguense,Fantasy,2023-11-15,0.0,0.4025,Movie
Under the Igloo's Shadow,Animation,2025-11-14,0.0,0.4235,Movie
Vantage Point,,2023-09-01,0.0,0.4219,Movie
"Rafał Banaś, Michał Leja, Laugh out Loud",,,0.0,0.4,Movie
Grego Rossello: Disculpe las molestias,Comedy,2019-10-31,3.0,0.4531,Movie
Aurangzeb,"Thriller, Action, Drama",2013-05-17,6.0,0.0542,Movie
Grave of the Fireflies,"Animation, Drama, War",1988-04-16,8.449,0.0202,Movie
The Mentalist,"Crime, Drama, Mystery",2008-09-23,8.4,376.412,TV Shows
Law & Order: Special Victims Unit,"Crime, Drama, Mystery",1999-09-20,7.959,255.6058,TV Shows
The Rookie,"Crime, Drama, Comedy",2018-10-16,8.537,237.566,TV Shows
The Gentlemen,"Comedy, Drama, Crime",2024-03-07,7.842,223.9661,TV Shows
House,Drama,2004-11-16,8.563,205.1912,TV Shows
The Good Doctor,Drama,2017-09-25,8.453,191.4998,TV Shows
Sesame Street,"Kids, Comedy",1969-11-10,7.132,155.1938,TV Shows
Shameless,"Drama, Comedy",2011-01-09,8.164,160.1405,TV Shows
Breaking Bad,"Drama, Crime",2008-01-20,8.95,182.4655,TV Shows
Teen Titans Go!,"Animation, Action & Adventure, Comedy, Family, Sci-Fi & Fantasy",2013-04-23,6.415,150.0913,TV Shows
The Office,Comedy,2005-03-24,8.581,156.0675,TV Shows
Good Mythical Morning,Comedy,2012-01-09,6.926,119.9644,TV Shows
Spartacus,Drama,2010-01-22,8.028,115.5388,TV Shows
Rick and Morty,"Animation, Comedy, Sci-Fi & Fantasy, Action & Adventure",2013-12-02,8.68,161.8961,TV Shows
Friends,Comedy,1994-09-22,8.409,137.3871,TV Shows
Raw,Reality,1993-01-11,6.8,120.1821,TV Shows
Dexter,"Crime, Drama, Mystery",2006-10-01,8.241,132.1422,TV Shows
Smallville,"Sci-Fi & Fantasy, Action & Adventure, Drama",2001-10-16,8.186,123.2382,TV Shows
Mushoku Tensei: Jobless Reincarnation,"Action & Adventure, Animation, Sci-Fi & Fantasy",2021-01-11,8.409,135.0974,TV Shows
Bleach,"Action & Adventure, Animation, Sci-Fi & Fantasy",2004-10-05,8.3,114.3984,TV Shows
The Early Spring,Drama,2026-08-26,8.375,130.3641,TV Shows
Fauda,"Drama, Action & Adventure, War & Politics",2015-02-15,7.4,134.9221,TV Shows
S.W.A.T.,"Crime, Action & Adventure, Drama",2017-11-02,8.032,115.8515,TV Shows
Hawaii Five-0,"Crime, Drama, Action & Adventure",2010-09-20,7.733,111.0292,TV Shows
The Blacklist,"Drama, Crime, Mystery",2013-09-23,7.632,113.6539,TV Shows
Yellowstone,"Western, Drama",2018-06-20,8.269,111.0623,TV Shows
SEAL Team,"Action & Adventure, Drama, War & Politics",2017-09-27,8.031,114.295,TV Shows
Miraculous: Tales of Ladybug & Cat Noir,"Action & Adventure, Animation, Kids",2015-10-19,8.1,105.7843,TV Shows
The Walking Dead,"Action & Adventure, Drama, Sci-Fi & Fantasy",2010-10-31,8.081,105.2143,TV Shows
Vikings,"Action & Adventure, Drama, War & Politics",2013-03-03,8.101,120.4487,TV Shows
Trust Me: The False Prophet,"Documentary, Crime",2026-04-08,7.485,115.3788,TV Shows
Chicago P.D.,"Crime, Drama",2014-01-08,8.422,107.211,TV Shows
The Vampire Diaries,"Drama, Sci-Fi & Fantasy",2009-09-10,8.299,98.9363,TV Shows
Outer Banks,"Action & Adventure, Mystery",2020-04-15,8.237,93.0076,TV Shows
PAW Patrol,"Animation, Kids",2013-08-12,6.969,100.1757,TV Shows
Stranger Things,"Action & Adventure, Mystery, Sci-Fi & Fantasy",2016-07-15,8.552,104.0015,TV Shows
Suits,Drama,2011-06-23,8.222,94.8161,TV Shows
Outlander,"Drama, Sci-Fi & Fantasy",2014-08-09,8.201,92.7778,TV Shows
Detective Conan,"Animation, Crime, Mystery, Comedy",1996-01-08,8.008,104.1587,TV Shows
WWE NXT,"Action & Adventure, Drama, Reality",2010-02-23,6.7,89.9308,TV Shows
Young Sheldon,"Comedy, Family, Drama",2017-09-25,8.024,86.4127,TV Shows
Beauty in Black,Drama,2024-10-24,8.363,87.0667,TV Shows
Gilmore Girls,"Comedy, Drama",2000-10-05,7.883,86.657,TV Shows
One Tree Hill,Drama,2003-09-23,7.808,85.2252,TV Shows
Re:ZERO -Starting Life in Another World-,"Animation, Mystery, Action & Adventure, Sci-Fi & Fantasy",2016-04-04,8.106,83.0665,TV Shows
Person of Interest,"Action & Adventure, Crime, Sci-Fi & Fantasy",2011-09-22,8.096,80.8686,TV Shows
Naruto Shippūden,"Animation, Action & Adventure, Sci-Fi & Fantasy",2007-02-15,8.5,85.8823,TV Shows
WWE Friday Night SmackDown,Reality,1999-04-29,7.4,71.5215,TV Shows
Hunter x Hunter,"Animation, Action & Adventure, Sci-Fi & Fantasy",2011-10-02,8.657,74.0547,TV Shows
Peaky Blinders,"Drama, Crime",2013-09-12,8.526,80.1542,TV Shows
Ranma1/2,"Animation, Action & Adventure, Comedy",2024-10-06,8.093,78.5867,TV Shows
Peppa Pig,"Animation, Kids",2004-05-31,6.521,74.5564,TV Shows
Better Call Saul,"Crime, Drama",2015-02-08,8.71,71.1882,TV Shows
Lucifer,"Crime, Sci-Fi & Fantasy",2016-01-25,8.429,74.5882,TV Shows
Riverdale,"Crime, Drama, Mystery",2017-01-26,8.399,76.9037,TV Shows
The Chosen,"Action & Adventure, Family, Drama",2019-04-21,8.792,70.2659,TV Shows
The Night Agent,"Action & Adventure, Drama, Mystery",2023-03-23,7.696,59.614,TV Shows
JUJUTSU KAISEN,"Animation, Sci-Fi & Fantasy, Action & Adventure",2020-10-03,8.579,66.9575,TV Shows
Ninjago: Masters of Spinjitzu,"Animation, Action & Adventure, Sci-Fi & Fantasy, Comedy, Family",2012-01-11,7.967,66.853,TV Shows
Dragon Ball Z,"Animation, Sci-Fi & Fantasy, Action & Adventure",1989-04-26,8.378,72.4781,TV Shows
The Apothecary Diaries,"Animation, Drama, Mystery",2023-10-22,8.626,61.8162,TV Shows
Seinfeld,Comedy,1989-07-05,8.252,65.7674,TV Shows
WWE Superstars,"Action & Adventure, Drama, Reality",2009-04-16,7.3,60.7584,TV Shows
Gossip Girl,Drama,2007-09-19,8.135,61.4497,TV Shows
JoJo's Bizarre Adventure,"Animation, Action & Adventure, Sci-Fi & Fantasy",2012-10-06,8.553,61.4962,TV Shows
Drifting Dragons,"Animation, Action & Adventure, Sci-Fi & Fantasy",2020-01-09,7.186,38.6386,TV Shows
Neon Genesis Evangelion,"Sci-Fi & Fantasy, Animation, Drama",1995-10-04,8.6,61.6873,TV Shows
You,"Mystery, Crime, Drama",2018-09-09,8.003,60.8502,TV Shows
The Sandman,"Sci-Fi & Fantasy, Drama, Action & Adventure",2022-08-05,7.849,57.7845,TV Shows
Frieren: Beyond Journey's End,"Animation, Action & Adventure, Drama, Sci-Fi & Fantasy",2023-09-29,8.798,63.815,TV Shows
The Middle,Comedy,2009-09-30,7.559,69.8214,TV Shows
Heroes,"Sci-Fi & Fantasy, Drama",2006-09-25,7.442,54.4122,TV Shows
Heartland,"Family, Drama, Comedy",2007-10-14,8.241,59.7273,TV Shows
Avatar: The Last Airbender,"Action & Adventure, Sci-Fi & Fantasy, Drama, Family",2024-02-22,7.772,59.43,TV Shows
ER,Drama,1994-09-19,7.814,52.8194,TV Shows
Black Mirror,"Sci-Fi & Fantasy, Drama, Mystery",2011-12-04,8.288,57.3289,TV Shows
Wednesday,"Sci-Fi & Fantasy, Mystery, Comedy",2022-11-23,8.331,56.3871,TV Shows
BoJack Horseman,"Animation, Comedy, Drama",2014-08-22,8.529,47.3703,TV Shows
SPY x FAMILY,"Animation, Action & Adventure, Comedy",2022-04-09,8.5,50.3142,TV Shows
My Little Pony: Friendship Is Magic,"Animation, Comedy, Sci-Fi & Fantasy, Kids",2010-10-10,8.178,51.4344,TV Shows
LEGO Ninjago: Dragons Rising,"Animation, Kids, Action & Adventure",2023-06-01,8.0,53.061,TV Shows
Naruto,"Animation, Action & Adventure, Sci-Fi & Fantasy",2002-10-03,8.362,49.9561,TV Shows
C.I.D.,"Action & Adventure, Crime, Drama, Mystery",1998-01-21,5.7,45.1759,TV Shows
Bridgerton,Drama,2020-12-25,8.05,53.7401,TV Shows
Arcane,"Animation, Action & Adventure, Sci-Fi & Fantasy",2021-11-06,8.747,51.1194,TV Shows
Brooklyn Nine-Nine,"Comedy, Crime",2013-09-17,8.211,49.0907,TV Shows
The Last Kingdom,"Action & Adventure, Drama, War & Politics",2015-10-10,8.256,47.9629,TV Shows
Community,Comedy,2009-09-17,7.996,45.7074,TV Shows
Animal Kingdom,"Crime, Drama",2016-06-14,7.774,47.8069,TV Shows
Orange Is the New Black,"Drama, Comedy, Crime",2013-07-11,7.648,55.0979,TV Shows
Sex Education,"Comedy, Drama",2019-01-11,8.193,52.2147,TV Shows
The Crown,Drama,2016-11-04,8.183,46.7992,TV Shows
Elite,"Crime, Mystery, Drama",2018-10-05,8.002,48.3072,TV Shows
The Witcher,"Sci-Fi & Fantasy, Drama, Action & Adventure",2019-12-20,7.891,47.9295,TV Shows
Emily in Paris,"Drama, Comedy",2020-10-02,7.545,44.2751,TV Shows
Our Sticky Love,"Drama, Comedy",2026-08-07,8.703,48.7596,TV Shows
Cobra Kai,"Action & Adventure, Drama, Comedy",2018-05-02,8.195,44.8698,TV Shows
Squid Game,"Action & Adventure, Mystery, Drama",2021-09-17,7.854,41.5057,TV Shows
The Big Bang Theory,Comedy,2007-09-24,7.926,46.6362,TV Shows
The Fragrant Flower Blooms with Dignity,"Animation, Drama",2025-07-06,8.67,38.727,TV Shows
Everwood,"Drama, Family",2002-09-16,7.603,43.7261,TV Shows
The King of Queens,Comedy,1998-09-21,7.142,42.4082,TV Shows
Teach You a Lesson,"Action & Adventure, Drama, Comedy",2026-06-05,9.4,45.9237,TV Shows
The Amazing World of Gumball,"Animation, Family, Sci-Fi & Fantasy, Comedy",2011-05-03,8.5,43.661,TV Shows
Overlord,"Animation, Sci-Fi & Fantasy, Action & Adventure",2015-07-07,8.444,37.1333,TV Shows
Monster,"Animation, Drama, Mystery, Crime",2004-04-07,8.5,37.5708,TV Shows
Welcome to Demon School! Iruma-kun,"Animation, Comedy, Sci-Fi & Fantasy",2019-10-05,8.3,40.748,TV Shows
The Tudors,"Drama, ",2007-04-01,7.82,47.1621,TV Shows
Snowpiercer,"Sci-Fi & Fantasy, Drama",2020-05-17,7.345,41.3772,TV Shows
The Lincoln Lawyer,"Drama, Crime",2022-05-13,7.719,42.3311,TV Shows
Mousetrap,"Crime, Drama, Mystery",2026-08-28,8.143,38.468,TV Shows
My Life with the Walter Boys,Drama,2023-12-07,7.815,34.9766,TV Shows
Weak Hero,"Action & Adventure, Drama",2022-11-18,8.685,41.8008,TV Shows
Falling Skies,"Action & Adventure, Sci-Fi & Fantasy, Drama",2011-06-19,7.124,38.1787,TV Shows
That Time I Got Reincarnated as a Slime,"Action & Adventure, Animation, Sci-Fi & Fantasy, Comedy",2018-10-02,8.415,42.1375,TV Shows
Dark,"Crime, Drama, Sci-Fi & Fantasy, Mystery",2017-12-01,8.427,36.3231,TV Shows
Archer,"Comedy, Action & Adventure, Animation",2009-09-17,7.929,35.8868,TV Shows
House of Cards,Drama,2013-02-01,8.005,36.8188,TV Shows
NANA,"Animation, Drama",2006-04-05,8.5,32.3219,TV Shows
Alice in Borderland,"Mystery, Drama, Action & Adventure",2020-12-10,8.09,35.6725,TV Shows
Beat Bobby Flay,Reality,2013-08-24,6.383,30.703,TV Shows
Manifest,"Sci-Fi & Fantasy, Mystery, Drama",2018-09-24,7.61,35.0978,TV Shows
Weeds,"Comedy, Crime, Drama",2005-08-07,7.479,34.0632,TV Shows
Rescue Me,Drama,2004-07-21,7.541,33.151,TV Shows
Masha and the Bear,"Animation, Family, Kids, Comedy",2009-01-07,6.8,33.2778,TV Shows
The Cleaning Lady,"Crime, Drama",2022-01-03,7.438,36.0261,TV Shows
Death Note,"Animation, Mystery, Sci-Fi & Fantasy",2006-10-04,8.618,35.8783,TV Shows
Agent Kim Reactivated,"Action & Adventure, Crime, Drama",2026-06-26,8.465,34.9001,TV Shows
DAHMER - Monster: The Jeffrey Dahmer Story,"Crime, Drama",2022-09-21,7.955,41.413,TV Shows
Lovesick,Drama,2026-09-02,7.667,34.1901,TV Shows
Chainsmoker Cat,"Animation, Comedy, Sci-Fi & Fantasy",2026-07-03,8.508,38.4659,TV Shows
India's Got Latent,"Reality, Comedy",2024-06-14,8.7,34.9157,TV Shows
Classroom of the Elite,"Animation, Drama, Mystery",2017-07-12,8.423,32.9657,TV Shows
Tokyo Ghoul,"Animation, Drama, Sci-Fi & Fantasy",2014-07-04,8.257,34.8395,TV Shows
Dr. Romantic,Drama,2016-11-07,8.11,34.3012,TV Shows
30 Rock,Comedy,2006-10-11,7.495,52.0065,TV Shows
Haikyu!!,"Animation, Comedy, Drama",2014-04-06,8.614,32.013,TV Shows
Bloodhounds,"Drama, Action & Adventure, Crime",2023-06-09,8.509,35.887,TV Shows
Superstore,Comedy,2015-11-30,7.535,35.9163,TV Shows
I Will Find You,"Drama, Mystery, Crime",2026-06-18,8.197,34.1815,TV Shows
Titans,"Drama, Action & Adventure, Sci-Fi & Fantasy",2018-10-12,7.852,33.6691,TV Shows
LEGO DREAMZzz,"Animation, Sci-Fi & Fantasy, Action & Adventure, Kids",2023-05-15,7.8,31.2409,TV Shows
Money Heist,"Crime, Drama",2017-05-02,8.231,33.4437,TV Shows
Grace and Frankie,"Comedy, Drama",2015-05-08,7.728,28.8047,TV Shows
New Amsterdam,Drama,2018-09-25,8.297,33.303,TV Shows
Yu-Gi-Oh! Duel Monsters,"Animation, Action & Adventure",2000-04-18,8.249,30.5077,TV Shows
When Life Gives You Tangerines,Drama,2025-03-07,8.794,28.5566,TV Shows
The Dark Crystal: Age of Resistance,"Sci-Fi & Fantasy, Action & Adventure, Family",2019-08-30,7.831,26.9973,TV Shows
Mob Psycho 100,"Animation, Action & Adventure, Comedy, Sci-Fi & Fantasy",2016-07-12,8.491,30.2268,TV Shows
Parenthood,Drama,2010-03-02,7.465,30.6443,TV Shows
Beyblade X,"Animation, Action & Adventure, Comedy, Sci-Fi & Fantasy, Kids",2023-10-06,7.1,29.5269,TV Shows
13 Reasons Why,"Drama, Mystery",2017-03-31,7.528,27.7094,TV Shows
Narcos,"Crime, Drama",2015-08-28,8.08,31.092,TV Shows
Blood of Zeus,"Animation, Action & Adventure, Sci-Fi & Fantasy",2020-10-27,7.77,28.3871,TV Shows
Delicious in Dungeon,"Animation, Comedy, Action & Adventure, Sci-Fi & Fantasy",2024-01-04,8.4,29.9801,TV Shows
Smoking Behind the Supermarket with You,"Animation, Comedy",2026-07-09,9.0,33.1284,TV Shows
"Four Hands, Two Sonatas",Drama,2026-08-29,9.6,29.7384,TV Shows
Dragons: Race to the Edge,"Family, Animation, Action & Adventure, Sci-Fi & Fantasy",2015-06-26,8.362,27.3229,TV Shows
One-Punch Man,"Animation, Comedy, Action & Adventure, Sci-Fi & Fantasy",2015-10-05,8.365,28.2953,TV Shows
My Demon,"Drama, Comedy",2023-11-24,8.458,31.4998,TV Shows
Murderville,"Comedy, Crime, Mystery",2022-02-03,6.35,33.3343,TV Shows
Grizzy & the Lemmings,"Kids, Animation, Comedy, Family",2016-12-31,7.412,26.9502,TV Shows
BEASTARS,"Animation, Drama, Mystery, Crime",2019-10-10,8.405,26.2811,TV Shows
Scooby-Doo! Mystery Incorporated,"Animation, Mystery, Family, Sci-Fi & Fantasy",2010-07-12,8.232,28.2711,TV Shows
Never Have I Ever,"Comedy, Drama",2020-04-27,8.044,26.9248,TV Shows
Lupin,"Crime, Drama, Mystery",2021-01-08,7.683,28.8927,TV Shows
Dr.STOЯKS,Drama,2015-10-16,7.333,25.9111,TV Shows
Cyberpunk: Edgerunners,"Animation, Action & Adventure, Sci-Fi & Fantasy, Crime",2022-09-13,8.479,28.6551,TV Shows
Daemons of the Shadow Realm,"Animation, Action & Adventure, Sci-Fi & Fantasy",2026-04-04,8.5,28.4573,TV Shows
Dynasty,"Drama, Soap",2017-10-11,8.055,24.2621,TV Shows
The Umbrella Academy,"Action & Adventure, Sci-Fi & Fantasy, Drama",2019-02-15,8.456,27.2039,TV Shows
Shaun the Sheep,"Kids, Animation, Family, Comedy",2007-03-05,7.657,26.6282,TV Shows
Absentia,"Crime, Drama, Mystery",2017-09-25,7.255,25.1376,TV Shows
Yu Yu Hakusho,"Animation, Action & Adventure, Sci-Fi & Fantasy",1992-10-10,8.47,26.9914,TV Shows
Batwheels,"Kids, Animation, Comedy",2022-10-15,7.0,26.8532,TV Shows
Narcos: Mexico,"Drama, Crime",2018-11-16,7.919,28.1431,TV Shows
"Love, Death & Robots","Animation, Sci-Fi & Fantasy",2019-03-15,8.206,26.7605,TV Shows
Ozark,"Crime, Drama",2017-07-21,8.196,27.2879,TV Shows
True Beauty,"Comedy, Drama",2020-12-09,8.28,28.4505,TV Shows
The Sinner,"Crime, Drama",2017-08-02,7.46,26.6052,TV Shows
Power Rangers,"Action & Adventure, Sci-Fi & Fantasy, Kids",1993-08-28,7.091,24.7647,TV Shows
One Hundred Years of Solitude,"Drama, Sci-Fi & Fantasy",2024-12-11,8.057,26.3269,TV Shows
Big Mouth,"Comedy, Animation",2017-09-29,7.606,27.1139,TV Shows
Fighting Spirit,"Animation, Comedy, Drama, Action & Adventure",2000-10-03,8.669,25.7323,TV Shows
Though I Am an Inept Villainess,"Animation, Drama, Sci-Fi & Fantasy",2026-07-12,8.4,26.2671,TV Shows
Blue Box,"Animation, Drama",2024-10-03,7.9,24.1577,TV Shows
Pursuit of Jade,"Drama, Action & Adventure, War & Politics",2026-03-06,8.1,27.063,TV Shows
Vikings: Valhalla,"Action & Adventure, Drama, War & Politics",2022-02-25,7.614,24.1238,TV Shows
My Dress-Up Darling,"Animation, Comedy, Drama",2022-01-09,8.431,25.7049,TV Shows
Stranger Things: Tales from '85,"Animation, Sci-Fi & Fantasy, Mystery, Action & Adventure",2026-04-23,7.6,25.805,TV Shows
Designated Survivor,"Drama, War & Politics",2016-09-21,7.162,25.7471,TV Shows
The Good Place,"Sci-Fi & Fantasy, Comedy",2016-09-19,7.977,24.511,TV Shows
MINDHUNTER,"Drama, Crime",2017-10-13,8.139,26.7952,TV Shows
ONE PIECE,"Action & Adventure, Sci-Fi & Fantasy",2023-08-31,8.113,27.7945,TV Shows
Sneaky Pete,"Drama, Crime",2015-08-07,7.499,25.6681,TV Shows
Victorious,"Comedy, Kids",2010-03-27,8.221,24.7442,TV Shows
Oggy Oggy,"Animation, Kids, Comedy",2021-08-24,6.0,23.9605,TV Shows
Hell's Paradise,"Animation, Action & Adventure, Sci-Fi & Fantasy",2023-04-01,8.215,24.3291,TV Shows
Sparks of Tomorrow,"Animation, Drama, Sci-Fi & Fantasy",2026-07-05,7.8,25.0078,TV Shows
【OSHI NO KO】,"Animation, Drama",2023-04-12,8.293,25.6035,TV Shows
Iron Chef,Reality,1993-10-10,7.26,25.3181,TV Shows
The Bad Guys: The Series,"Animation, Crime, Comedy, Family",2025-11-06,6.925,21.3374,TV Shows
"XO, Kitty","Comedy, Drama",2023-05-18,8.1,25.2323,TV Shows
Resident Alien,Sci-Fi & Fantasy,2021-01-27,7.788,24.6882,TV Shows
Tomb Raider: The Legend of Lara Croft,"Action & Adventure, Animation",2024-10-10,6.441,25.9778,TV Shows
Disenchantment,"Animation, Comedy, Action & Adventure, Sci-Fi & Fantasy",2018-08-17,7.402,21.6935,TV Shows
Zig and Sharko,"Family, Comedy, Animation",2010-12-21,0.0,22.131,TV Shows
Fairy Tail,"Animation, Action & Adventure, Comedy, Sci-Fi & Fantasy",2009-10-12,7.906,23.5039,TV Shows
Graveyard,"Crime, Drama, Mystery",2022-06-17,7.35,23.7243,TV Shows
Scissor Seven,"Animation, Comedy, Action & Adventure, Sci-Fi & Fantasy",2018-04-25,8.597,22.4942,TV Shows
All of Us Are Dead,"Action & Adventure, Drama, Sci-Fi & Fantasy",2022-01-28,8.3,23.8512,TV Shows
Chainsaw Man,"Animation, Action & Adventure, Sci-Fi & Fantasy, Comedy",2022-10-12,8.515,23.4313,TV Shows
Aoashi,Animation,2022-04-09,7.8,22.6033,TV Shows
Taxi Driver,"Action & Adventure, Crime, Drama",2021-04-09,8.178,25.2607,TV Shows
From Me to You: Kimi ni Todoke,"Animation, Drama",2009-10-07,8.366,21.3144,TV Shows
A Different World,"Comedy, Family",1987-09-24,7.156,21.5092,TV Shows
Alchemy of Souls,"Drama, Sci-Fi & Fantasy, Action & Adventure, Mystery",2022-06-18,8.6,28.7698,TV Shows
Monster: The Ed Gein Story,"Crime, Drama",2025-10-03,7.242,24.608,TV Shows
Numberblocks,"Kids, Animation, Family",2017-01-23,8.3,22.5739,TV Shows
Last Samurai Standing,"Action & Adventure, Drama",2025-11-13,0.0,24.1052,TV Shows
Anne with an E,"Drama, Family",2017-03-19,8.649,23.2821,TV Shows
PJ Masks,"Animation, Kids, Family, Sci-Fi & Fantasy, Action & Adventure",2015-09-18,6.423,23.5674,TV Shows
Gabby's Dollhouse,"Kids, Comedy, Animation, Sci-Fi & Fantasy",2021-01-05,7.9,24.0566,TV Shows
Younger,"Drama, Comedy",2015-03-31,6.857,22.3496,TV Shows
Alias Grace,"Crime, Drama",2017-09-25,7.198,16.3606,TV Shows
Bungo Stray Dogs,"Animation, Action & Adventure, Mystery, Sci-Fi & Fantasy",2016-04-07,8.249,21.6234,TV Shows
Cowboy Bebop,"Animation, Action & Adventure, Sci-Fi & Fantasy, Western",1998-04-03,8.482,21.9405,TV Shows
Van Helsing,"Mystery, Sci-Fi & Fantasy, Action & Adventure",2016-09-23,7.048,20.5211,TV Shows
The Polygamist,"Drama, Soap",2026-06-12,8.867,23.5724,TV Shows
The Ramparts of Ice,"Animation, Drama",2026-04-02,8.6,21.7291,TV Shows
Pablo Escobar: The Drug Lord,"Crime, Drama",2012-05-28,7.651,21.4909,TV Shows
Nightmares of Nature,Documentary,2025-09-30,8.0,56.832,TV Shows
Shine on Me,Drama,2025-12-22,8.4,21.2999,TV Shows
BEEF,"Comedy, Drama",2023-04-06,7.751,21.7189,TV Shows
Sonic Prime,"Animation, Action & Adventure, Sci-Fi & Fantasy, Kids",2022-12-15,8.274,21.4026,TV Shows
Ahiru no Sora,"Animation, Drama",2019-10-01,8.434,19.4829,TV Shows
Dan Da Dan,"Animation, Action & Adventure, Comedy, Sci-Fi & Fantasy",2024-10-04,8.5,25.8612,TV Shows
Ginny & Georgia,"Comedy, Drama",2021-02-24,8.014,19.9813,TV Shows
Chucky,"Crime, Comedy, Mystery",2021-10-12,7.811,21.8134,TV Shows
The Smurfs,"Animation, Comedy, Family, Kids",2021-04-18,7.1,19.1328,TV Shows
Unbreakable Kimmy Schmidt,Comedy,2015-03-06,7.109,19.5027,TV Shows
My Royal Nemesis,"Drama, Comedy, Sci-Fi & Fantasy",2026-05-08,8.9,21.1687,TV Shows
The Frog,"Mystery, Crime, Drama",2024-08-23,7.3,14.4966,TV Shows
EDENS ZERO,"Animation, Comedy, Action & Adventure, Sci-Fi & Fantasy",2021-04-11,7.664,20.3918,TV Shows
Dragon Ball DAIMA,"Animation, Action & Adventure, Comedy, Sci-Fi & Fantasy",2024-10-11,8.175,20.7423,TV Shows
Sweet Home,"Sci-Fi & Fantasy, Action & Adventure",2020-12-18,8.2,21.3344,TV Shows
Queen of Tears,"Drama, Comedy",2024-03-09,8.387,20.1178,TV Shows
Perfect Match,Drama,2025-01-25,8.1,20.6395,TV Shows
Chilling Adventures of Sabrina,"Mystery, Sci-Fi & Fantasy, Drama",2018-10-26,8.163,19.857,TV Shows
Killing Eve,"Crime, Drama",2018-04-08,7.898,19.3055,TV Shows
The Naked Director,"Comedy, Drama",2019-08-08,7.3,22.1664,TV Shows
Burn the House Down,"Drama, Mystery",2023-07-13,7.163,21.5891,TV Shows
StartUp,"Crime, Drama",2016-09-06,7.171,19.7011,TV Shows
Castlevania,"Animation, Sci-Fi & Fantasy, Drama",2017-07-07,8.272,19.7063,TV Shows
Rhythm + Flow France,Reality,2022-06-09,7.175,19.7556,TV Shows
My Happy Marriage,"Animation, Drama, Sci-Fi & Fantasy",2023-07-05,8.272,18.5103,TV Shows
El Chapo,"Drama, Crime",2017-04-23,7.538,21.4389,TV Shows
Akane-banashi,"Animation, Drama",2026-04-04,7.981,18.0099,TV Shows
The Uncanny Counter,"Drama, Mystery, Action & Adventure",2020-11-28,8.345,19.0288,TV Shows
Formula 1: Drive to Survive,Documentary,2019-03-08,8.163,23.3922,TV Shows
Supersex,Drama,2024-03-06,6.708,21.7664,TV Shows
Jurassic World: Chaos Theory,"Animation, Action & Adventure, Sci-Fi & Fantasy, Kids, Family",2024-05-24,8.333,18.1663,TV Shows
H2O: Just Add Water,"Drama, Family, Sci-Fi & Fantasy",2006-07-07,7.794,19.7348,TV Shows
Blood Sacrifice,"Drama, Crime, Mystery",2026-08-20,6.592,18.9355,TV Shows
Virgin River,Drama,2019-12-06,7.949,18.5488,TV Shows
The WONDERfools,"Action & Adventure, Comedy, Sci-Fi & Fantasy, Drama",2026-05-15,8.857,19.6676,TV Shows
La Brea,"Sci-Fi & Fantasy, Drama, Action & Adventure",2021-09-28,7.425,18.8128,TV Shows
The Summer Hikaru Died,"Animation, Drama, Mystery, Sci-Fi & Fantasy",2025-07-06,8.198,26.786,TV Shows
Call of the Night,"Animation, Comedy, Sci-Fi & Fantasy",2022-07-08,7.7,19.1583,TV Shows
Mr. Mercedes,"Mystery, Sci-Fi & Fantasy, Drama",2017-08-09,7.151,19.809,TV Shows
Badly in Love,Reality,2025-12-09,7.7,19.0374,TV Shows
Fast & Furious Spy Racers,"Animation, Action & Adventure, Kids, Family",2019-12-26,7.0,15.958,TV Shows
Doctor-X: Surgeon Michiko Daimon,"Drama, Mystery",2012-10-18,7.5,17.6518,TV Shows
Kuroko's Basketball,"Animation, Comedy, Drama",2012-04-08,8.412,19.14,TV Shows
Falling Into Your Smile,"Comedy, Drama",2021-06-23,7.907,15.6189,TV Shows
Too Hot to Handle,Reality,2020-04-17,6.562,18.7326,TV Shows
Sullivan's Crossing,Drama,2023-03-19,8.101,18.1509,TV Shows
Alvinnn!!! and The Chipmunks,"Animation, Comedy, Family, Kids",2015-08-03,7.291,22.2913,TV Shows
Transformers: BotBots,"Kids, Animation",2022-03-25,5.1,12.3704,TV Shows
Tougen Anki,"Animation, Mystery, Action & Adventure",2025-07-11,7.547,18.0467,TV Shows
Sex/Life,Drama,2021-06-25,7.058,19.6798,TV Shows
The OA,"Sci-Fi & Fantasy, Mystery, Drama",2016-12-16,7.538,16.8389,TV Shows
Spirit: Riding Free,"Animation, Action & Adventure, Family, Western",2017-09-09,7.589,14.1887,TV Shows
Molang,"Animation, Family",2015-11-02,6.2,15.8015,TV Shows
Berlin and the Lady with an Ermine,"Drama, Crime, Action & Adventure",2026-05-15,8.077,18.7097,TV Shows
The Diplomat,"Drama, War & Politics",2023-04-20,7.603,17.7088,TV Shows
The First Frost,Drama,2025-02-18,8.417,18.9615,TV Shows
My Hero Academia,"Action & Adventure, Animation, Sci-Fi & Fantasy",2016-04-03,8.603,17.7547,TV Shows
North of North,Comedy,2025-01-07,6.892,18.1113,TV Shows
Catch! Teenieping,"Animation, Kids",2020-03-19,7.0,18.0732,TV Shows
Inventing Anna,Drama,2022-02-11,6.842,17.9812,TV Shows
The Four Seasons,Comedy,2025-05-01,6.851,17.774,TV Shows
UNTAMED,"Mystery, Drama",2025-07-17,7.196,19.7064,TV Shows
Guardian: The Lonely and Great God,"Drama, Sci-Fi & Fantasy, Comedy",2016-12-02,8.615,22.3325,TV Shows
Kung Fu Panda: The Dragon Knight,"Animation, Action & Adventure, Comedy, Kids, Sci-Fi & Fantasy",2022-07-14,7.48,18.6584,TV Shows
The Glory,"Drama, Crime",2022-12-30,8.5,17.4625,TV Shows
HIS & HERS,"Drama, Crime, Mystery",2026-01-08,7.322,18.432,TV Shows
Shadow and Bone,"Drama, Sci-Fi & Fantasy",2021-04-23,7.745,17.9949,TV Shows
House of Ninjas,"Drama, Action & Adventure",2024-02-15,7.246,17.9607,TV Shows
DANG!,"Animation, Comedy",2026-09-08,8.25,22.8839,TV Shows
Black Doves,"Action & Adventure, Mystery, Crime",2024-12-05,7.065,18.8071,TV Shows
Lost in Space,"Sci-Fi & Fantasy, Action & Adventure, Drama",2018-04-13,7.496,17.3453,TV Shows
Travelers,"Drama, Sci-Fi & Fantasy",2016-10-17,7.6,17.3491,TV Shows
Tires,Comedy,2024-05-23,6.864,17.7699,TV Shows
Locke & Key,"Sci-Fi & Fantasy, Drama, Mystery",2020-02-07,7.738,20.9388,TV Shows
The Amazing Digital Circus,"Animation, Comedy, Drama, Sci-Fi & Fantasy",2023-10-13,8.652,18.7149,TV Shows
Locked Up,"Drama, Crime",2015-04-20,8.016,18.6978,TV Shows
Simon,"Animation, Kids, Family, Comedy",2016-12-17,8.25,16.8383,TV Shows
Wakfu,"Animation, Action & Adventure, Drama, Sci-Fi & Fantasy, Comedy",2008-10-30,8.327,16.6061,TV Shows
Gokusen,"Drama, Comedy",2002-04-17,8.027,23.531,TV Shows
Single's Inferno,"Reality, Comedy, Talk",2021-12-18,7.6,19.8308,TV Shows
Talking Tom and Friends,"Animation, Comedy, Kids",2014-12-23,6.833,15.6707,TV Shows
Boruto: Naruto Next Generations,"Animation, Action & Adventure, Comedy",2017-04-05,7.8,16.4197,TV Shows
Kaiji,"Animation, Drama, Crime",2007-10-03,8.088,17.1331,TV Shows
My Hero Academia: Vigilantes,"Animation, Action & Adventure, Drama, Sci-Fi & Fantasy",2025-04-07,7.716,17.084,TV Shows
Komi Can't Communicate,"Animation, Comedy, Drama",2021-10-07,8.3,16.8785,TV Shows
3 Body Problem,"Sci-Fi & Fantasy, Mystery, Drama",2024-03-21,7.492,18.3133,TV Shows
After Life,"Comedy, Drama",2019-03-08,7.89,16.0393,TV Shows
SAKAMOTO DAYS,"Animation, Comedy, Action & Adventure",2025-01-11,8.06,17.0162,TV Shows
Spooky in Love,"Comedy, Sci-Fi & Fantasy, Drama",2026-07-18,8.7,18.8716,TV Shows
Fruits Basket,"Animation, Drama, Sci-Fi & Fantasy",2019-04-06,8.006,16.4318,TV Shows
Southland,Drama,2009-04-09,7.907,16.9295,TV Shows
Jurassic World Camp Cretaceous,"Animation, Kids, Action & Adventure, Family",2020-09-18,8.016,16.3274,TV Shows
Trollhunters: Tales of Arcadia,"Family, Animation, Action & Adventure, Comedy, Sci-Fi & Fantasy",2016-12-23,8.453,16.9672,TV Shows
The Queen's Gambit,Drama,2020-10-23,8.424,18.1216,TV Shows
S&X,Drama,2026-08-20,7.833,18.0091,TV Shows
"BASTARD‼ -Heavy Metal, Dark Fantasy-","Animation, Action & Adventure, Sci-Fi & Fantasy",2022-06-30,7.483,16.0644,TV Shows
Cells at Work!,"Animation, Action & Adventure, Comedy",2018-07-08,8.05,15.6333,TV Shows
Love Is Blind,Reality,2020-02-13,6.261,16.175,TV Shows
A Series of Unfortunate Events,"Action & Adventure, Family, Comedy, Mystery",2017-01-13,7.412,16.2439,TV Shows
Altered Carbon,"Sci-Fi & Fantasy, Drama",2018-02-02,7.635,17.2077,TV Shows
Sweet Magnolias,Drama,2020-05-19,7.766,14.5167,TV Shows
The Ranch,"Comedy, Family, Western",2016-04-01,7.371,14.7991,TV Shows
The Recruit,"Drama, Crime, Action & Adventure",2022-12-16,7.468,17.3808,TV Shows
Chelsea,"Talk, Comedy",2016-05-11,5.131,15.3155,TV Shows
Octonauts: Above & Beyond,"Animation, Kids, Family",2021-09-07,8.294,15.2483,TV Shows
When the Camellia Blooms,"Drama, Comedy",2019-09-18,8.132,16.8486,TV Shows
Fatal Seduction,"Crime, Mystery, Drama",2023-07-07,6.56,18.5846,TV Shows
Haunted Hotel,"Animation, Comedy",2025-09-19,8.123,18.8232,TV Shows
Made in Abyss,"Animation, Drama, Action & Adventure, Sci-Fi & Fantasy",2017-07-07,8.337,16.7553,TV Shows
Marco Polo,"Action & Adventure, Drama",2014-12-12,7.357,19.2476,TV Shows
"Tis Time for ""Torture,"" Princess","Animation, Comedy, Sci-Fi & Fantasy",2024-01-09,6.706,21.8726,TV Shows
Nemesis,"Action & Adventure, Drama, Crime",2026-05-14,7.7,18.4863,TV Shows
Dr. STONE,"Animation, Action & Adventure, Comedy, Sci-Fi & Fantasy",2019-07-05,8.538,17.4351,TV Shows
Trailer Park Boys,Comedy,2001-04-22,7.743,15.3813,TV Shows
Hospital Playlist,"Drama, Comedy",2020-03-12,8.587,17.0518,TV Shows
The Cartel,"Action & Adventure, Drama",2008-06-04,7.569,16.1346,TV Shows
Yowamushi Pedal,"Comedy, Animation, Drama",2013-10-07,7.2,17.0314,TV Shows
Devil May Cry,"Animation, Action & Adventure, Sci-Fi & Fantasy",2025-04-03,8.219,17.3539,TV Shows
Chesapeake Shores,Drama,2016-08-14,7.813,15.0765,TV Shows
The Seven Deadly Sins: Four Knights of the Apocalypse,"Animation, Action & Adventure, Sci-Fi & Fantasy",2023-10-08,8.1,15.3871,TV Shows
The Chestnut Man,"Drama, Crime, Mystery",2021-09-29,7.494,16.7959,TV Shows
Fuller House,"Family, Comedy",2016-02-26,7.376,14.6715,TV Shows
I Was Reincarnated as the 7th Prince so I Can Take My Time Perfecting My Magical Ability,"Animation, Sci-Fi & Fantasy",2024-04-02,7.7,16.4851,TV Shows
Berserk,"Action & Adventure, Sci-Fi & Fantasy, Animation",1997-10-08,8.505,16.159,TV Shows
The Dragon Prince,"Animation, Action & Adventure, Sci-Fi & Fantasy, Family",2018-09-14,8.205,14.698,TV Shows
Amend: The Fight for America,"Documentary, War & Politics",2021-02-17,7.1,17.7309,TV Shows
Sweet Tooth,"Drama, Sci-Fi & Fantasy",2021-06-04,7.733,15.5372,TV Shows
Spice and Wolf: MERCHANT MEETS THE WISE WOLF,"Animation, Sci-Fi & Fantasy, Drama, Action & Adventure",2024-04-02,8.008,15.3615,TV Shows
The Hunting Wives,"Drama, Mystery",2025-07-21,6.932,17.1356,TV Shows
Rhythm + Flow Italy,Reality,2024-02-19,7.237,17.1138,TV Shows
A Man on the Inside,"Comedy, Crime",2024-11-21,7.414,16.0485,TV Shows
Assassination Classroom,"Animation, Comedy, Action & Adventure, Sci-Fi & Fantasy",2015-01-10,8.385,15.6894,TV Shows
Heartbreak High,Drama,1994-02-27,6.872,15.0409,TV Shows
A Good Girl's Guide to Murder,"Drama, Crime, Mystery",2024-07-10,7.462,14.2423,TV Shows
Love in the Clouds,"Drama, Sci-Fi & Fantasy, Comedy",2025-10-08,9.0,16.6392,TV Shows
Borgen,Drama,2010-09-26,8.057,16.049,TV Shows
My Lottery Dream Home,Reality,2015-03-07,6.4,14.5627,TV Shows
The Penthouse,"Drama, Mystery",2020-10-26,8.3,16.0592,TV Shows
Demon Slayer: Kimetsu no Yaiba,"Animation, Action & Adventure, Sci-Fi & Fantasy",2019-04-06,8.637,14.9263,TV Shows
Good Witch,"Comedy, Drama, Sci-Fi & Fantasy",2015-02-28,7.685,14.6181,TV Shows
Obliterated,"Comedy, Action & Adventure, Drama",2023-11-30,6.965,15.3271,TV Shows
Workin' Moms,Comedy,2017-01-10,7.335,13.863,TV Shows
Barbie Mysteries,"Animation, Kids, Mystery, Family",2024-11-01,5.1,13.7484,TV Shows
PLUTO,"Animation, Sci-Fi & Fantasy, Mystery, Crime",2023-10-26,7.873,15.7102,TV Shows
BAKI,"Animation, Action & Adventure, Crime, Drama",2018-06-26,8.083,14.9859,TV Shows
Vivant,"Drama, Crime",2023-07-16,7.411,16.4238,TV Shows
Pantheon,"Animation, Sci-Fi & Fantasy",2022-09-01,8.161,13.9877,TV Shows
Troy: Fall of a City,"Action & Adventure, War & Politics, Drama",2018-02-17,5.8,15.4699,TV Shows
Medusa,Drama,2025-03-05,7.3,14.966,TV Shows
Detective Hole,"Mystery, Crime, Drama",2026-03-26,7.3,16.071,TV Shows
Sense8,"Sci-Fi & Fantasy, Drama",2015-06-05,7.723,15.5266,TV Shows
Violet Evergarden,"Animation, Drama, Sci-Fi & Fantasy, War & Politics",2018-01-11,8.506,14.1773,TV Shows
Extraordinary Attorney Woo,Drama,2022-06-29,8.5,14.0285,TV Shows
Boys Over Flowers,"Comedy, Drama",2009-01-05,8.272,14.741,TV Shows
Parasyte -the maxim-,"Animation, Drama, Sci-Fi & Fantasy, Action & Adventure",2014-10-09,8.327,13.7759,TV Shows
Campfire Cooking in Another World with My Absurd Skill,"Animation, Action & Adventure, Sci-Fi & Fantasy, Comedy",2023-01-11,8.3,14.3831,TV Shows
Crash Landing on You,"Drama, Comedy",2019-12-14,8.529,15.3736,TV Shows
Little House on the Prairie,"Drama, Western, Family",2026-07-09,6.745,13.3726,TV Shows
99.9 Criminal Lawyer,Crime,2016-04-17,6.9,14.0904,TV Shows
Duang with You,"Drama, Comedy",2026-01-31,9.181,14.5059,TV Shows
PULSE,Drama,2025-04-03,7.544,13.5697,TV Shows
My Love Story with Yamada-kun at Lv999,"Animation, Comedy",2023-04-02,8.11,14.719,TV Shows
Human Resources,"Animation, Comedy",2022-03-18,6.533,13.1951,TV Shows
Fool Me Once,"Drama, Crime, Mystery",2024-01-01,7.159,13.8966,TV Shows
GLOW,"Comedy, Drama",2017-06-23,7.302,12.7262,TV Shows
Veil of Shadows,"Drama, Sci-Fi & Fantasy",2026-04-01,8.3,13.4997,TV Shows
The Haunting of Hill House,"Mystery, Drama",2018-10-12,8.105,14.2476,TV Shows
If Wishes Could Kill,"Mystery, Drama",2026-04-24,8.086,14.8117,TV Shows
Lalaloopsy,"Kids, Animation",2013-03-29,7.8,12.6667,TV Shows
Dawn of the Croods,"Animation, Family, Kids, Comedy, Action & Adventure",2015-12-24,7.475,13.5553,TV Shows
The Beast in Me,"Drama, Mystery",2025-11-13,7.075,12.8117,TV Shows
One Day at a Time,Comedy,2017-01-06,7.703,13.2976,TV Shows
The Boroughs,"Sci-Fi & Fantasy, Mystery",2026-05-21,7.206,13.8433,TV Shows
Alpha Males,Comedy,2022-12-30,7.58,14.2132,TV Shows
Monkey Wrench,"Animation, Sci-Fi & Fantasy, Action & Adventure, Comedy",2022-07-17,8.0,14.0867,TV Shows
King the Land,"Drama, Comedy",2023-06-17,8.212,14.7684,TV Shows
The Heirs,"Comedy, Drama",2013-10-09,7.8,12.9797,TV Shows
Berlin,"Drama, Action & Adventure, Crime",2023-12-29,7.572,14.9142,TV Shows
Danger Mouse,"Animation, Kids, Comedy, Family",1981-09-28,7.106,13.313,TV Shows
Love Next Door,"Drama, Comedy",2024-08-17,7.9,13.4982,TV Shows
Chillin' in Another World with Level 2 Super Cheat Powers,"Animation, Sci-Fi & Fantasy, Action & Adventure",2024-04-08,7.286,13.3511,TV Shows
FAIRY TAIL 100 YEARS QUEST,"Animation, Action & Adventure, Sci-Fi & Fantasy",2024-07-07,8.0,13.3033,TV Shows
Twinkling Watermelon,"Sci-Fi & Fantasy, Drama",2023-09-25,8.8,13.9126,TV Shows
Love in the Moonlight,"Comedy, Drama, War & Politics",2016-08-22,6.977,13.7214,TV Shows
Horimiya,"Animation, Comedy, Drama",2021-01-10,8.505,13.8015,TV Shows
Final Project,Drama,2026-07-29,7.591,13.6051,TV Shows
Hidden Love,Drama,2023-06-20,8.5,12.7665,TV Shows
The Manny,Comedy,2023-12-24,8.356,14.0756,TV Shows
Monster High,"Animation, Family, Kids, Comedy",2022-10-06,7.8,12.5332,TV Shows
La Reina del Sur,"Drama, Crime",2011-02-28,7.866,13.3773,TV Shows
Mrs Playmen,Drama,2025-11-12,7.243,15.6388,TV Shows
Witch Hat Atelier,"Animation, Drama, Sci-Fi & Fantasy",2026-04-06,8.7,13.9747,TV Shows
Bloodline,Drama,2015-03-20,7.114,12.098,TV Shows
The Disastrous Life of Saiki K.,"Animation, Comedy, Sci-Fi & Fantasy",2016-07-11,8.291,13.2655,TV Shows
Fate: The Winx Saga,"Sci-Fi & Fantasy, Drama",2021-01-22,7.943,11.6777,TV Shows
Baki Hanma,"Animation, Action & Adventure, Sci-Fi & Fantasy",2021-09-30,8.064,14.2873,TV Shows
Atypical,"Drama, Comedy",2017-08-11,8.014,12.3251,TV Shows
The Boss Baby: Back in Business,"Animation, Action & Adventure, Comedy, Kids, Sci-Fi & Fantasy",2018-04-06,7.1,12.4268,TV Shows
Great Pretender,"Animation, Drama, Comedy, Action & Adventure",2020-07-09,7.51,12.3152,TV Shows
SHAMAN KING,"Animation, Comedy, Sci-Fi & Fantasy, Action & Adventure",2021-04-01,8.167,13.0146,TV Shows
Find Me in Paris,"Drama, Sci-Fi & Fantasy, Comedy, Family",2018-04-14,7.981,12.5227,TV Shows
Monsters: The Lyle and Erik Menendez Story,"Drama, Crime",2024-09-19,7.592,14.2554,TV Shows
SAINT SEIYA: Knights of the Zodiac,"Animation, Action & Adventure, Sci-Fi & Fantasy",2019-07-19,7.382,12.0505,TV Shows
Dorohedoro,"Animation, Action & Adventure, Comedy, Sci-Fi & Fantasy",2020-01-13,8.4,12.6781,TV Shows
Death of the Pastor's Wife,"Documentary, Crime",2026-08-26,7.8,13.3648,TV Shows
When I Fly Towards You,"Drama, Comedy",2023-06-13,8.851,12.3055,TV Shows
T・P BON,"Animation, Action & Adventure, Drama, Sci-Fi & Fantasy",2024-05-02,7.32,12.0345,TV Shows
Earle Meets World,Reality,2026-09-04,5.0,11.5349,TV Shows
Horrid Henry,"Animation, Comedy, Family",2006-10-30,7.053,13.9605,TV Shows
TSUKIMICHI -Moonlit Fantasy-,"Animation, Sci-Fi & Fantasy, Action & Adventure, Comedy",2021-07-07,8.391,12.3489,TV Shows
Zero Day,"Drama, War & Politics",2025-02-20,6.956,14.0638,TV Shows
Thomas & Friends: All Engines Go!,"Animation, Kids, Family",2021-08-23,6.0,11.6879,TV Shows
The Cuphead Show!,"Animation, Comedy, Family",2022-02-18,7.932,12.5204,TV Shows
Heartstopper,Drama,2022-04-22,8.562,12.7828,TV Shows
The Perfect Couple,"Drama, Mystery, Crime",2024-09-05,6.729,10.8486,TV Shows
Undercover,"Crime, Drama",2019-02-24,7.508,13.1136,TV Shows
Adolescence,"Drama, Crime",2025-03-13,7.807,12.8892,TV Shows
BAKI-DOU: The Invincible Samurai,"Animation, Action & Adventure",2026-02-26,9.097,14.8561,TV Shows
Fake Profile,Drama,2023-05-31,7.4,13.5028,TV Shows
Word Party,"Animation, Family, Kids",2016-07-08,6.8,12.7421,TV Shows
Future Man,"Comedy, Sci-Fi & Fantasy",2017-11-14,7.158,12.6792,TV Shows
Godzilla Singular Point,"Animation, Action & Adventure, Sci-Fi & Fantasy, Mystery",2021-04-01,7.292,11.781,TV Shows
The Wrong Way to Use Healing Magic,"Animation, Comedy, Action & Adventure, Sci-Fi & Fantasy",2024-01-06,7.902,12.5114,TV Shows
Business Proposal,"Comedy, Drama",2022-02-28,8.475,12.5156,TV Shows
Mating Season,"Animation, Comedy, Sci-Fi & Fantasy",2026-05-22,8.022,11.1202,TV Shows
Leanne,Comedy,2025-07-31,7.091,11.3079,TV Shows
TIGER & BUNNY,"Action & Adventure, Animation, Comedy, Sci-Fi & Fantasy",2011-04-03,6.804,12.0795,TV Shows
Obsession,"Drama, Mystery",2023-04-13,6.446,13.9858,TV Shows
Silent Truth,Mystery,2026-01-13,7.0,11.1289,TV Shows
Orb: On the Movements of the Earth,"Animation, Drama",2024-10-05,8.079,11.0467,TV Shows
Elite Force,"Action & Adventure, Crime, Drama",2026-07-22,7.71,13.6554,TV Shows
The East Palace,"Mystery, Action & Adventure, Sci-Fi & Fantasy, Drama",2026-07-17,8.245,12.3214,TV Shows
Rising Impact,"Animation, Comedy, Drama",2024-06-22,8.5,12.0894,TV Shows
Ben & Holly's Little Kingdom,"Kids, Animation, Comedy, Family, Sci-Fi & Fantasy, Action & Adventure",2009-05-04,5.9,11.7521,TV Shows
The Worst Witch,"Kids, Mystery, Sci-Fi & Fantasy",2017-01-11,7.395,11.5902,TV Shows
The Protector,"Action & Adventure, Sci-Fi & Fantasy",2018-12-14,7.2,13.0511,TV Shows
Strawberry Shortcake: Berry in the Big City,"Animation, Kids",2021-09-18,6.818,10.205,TV Shows
Odd Squad,"Comedy, Crime, Family, Sci-Fi & Fantasy, Mystery, Kids",2014-11-26,6.763,11.212,TV Shows
The Upshaws,"Comedy, Family, Drama",2021-05-12,7.572,11.7609,TV Shows
The Accident,Drama,2024-08-21,7.3,12.2336,TV Shows
Love Alarm,"Drama, Sci-Fi & Fantasy",2019-08-22,8.2,10.6542,TV Shows
Unspeakable Sins,"Drama, Crime",2025-07-30,7.6,11.6651,TV Shows
Flaked,"Drama, Comedy",2016-03-11,6.768,11.9325,TV Shows
Vincenzo,"Action & Adventure, Comedy, Drama, Crime",2021-02-20,8.512,12.5782,TV Shows
Radioactive Emergency,"Drama, Mystery, Action & Adventure",2026-03-18,8.007,13.1932,TV Shows
Centaurworld,"Animation, Kids, Sci-Fi & Fantasy, Action & Adventure",2021-07-30,7.446,12.8125,TV Shows
Puniru Is a Kawaii Slime,"Animation, Comedy, Sci-Fi & Fantasy",2024-10-06,7.7,10.7794,TV Shows
The Circle,Reality,2020-01-01,6.817,11.954,TV Shows
Dirk Gently's Holistic Detective Agency,"Comedy, Sci-Fi & Fantasy, Crime",2016-10-22,7.687,12.2344,TV Shows
Terminator Zero,"Animation, Sci-Fi & Fantasy, Action & Adventure",2024-08-29,7.02,12.3548,TV Shows
Wizards: Tales of Arcadia,"Animation, Action & Adventure, Comedy, Sci-Fi & Fantasy",2020-08-07,8.159,11.0138,TV Shows
"Genie, Make a Wish","Sci-Fi & Fantasy, Comedy, Drama",2025-10-03,7.865,12.8418,TV Shows
The Dinosaurs,Documentary,2026-03-06,8.04,11.3389,TV Shows
Class Crush Crisis,"Comedy, Drama",2026-07-24,8.0,14.1565,TV Shows
The Apartment Job,"Drama, Comedy, Crime",2026-07-11,8.686,12.3015,TV Shows
F is for Family,"Comedy, Animation",2015-12-18,7.385,11.3308,TV Shows
Girl from Nowhere,"Drama, Mystery, Crime",2018-10-27,8.494,12.9879,TV Shows
Inside Job,"Comedy, Animation",2021-10-22,8.105,13.0517,TV Shows
Family Reunion,Comedy,2019-07-10,8.005,12.834,TV Shows
Nobody Wants This,"Comedy, Drama",2024-09-26,7.3,12.3992,TV Shows
The Fairly OddParents: A New Wish,"Animation, Sci-Fi & Fantasy, Kids",2024-05-17,8.25,11.0599,TV Shows
BLUE EYE SAMURAI,"Action & Adventure, Animation, Drama",2023-11-03,8.486,11.8474,TV Shows
Notes from the Last Row,"Mystery, Drama",2026-06-26,7.854,11.1077,TV Shows
Strong Girl Nam-soon,"Comedy, Drama, Sci-Fi & Fantasy, Crime",2023-10-07,7.7,11.1909,TV Shows
Den-noh Coil,"Animation, Sci-Fi & Fantasy",2007-05-12,7.512,20.6038,TV Shows
The Reluctant Preacher,Drama,2025-04-12,7.6,8.2253,TV Shows
The Tick,"Comedy, Sci-Fi & Fantasy, Action & Adventure",2016-08-19,6.999,11.6241,TV Shows
Dark Desire,"Mystery, Drama",2020-07-15,7.314,11.9564,TV Shows
Roman Empire,"Drama, Documentary",2016-11-11,6.9,12.8111,TV Shows
3Below: Tales of Arcadia,"Animation, Family, Comedy, Sci-Fi & Fantasy",2018-12-21,7.516,10.4365,TV Shows
Can This Love Be Translated?,"Drama, Comedy",2026-01-16,8.413,10.4474,TV Shows
Reply 1988,Comedy,2015-11-06,8.773,12.2609,TV Shows
The Sea Beyond,"Drama, Crime",2020-09-23,7.557,10.9844,TV Shows
Thai Cave Rescue,Drama,2022-09-22,7.689,9.0406,TV Shows
Chosen,"Sci-Fi & Fantasy, Drama, Mystery, Crime",2022-01-27,6.013,11.4715,TV Shows
Why Raeliana Ended Up at the Duke's Mansion,"Animation, Comedy, Mystery, Sci-Fi & Fantasy",2023-04-10,7.566,11.8819,TV Shows
Pup Academy,"Kids, Comedy",2019-08-26,7.042,11.9623,TV Shows
Love Between Fairy and Devil,"Drama, Sci-Fi & Fantasy",2022-08-07,8.2,11.278,TV Shows
Dr. Coto's Clinic,Drama,2003-07-03,8.7,11.7349,TV Shows
Love Is Blind: UK,Reality,2024-08-07,6.656,8.8989,TV Shows
Oasis,"Crime, Mystery, Drama",2026-06-19,6.793,12.0068,TV Shows
Something Very Bad Is Going to Happen,"Drama, Mystery",2026-03-26,6.6,11.9108,TV Shows
DOTA: Dragon's Blood,"Sci-Fi & Fantasy, Action & Adventure, Animation",2021-03-25,7.723,10.7197,TV Shows
Love & Anarchy,"Comedy, Drama",2020-11-04,7.154,10.2942,TV Shows
Firefly Lane,Drama,2021-02-03,7.797,10.9067,TV Shows
Dead to Me,"Drama, Comedy, Crime",2019-05-03,7.313,10.9857,TV Shows
Guillermo del Toro's Cabinet of Curiosities,"Drama, Mystery, Sci-Fi & Fantasy",2022-10-25,7.44,10.8839,TV Shows
The Creature Cases,"Kids, Animation",2022-04-12,7.882,11.4172,TV Shows
Golden SixTONES,"Reality, Comedy",2025-04-06,8.5,9.9675,TV Shows
The Art of Sarah,"Crime, Mystery, Drama",2026-02-13,7.441,10.9573,TV Shows
Selling Sunset,Reality,2019-03-22,6.54,10.6911,TV Shows
The Residence,"Comedy, Crime, Mystery",2025-03-20,7.5,11.8272,TV Shows
Another Self,Drama,2022-07-28,8.112,12.2828,TV Shows
Skylanders Academy,"Kids, Action & Adventure, Animation, Family",2016-10-28,6.795,10.4189,TV Shows
KENGAN ASHURA,"Animation, Action & Adventure, Sci-Fi & Fantasy",2019-07-31,8.355,12.0756,TV Shows
Empress Ki,"Drama, War & Politics",2013-10-28,7.269,12.0982,TV Shows
FUBAR,"Action & Adventure, Drama, Comedy",2023-05-25,6.586,11.1797,TV Shows
I Am Not Okay with This,"Drama, Comedy, Sci-Fi & Fantasy",2020-02-26,7.995,9.5617,TV Shows
Gyeongseong Creature,"Sci-Fi & Fantasy, Mystery, Action & Adventure, Drama",2023-12-22,7.95,10.8291,TV Shows
The Haunting of Bly Manor,"Mystery, Drama",2020-10-09,7.556,11.0861,TV Shows
The Unbroken Voice,"Drama, Soap",2022-01-11,8.231,10.066,TV Shows
Unfamiliar,"Action & Adventure, Drama, Crime",2026-02-05,7.02,11.6328,TV Shows
Stranger,"Crime, Drama, Mystery",2017-06-10,8.26,10.8456,TV Shows
Dept. Q,"Drama, Crime, Mystery",2025-05-29,7.876,11.7387,TV Shows
Mercy for None,"Action & Adventure, Drama",2025-06-06,7.856,11.3249,TV Shows
Barbie: Life in the Dreamhouse,"Animation, Family",2012-05-11,7.626,10.4321,TV Shows
Green Eggs and Ham,"Kids, Family, Animation, Comedy, Action & Adventure",2019-11-08,8.037,9.9831,TV Shows
Love Through a Prism,"Animation, Drama",2026-01-15,8.9,10.6832,TV Shows
BNA,"Animation, Action & Adventure, Sci-Fi & Fantasy",2020-04-09,8.158,10.288,TV Shows
Envious,"Comedy, Drama",2024-09-18,8.147,10.6625,TV Shows
Space Force,"Comedy, Drama",2020-05-29,6.509,11.0822,TV Shows
Boy Swallows Universe,"Drama, Crime, Mystery",2024-01-11,7.35,8.4726,TV Shows
Undercover Miss Hong,"Crime, Comedy, Drama",2026-01-17,8.455,10.8066,TV Shows
Delhi Crime,Crime,2019-03-22,7.8,11.6875,TV Shows
The Mole,Reality,2022-10-07,6.89,11.328,TV Shows
"My Gift Lvl 9999 Unlimited Gacha: Backstabbed in a Backwater Dungeon, I'm Out for Revenge!","Animation, Action & Adventure, Sci-Fi & Fantasy, Drama",2025-10-03,8.2,11.5086,TV Shows
Tuca & Bertie,"Comedy, Animation",2019-05-03,6.894,10.6452,TV Shows
Mr. Sunshine,Drama,2018-07-07,8.421,12.9162,TV Shows
CAROLE & TUESDAY,"Animation, Drama, Sci-Fi & Fantasy",2019-04-11,7.161,10.6317,TV Shows
25 Years of You,"Drama, Mystery",2026-07-11,7.0,11.7865,TV Shows
What's Wrong with Secretary Kim,"Comedy, Drama",2018-06-06,8.3,11.3669,TV Shows
GTO (2026),Drama,2026-07-20,7.0,10.3672,TV Shows
The Fall of the House of Usher,"Mystery, Drama",2023-10-12,7.551,11.2296,TV Shows
Umamusume: Cinderella Gray,"Animation, Drama",2025-04-06,7.5,11.1591,TV Shows
My Daughter's Father,Drama,2026-07-22,9.06,11.704,TV Shows
Black Rabbit,"Drama, Crime",2025-09-18,7.046,10.0406,TV Shows
Welcome to Waikiki,"Drama, Comedy",2018-02-05,7.8,10.4924,TV Shows
The End of the F***ing World,"Comedy, Drama, Crime",2017-10-24,8.023,11.6358,TV Shows
"Old Dog, New Tricks",Comedy,2025-10-03,6.8,11.6884,TV Shows
All the Truth in My Lies,"Drama, Comedy",2026-08-28,7.3,9.8341,TV Shows
The Order,"Drama, Mystery, Sci-Fi & Fantasy",2019-03-07,7.609,10.8031,TV Shows
"BOFURI: I Don't Want to Get Hurt, so I'll Max Out My Defense.","Animation, Action & Adventure, Comedy, Sci-Fi & Fantasy",2020-01-08,7.451,10.002,TV Shows
Midnight Mass,"Mystery, Drama",2021-09-24,7.57,11.1465,TV Shows
Until the T-Shirt Dries,"Drama, Mystery",2026-07-10,4.5,12.574,TV Shows
Pororo the Little Penguin,"Animation, Action & Adventure, Sci-Fi & Fantasy, Family, Kids, Comedy",2003-11-27,6.556,10.3775,TV Shows
Tojima Wants to Be a Kamen Rider,"Animation, Action & Adventure, Comedy",2025-10-05,7.6,10.4705,TV Shows
Culinary Class Wars,Reality,2024-09-17,8.222,10.8364,TV Shows
The Watcher,"Drama, Mystery",2022-10-13,7.064,10.7547,TV Shows
Vagabond,"Drama, Mystery, Action & Adventure",2019-09-20,8.281,10.0706,TV Shows
Food Wars! Shokugeki no Soma,"Animation, Comedy, Drama",2015-04-04,8.431,10.3265,TV Shows
El marginal,"Crime, Drama",2016-06-02,8.184,11.0807,TV Shows
Mo,"Comedy, Drama",2022-08-24,7.117,9.2897,TV Shows
The Prisoner of Beauty,Drama,2025-05-13,8.84,10.879,TV Shows
Unveil: Jadewind,"Drama, Mystery",2026-02-05,7.083,9.767,TV Shows
The Signing,Reality,2023-04-04,7.667,12.2986,TV Shows
Castlevania: Nocturne,"Animation, Sci-Fi & Fantasy, Drama",2023-09-28,7.816,10.5785,TV Shows
Ransom Canyon,"Drama, Western",2025-04-17,7.3,11.4492,TV Shows
Cable Girls,Drama,2017-04-28,7.783,10.1459,TV Shows
Strong Girl Bong-soon,"Comedy, Action & Adventure, Drama",2017-02-24,8.1,10.2825,TV Shows
GTO: Great Teacher Onizuka,"Comedy, Drama",1998-07-07,8.4,10.1404,TV Shows
Murder Mindfully,"Drama, Comedy, Crime",2024-10-31,7.59,10.4981,TV Shows
MeatEater,Documentary,2012-01-01,8.1,10.0308,TV Shows
Human Vapor,"Sci-Fi & Fantasy, Crime",2026-07-02,7.418,10.93,TV Shows
Girls5eva,Comedy,2021-05-06,5.9,9.893,TV Shows
"Bon Appétit, Your Majesty","Drama, Sci-Fi & Fantasy",2025-08-23,8.634,10.1571,TV Shows
Boyfriend on Demand,"Comedy, Sci-Fi & Fantasy, Drama",2026-03-06,8.386,9.5748,TV Shows
Slasher,"Mystery, Crime, Drama",2016-03-04,6.689,9.8987,TV Shows
World Trigger,"Animation, Action & Adventure, Sci-Fi & Fantasy",2014-10-05,7.281,10.0818,TV Shows
Breathless,Drama,2024-08-30,7.7,9.9467,TV Shows
The Next Prince,"Drama, Action & Adventure",2025-05-03,8.241,10.1291,TV Shows
Man on Fire,"Action & Adventure, Crime",2026-04-30,7.429,10.8842,TV Shows
The Guest,Drama,2025-09-24,7.75,11.2439,TV Shows
Paradise PD,"Comedy, Animation",2018-08-31,7.134,9.9704,TV Shows
Summer '36,Drama,2026-05-18,6.453,10.5817,TV Shows
The Vince Staples Show,"Drama, Comedy",2024-02-15,6.692,7.7724,TV Shows
Tale of the Nine Tailed,"Sci-Fi & Fantasy, Drama, Comedy, Mystery",2020-10-07,8.362,9.9622,TV Shows
The Boss Baby: Back in the Crib,"Animation, Comedy, Family, Kids, Sci-Fi & Fantasy",2022-05-19,7.398,10.1097,TV Shows
The Innocent,"Crime, Mystery, Drama",2021-04-30,7.635,10.031,TV Shows
The Mafia Dolls,"Drama, Crime",2009-09-28,7.553,10.0458,TV Shows
D.P.,"Drama, Action & Adventure, Crime",2021-08-27,8.009,10.2419,TV Shows
Dear White People,"Comedy, Drama",2017-04-28,5.9,8.9112,TV Shows
The Empress,Drama,2022-09-29,7.652,10.5951,TV Shows
Gigantosaurus,"Kids, Family, Animation",2019-01-18,6.231,10.1665,TV Shows
Warrior Nun,"Action & Adventure, Drama, Sci-Fi & Fantasy",2020-07-02,7.88,10.4088,TV Shows
Little Baby Bum,,2011-08-29,6.0,8.5104,TV Shows
Dynamite Kiss,"Drama, Comedy",2025-11-12,8.164,10.2229,TV Shows
Musafir Cafe,Drama,2026-07-24,7.3,10.0866,TV Shows
Love Game in Eastern Fantasy,"Drama, Sci-Fi & Fantasy",2024-11-01,8.2,9.8749,TV Shows
Sengoku Youko,"Animation, Action & Adventure, Sci-Fi & Fantasy, Drama",2024-01-11,7.074,10.0698,TV Shows
Comedians in Cars Getting Coffee,"Comedy, Talk",2012-07-19,7.09,11.0942,TV Shows
Chi's Sweet Home,"Animation, Comedy, Kids",2008-03-31,6.8,9.2793,TV Shows
Scott Pilgrim Takes Off,"Animation, Action & Adventure, Comedy, Sci-Fi & Fantasy",2023-11-17,7.934,10.0587,TV Shows
The Double,"Drama, Mystery, Comedy",2024-06-02,8.178,9.5263,TV Shows
The Trauma Code: Heroes on Call,"Drama, Comedy",2025-01-24,8.5,9.8348,TV Shows
Love,"Comedy, Drama",2016-02-19,7.105,9.2705,TV Shows
Billionaires' Bunker,"Sci-Fi & Fantasy, Drama, Mystery",2025-09-19,6.379,10.9241,TV Shows
Dinosaur King,"Animation, Sci-Fi & Fantasy, Comedy, Action & Adventure",2007-02-04,8.2,10.0014,TV Shows
Legends,"Action & Adventure, Crime, Drama",2026-05-07,7.541,10.7091,TV Shows
The Hawk,Comedy,2026-07-16,5.324,10.6696,TV Shows
Gintama,"Animation, Action & Adventure, Sci-Fi & Fantasy",2006-04-04,8.139,9.7874,TV Shows
Alexa & Katie,Comedy,2018-03-23,8.1,9.5732,TV Shows
Bonus Family,"Drama, Comedy",2017-01-30,6.6,9.3367,TV Shows
Wayward,"Drama, Mystery",2025-09-25,6.14,9.3613,TV Shows
Jentry Chau vs the Underworld,"Animation, Action & Adventure, Sci-Fi & Fantasy, Comedy",2024-12-05,8.125,9.0928,TV Shows
Run Away,"Drama, Mystery",2026-01-01,6.649,9.2271,TV Shows
We Are All Trying Here,Drama,2026-04-18,8.556,10.3992,TV Shows
Valeria,"Comedy, Drama",2020-05-08,7.334,10.6305,TV Shows
Squid Game: The Challenge,Reality,2023-11-22,6.471,9.8189,TV Shows
Running Point,Comedy,2025-02-27,7.298,9.291,TV Shows
Let This Grieving Soul Retire,"Animation, Comedy, Sci-Fi & Fantasy",2024-10-01,6.6,9.35,TV Shows
The Way of the Househusband,"Animation, Comedy",2021-04-08,8.307,9.3181,TV Shows
Hometown Cha-Cha-Cha,"Comedy, Drama",2021-08-28,8.202,9.75,TV Shows
Ricky Gervais Alley Cats,"Animation, Comedy",2026-08-07,7.846,10.0432,TV Shows
Young Royals,Drama,2021-07-01,8.497,9.5525,TV Shows
Sleeping Dog,"Crime, Mystery, Drama",2023-06-22,6.27,11.1052,TV Shows
Resident Evil,"Drama, Sci-Fi & Fantasy",2022-07-14,5.501,8.692,TV Shows
Devilman Crybaby,"Animation, Action & Adventure, Sci-Fi & Fantasy",2018-01-05,7.8,10.5804,TV Shows
The Rain,"Sci-Fi & Fantasy, Drama",2018-05-04,7.2,9.6623,TV Shows
2.5 Dimensional Seduction,"Animation, Comedy",2024-07-05,8.0,9.6993,TV Shows
Unbelievable,"Drama, Crime",2019-09-13,7.896,9.3321,TV Shows
Insatiable,"Drama, Comedy",2018-08-10,7.748,8.9684,TV Shows
Beyond the Bar,Drama,2025-08-02,8.089,9.0742,TV Shows
The Big C,"Comedy, Drama",2010-08-16,7.328,9.4897,TV Shows
Let's Talk About CHU,"Family, Drama, Comedy",2024-02-02,7.4,9.8304,TV Shows
Kingdom,"Drama, Mystery",2019-01-25,8.206,9.7217,TV Shows
The Law According to Lidia Poët,"Drama, Crime, War & Politics",2023-02-15,7.4,9.8936,TV Shows
Yasuke,"Animation, Drama, Action & Adventure, Sci-Fi & Fantasy",2021-04-29,7.292,9.6719,TV Shows
Chicago Party Aunt,"Animation, Comedy",2021-09-17,6.069,10.4253,TV Shows
Flunked,"Comedy, Crime",2026-04-23,6.791,12.2466,TV Shows
Giri/Haji,"Crime, Drama",2019-10-17,7.367,9.5361,TV Shows
The Snitch Cartel: Origins,"Crime, Drama",2022-06-14,7.951,9.3335,TV Shows
Bodyguard,"Crime, Drama, War & Politics, Mystery",2018-08-26,7.778,9.8567,TV Shows
Rainbow High,"Kids, Animation, Drama, Family",2020-10-03,8.6,11.292,TV Shows
Unicorn Academy,"Animation, Kids, Sci-Fi & Fantasy, Action & Adventure, Comedy, Family",2023-11-02,8.0,9.8918,TV Shows
Danger Mouse,"Comedy, Animation, Family, Action & Adventure, Sci-Fi & Fantasy",2015-09-28,6.292,9.1514,TV Shows
Alaskan Bush People,"Reality, Family",2014-05-06,6.433,8.9073,TV Shows
Witch Watch,"Animation, Comedy, Sci-Fi & Fantasy",2025-04-06,7.7,8.6454,TV Shows
Barbarians,"Action & Adventure, Drama",2020-10-23,7.296,9.155,TV Shows
Eternal Love,"Drama, Sci-Fi & Fantasy, Action & Adventure",2017-01-30,7.7,8.9257,TV Shows
The King: Eternal Monarch,"Sci-Fi & Fantasy, Drama",2020-04-17,8.246,9.7534,TV Shows
Sold Out on You,"Comedy, Drama",2026-04-22,8.384,9.9969,TV Shows
Partners for Justice,"Drama, Mystery, Crime",2018-05-14,7.182,9.582,TV Shows
Unlucky Bae,"Comedy, Drama, Sci-Fi & Fantasy",2026-08-06,8.0,10.2702,TV Shows
Criminal: UK,"Crime, Drama",2019-09-20,7.218,10.3662,TV Shows
The Serpent,"Drama, Crime",2021-01-01,7.405,9.0692,TV Shows
RIPLEY,Drama,2024-04-04,7.911,9.7212,TV Shows
Oddballs,"Action & Adventure, Comedy, Animation",2022-10-07,7.224,9.0596,TV Shows
Descendants of the Sun,"Drama, Action & Adventure",2016-02-24,8.318,9.4467,TV Shows
Tokyo Swindlers,Crime,2024-07-25,6.952,9.3737,TV Shows
Maid,Drama,2021-09-30,8.0,8.948,TV Shows
Trigger,"Action & Adventure, Drama, Crime",2025-07-25,8.077,9.5133,TV Shows
ULTRAMAN,"Animation, Action & Adventure, Sci-Fi & Fantasy, Kids",2019-04-01,7.095,9.4468,TV Shows
Crooks,"Action & Adventure, Drama, Crime",2024-04-04,6.971,9.1271,TV Shows
Hellbound,"Drama, Mystery, Sci-Fi & Fantasy",2021-11-19,7.32,9.4404,TV Shows
Pacific Rim: The Black,"Sci-Fi & Fantasy, Animation, Action & Adventure",2021-03-04,8.178,8.653,TV Shows
Everybody's Live with John Mulaney,"Comedy, Talk",2025-03-12,6.7,7.8369,TV Shows
Bolívar,Drama,2019-06-24,7.598,8.6444,TV Shows
Cordon,Drama,2024-11-25,0.0,9.4796,TV Shows
High Tides,Drama,2023-05-12,6.75,9.1623,TV Shows
"I Got a Cheat Skill in Another World and Became Unrivaled in the Real World, Too","Animation, Action & Adventure, Sci-Fi & Fantasy",2023-04-07,8.2,9.4903,TV Shows
Boots,"Comedy, Drama, War & Politics",2025-10-09,7.983,9.2335,TV Shows
Queer Eye,Reality,2018-02-07,7.388,8.846,TV Shows
Kakegurui,"Animation, Mystery, Crime, Drama",2017-07-01,8.133,9.5828,TV Shows
Pit Babe,"Drama, Sci-Fi & Fantasy, Action & Adventure",2023-11-17,7.938,8.5815,TV Shows
Phantom Lawyer,"Drama, Sci-Fi & Fantasy, Mystery, Comedy",2026-03-13,7.7,9.9883,TV Shows
The Baby-Sitters Club,"Kids, Drama",2020-07-03,7.9,9.0581,TV Shows
"Thank You, Next","Drama, Comedy",2024-05-09,7.173,10.4026,TV Shows
That '90s Show,Comedy,2023-01-19,6.736,7.8378,TV Shows
Mampuku,Drama,2018-10-01,8.8,9.0187,TV Shows
Resident Playbook,Drama,2025-04-12,8.1,8.6145,TV Shows
My Brilliant Career,"Drama, Family",2026-08-13,5.346,9.556,TV Shows
Mad Unicorn,Drama,2025-05-29,8.829,7.1571,TV Shows
GANTZ,"Animation, Action & Adventure, Sci-Fi & Fantasy, Drama",2004-04-13,7.278,9.4207,TV Shows
The Gift,"Mystery, Drama, Sci-Fi & Fantasy",2019-12-27,7.382,9.0607,TV Shows
Puffin Rock,"Animation, Kids",2015-01-12,7.7,8.8884,TV Shows
The Untamed,"Action & Adventure, Drama, Mystery",2019-06-27,8.6,8.6828,TV Shows
Kaleidoscope,"Crime, Drama",2023-01-01,6.862,8.6572,TV Shows
The Brothers Sun,"Drama, Action & Adventure, Crime, Comedy",2024-01-04,7.547,9.3854,TV Shows
Winx Club: The Magic Is Back,"Animation, Kids, Action & Adventure, Comedy, Sci-Fi & Fantasy",2025-10-01,7.0,8.6109,TV Shows
Friendly Rivalry,"Mystery, Drama",2025-02-10,8.7,8.9586,TV Shows
Galileo,"Drama, Mystery, Crime",2007-10-15,8.2,9.342,TV Shows
Tokyo Salad Bowl,"Drama, Mystery, Crime",2025-01-07,7.9,7.09,TV Shows
7SEEDS,"Animation, Drama, Sci-Fi & Fantasy",2019-06-28,7.7,8.3158,TV Shows
Indian Matchmaking,Reality,2020-07-16,6.444,9.3852,TV Shows
Tomorrow,"Drama, Sci-Fi & Fantasy, Action & Adventure",2022-04-01,8.368,8.311,TV Shows
Vinland Saga,"Animation, War & Politics, Action & Adventure, Drama",2019-07-08,8.5,8.9852,TV Shows
GATE24: The Border,"Crime, Drama",2026-07-23,5.0,9.7357,TV Shows
Derry Girls,"Comedy, Drama",2018-01-04,8.132,9.1231,TV Shows
Explained,Documentary,2018-05-23,7.431,8.0643,TV Shows
Top Boy,"Crime, Drama, Action & Adventure",2019-09-13,8.0,9.3593,TV Shows
Degrassi: Next Class,Drama,2016-01-04,6.816,8.0636,TV Shows
Russian Doll,"Comedy, Drama",2019-02-01,7.36,8.7438,TV Shows
My Name,"Crime, Drama, Mystery",2021-10-15,8.207,8.3496,TV Shows
Khemjira,"Drama, Mystery, Sci-Fi & Fantasy",2025-08-09,9.1,8.254,TV Shows
Love (ft. Marriage and Divorce),Drama,2021-01-23,7.367,8.6189,TV Shows
MOURINHO,Documentary,2026-08-11,7.804,8.6214,TV Shows
First Class,Reality,2022-06-23,1.5,7.7374,TV Shows
The Price of Confession,"Mystery, Drama",2025-12-05,7.958,8.9326,TV Shows
The Good Detective,"Crime, Drama, Mystery, Action & Adventure",2020-07-06,7.214,8.1659,TV Shows
How a Realist Hero Rebuilt the Kingdom,"Animation, Action & Adventure, Sci-Fi & Fantasy, Comedy",2021-07-04,7.7,8.6197,TV Shows
Because This Is My First Life,"Comedy, Drama",2017-10-09,8.2,9.0819,TV Shows
Rooster Fighter,"Animation, Action & Adventure, Sci-Fi & Fantasy, Comedy",2026-03-15,8.8,8.6459,TV Shows
The Madness,"Drama, Crime, Action & Adventure",2024-11-28,6.37,9.3898,TV Shows
The Great Indian Kapil Show,"Talk, Comedy",2024-03-30,7.118,9.2662,TV Shows
Dinotrux,"Action & Adventure, Animation, Kids",2015-08-14,6.5,9.6113,TV Shows
Ashes to Crown,Drama,2026-06-02,7.6,8.959,TV Shows
Baby Reindeer,Drama,2024-04-11,7.563,7.2533,TV Shows
Super Giant Robot Brothers,"Animation, Action & Adventure, Comedy",2022-08-04,6.7,8.6202,TV Shows
Midnight Diner,"Drama, Comedy",2009-10-09,8.196,8.2881,TV Shows
3%,"Drama, Sci-Fi & Fantasy",2016-11-25,7.052,9.5602,TV Shows
7th Time Loop: The Villainess Enjoys a Carefree Life Married to Her Worst Enemy!,"Animation, Drama, Sci-Fi & Fantasy",2024-01-07,7.933,7.9184,TV Shows
Racket Boys,"Drama, Comedy",2021-05-31,8.0,9.0555,TV Shows
Flower of Evil,"Drama, Crime, Mystery",2020-07-29,8.3,8.8384,TV Shows
Ragnarok,"Sci-Fi & Fantasy, Drama, Mystery",2020-01-31,7.748,9.4378,TV Shows
The Princess Royal,Drama,2024-06-26,7.6,8.8556,TV Shows
Real Rob,Comedy,2015-12-01,6.574,9.3969,TV Shows
Bodies,"Crime, Mystery, Sci-Fi & Fantasy, Drama",2023-10-19,7.128,9.4756,TV Shows
The Chosen One,"Drama, Sci-Fi & Fantasy",2023-08-16,6.103,9.9121,TV Shows
Hotel Del Luna,"Sci-Fi & Fantasy, Drama, Comedy",2019-07-12,8.5,9.6477,TV Shows
Rulers of Fortune,"Crime, Drama",2025-10-29,8.141,8.8054,TV Shows
Wrath,"Crime, Drama",2026-07-29,7.594,8.6404,TV Shows
Bandidos,Action & Adventure,2024-03-13,7.3,8.9379,TV Shows
Master of None,"Comedy, Drama",2015-11-06,7.351,7.7912,TV Shows
Rita,"Drama, Comedy",2012-02-09,7.431,8.5956,TV Shows
Interior Design Masters with Alan Carr,Reality,2019-08-14,6.476,7.5263,TV Shows
The Sound of Your Heart: Reboot,"Comedy, Family",2018-10-29,6.429,8.7134,TV Shows
Santa Clarita Diet,"Comedy, Mystery, Crime",2017-02-03,7.427,8.9475,TV Shows
Intersection,Drama,2016-01-07,5.9,7.7971,TV Shows
Baby,Drama,2018-11-30,7.897,8.3799,TV Shows
The Stranger,"Mystery, Crime",2020-01-30,7.165,8.4996,TV Shows
Greenhouse Academy,Drama,2017-09-08,7.4,9.1018,TV Shows
Raising Dion,"Drama, Sci-Fi & Fantasy",2019-10-04,7.502,7.7852,TV Shows
Dino Ranch,"Animation, Action & Adventure, Comedy, Family",2021-01-18,5.6,7.5149,TV Shows
Loner Life in Another World,"Animation, Action & Adventure, Sci-Fi & Fantasy",2024-09-27,7.0,9.0878,TV Shows
Unchosen,Drama,2026-04-21,6.8,8.7695,TV Shows
Strip Law,"Animation, Comedy, Drama",2026-02-20,7.0,8.5134,TV Shows
Juvenile Justice,"Drama, Crime",2022-02-25,8.073,7.9274,TV Shows
Our Generation,Drama,2025-07-14,8.3,8.7112,TV Shows
Carmen Sandiego,"Animation, Action & Adventure, Crime, Kids",2019-01-18,7.928,8.2969,TV Shows
The Vendetta of An,"Drama, Mystery, War & Politics",2025-12-12,7.8,8.3964,TV Shows
Junji Ito Maniac: Japanese Tales of the Macabre,"Animation, Mystery, Sci-Fi & Fantasy, Drama",2023-01-19,7.015,8.5083,TV Shows
Unsolved Mysteries,"Documentary, Drama, Mystery",2020-07-01,7.661,7.51,TV Shows
The World's Finest Assassin Gets Reincarnated in Another World as an Aristocrat,"Animation, Action & Adventure, Sci-Fi & Fantasy",2021-10-06,8.1,8.3602,TV Shows
My Daughter Left the Nest and Returned an S-Rank Adventurer,"Animation, Comedy, Action & Adventure, Sci-Fi & Fantasy",2023-10-06,6.571,7.8949,TV Shows
The Story of Pearl Girl,Drama,2024-11-01,8.2,8.9519,TV Shows
Mieruko-chan,"Animation, Comedy, Mystery, Sci-Fi & Fantasy",2021-10-03,8.123,8.2791,TV Shows
Super Crooks,"Animation, Crime, Sci-Fi & Fantasy, Action & Adventure",2021-11-25,7.117,8.6942,TV Shows
Marcella,"Crime, Drama",2016-04-04,6.893,8.3251,TV Shows
Glitch,"Drama, Sci-Fi & Fantasy",2015-07-09,6.806,8.4836,TV Shows
Eve,"Drama, Comedy",2022-06-01,6.675,9.2223,TV Shows
Big Mistakes,"Comedy, Crime",2026-04-09,6.759,8.4045,TV Shows
Ron Kamonohashi's Forbidden Deductions,"Animation, Mystery, Crime, Action & Adventure",2023-10-02,6.721,7.966,TV Shows
Mulligan,"Animation, Comedy",2023-05-12,5.473,8.3277,TV Shows
He-Man and the Masters of the Universe,"Animation, Sci-Fi & Fantasy, Family, Action & Adventure",2021-09-16,7.092,7.6607,TV Shows
Transformers: EarthSpark,"Animation, Kids, Sci-Fi & Fantasy, Comedy, Drama",2022-11-11,7.2,8.3956,TV Shows
As You Stood By,"Crime, Drama, Mystery",2025-11-07,8.252,8.9151,TV Shows
Uncle from Another World,"Animation, Comedy, Sci-Fi & Fantasy",2022-07-06,7.5,7.9775,TV Shows
Monday Late Show,Reality,2012-04-10,9.0,8.4114,TV Shows
The Piano Forest,"Animation, Drama",2018-04-09,6.5,7.3888,TV Shows
A Time Called You,Drama,2023-09-08,8.3,7.481,TV Shows
American Primeval,"Western, Drama, Action & Adventure",2025-01-09,7.713,8.535,TV Shows
In the Mud,"Crime, Drama",2025-08-14,7.55,8.0035,TV Shows
Agatha Christie's Seven Dials,"Mystery, Crime, Drama",2026-01-15,6.3,7.3924,TV Shows
Mighty Monsterwheelies,"Animation, Action & Adventure, Comedy, Kids",2024-10-14,7.6,7.0661,TV Shows
Dracula,"Drama, Action & Adventure",2020-01-01,6.981,8.6727,TV Shows
Godless,"Western, Drama",2017-11-22,7.744,8.5376,TV Shows
revisions,"Animation, Action & Adventure, Sci-Fi & Fantasy",2019-01-10,7.228,9.7001,TV Shows
Leviathan,"Animation, Action & Adventure, Sci-Fi & Fantasy",2025-07-10,6.154,7.3675,TV Shows
Tokyo Love Story,Drama,1991-01-07,8.4,8.3819,TV Shows
Another Life,"Sci-Fi & Fantasy, Drama",2019-07-25,6.107,8.0426,TV Shows
The Aristocrat's Otherworldly Adventure: Serving Gods Who Go Too Far,"Animation, Comedy, Action & Adventure, Sci-Fi & Fantasy",2023-04-03,7.1,7.9157,TV Shows
Frontier,"Action & Adventure, Drama",2016-11-06,6.817,8.079,TV Shows
Little Witch Academia,"Animation, Sci-Fi & Fantasy, Comedy, Action & Adventure, Kids",2017-01-09,7.9,8.0924,TV Shows
Hell Teacher: Jigoku Sensei Nube,"Animation, Comedy, Sci-Fi & Fantasy",2025-07-02,8.5,7.4157,TV Shows
Suspicious Partner,"Comedy, Crime, Drama",2017-05-10,7.839,7.8379,TV Shows
Heartbreak High,Drama,2022-09-14,7.235,8.5817,TV Shows
Twilight of the Gods,"Animation, Sci-Fi & Fantasy, Action & Adventure",2024-09-19,7.647,7.1024,TV Shows
House of Guinness,Drama,2025-09-25,7.586,7.7492,TV Shows
"Go, Dog. Go!","Animation, Kids",2021-01-26,8.5,7.3159,TV Shows
Secrets We Keep,"Drama, Crime",2025-05-15,6.677,8.3306,TV Shows
Morphle,"Animation, Kids",2019-01-10,6.0,8.0345,TV Shows
Amidst a Snowstorm of Love,Drama,2024-02-02,8.167,8.4642,TV Shows
It's Okay to Not Be Okay,"Drama, Comedy",2020-06-20,8.504,8.6731,TV Shows
The Eternaut,"Drama, Action & Adventure, Sci-Fi & Fantasy",2025-04-30,7.452,8.102,TV Shows
#NoFilter,"Comedy, Drama",2023-02-15,6.8,7.9621,TV Shows
The Dead Girls,"Drama, Crime",2025-09-10,7.298,8.079,TV Shows
The Leopard,Drama,2025-03-05,7.648,7.7299,TV Shows
Cowboy Bebop,"Sci-Fi & Fantasy, Action & Adventure, Crime",2021-11-19,6.504,7.4611,TV Shows
DRAGON PILOT: Hisone and Masotan,"Animation, Comedy, Drama, Sci-Fi & Fantasy",2018-04-13,7.1,7.5066,TV Shows
Lawmen: Bass Reeves,Drama,2023-11-05,6.997,8.6804,TV Shows
Suburra: Blood on Rome,"Crime, Drama",2017-10-06,7.442,7.5558,TV Shows
Something in the Rain,Drama,2018-03-30,7.8,8.1481,TV Shows
Behind Her Eyes,"Mystery, Sci-Fi & Fantasy, Drama",2021-02-17,7.359,8.1755,TV Shows
The Bombing of Pan Am 103,"Drama, Crime",2025-05-18,7.236,7.3836,TV Shows
Terrace House: Aloha State,Reality,2016-11-01,7.4,7.7453,TV Shows
Bad Thoughts,Comedy,2025-05-13,5.924,7.7708,TV Shows
Encounter,Drama,2018-11-28,7.81,7.1372,TV Shows
Operation Safed Sagar: The Untold Story of the Kargil War,Drama,2026-08-07,6.7,7.8889,TV Shows
The Fiery Priest,"Crime, Comedy, Drama",2019-02-15,8.231,7.7056,TV Shows
Nailed It!,Reality,2018-03-09,7.114,7.6126,TV Shows
One Day,Drama,2024-02-08,7.674,7.8474,TV Shows
The Tailor,"Drama, Mystery",2023-05-02,7.455,7.6737,TV Shows
W,"Drama, Comedy",2016-07-20,8.4,7.3615,TV Shows
Wet Hot American Summer: First Day of Camp,Comedy,2015-07-31,6.432,6.8029,TV Shows
My Dad the Bounty Hunter,"Action & Adventure, Comedy, Animation, Family, Kids",2023-02-09,8.197,8.1783,TV Shows
Ratched,"Mystery, Drama, Crime",2020-09-18,7.647,7.2192,TV Shows
City of Shadows,"Crime, Mystery",2025-12-12,6.699,8.1495,TV Shows
Mr. Queen,"Drama, Comedy, Sci-Fi & Fantasy",2020-12-12,8.505,7.7834,TV Shows
Money Heist: Korea - Joint Economic Area,"Action & Adventure, Crime, Drama, Mystery",2022-06-24,7.7,8.0544,TV Shows
Queen Charlotte: A Bridgerton Story,Drama,2023-05-04,7.995,7.394,TV Shows
1899,"Mystery, Drama",2022-11-17,7.453,8.4404,TV Shows
Itaewon Class,Drama,2020-01-31,8.342,7.411,TV Shows
Ajin,"Animation, Action & Adventure, Mystery",2016-01-16,7.9,8.3121,TV Shows
Viral Hit,"Drama, Action & Adventure",2026-06-11,8.01,7.8444,TV Shows
Ridley Jones,"Animation, Kids",2021-07-13,6.621,6.879,TV Shows
Love in Contract,"Drama, Comedy",2022-09-21,7.74,7.542,TV Shows
Wolf King,"Animation, Action & Adventure, Kids, Sci-Fi & Fantasy",2025-03-20,6.806,8.4479,TV Shows
First Love,Drama,2022-11-24,8.1,7.5414,TV Shows
My Sassy Girl,"Comedy, Drama",2017-05-29,6.2,7.4422,TV Shows
Mr. Plankton,"Comedy, Drama",2024-11-08,8.144,7.2863,TV Shows
"What Will You Do, Ieyasu?","Drama, War & Politics",2023-01-08,7.9,8.4992,TV Shows
Museum of Innocence,Drama,2026-02-13,8.1,8.0579,TV Shows
A Killer Paradox,"Crime, Comedy, Mystery, Drama",2024-02-09,7.364,7.7072,TV Shows
Devil in Ohio,"Crime, Drama, Mystery",2022-09-02,6.51,7.5077,TV Shows
Doom at Your Service,"Drama, Sci-Fi & Fantasy, Comedy",2021-05-10,7.929,7.9574,TV Shows
Bitch X Rich,"Drama, Mystery",2023-05-31,8.2,7.7857,TV Shows
The Innocents,"Sci-Fi & Fantasy, Drama",2018-08-24,5.678,8.0639,TV Shows
Everyone Loves Me,"Comedy, Drama",2024-03-01,8.0,7.3185,TV Shows
The Kominsky Method,"Comedy, Drama",2018-11-16,7.529,7.5127,TV Shows
The House of Flowers,"Drama, Comedy",2018-08-10,7.743,6.7674,TV Shows
Meet Yourself,Drama,2023-01-03,8.2,7.7557,TV Shows
Who Killed Sara?,"Drama, Crime, Mystery",2021-03-24,7.567,7.9083,TV Shows
Destined with You,"Drama, Sci-Fi & Fantasy, Comedy",2023-08-23,8.1,8.0841,TV Shows
Free Rein,"Family, Kids, Drama",2017-06-22,7.947,7.8079,TV Shows
Asterix & Obelix: The Big Fight,"Animation, Action & Adventure, Comedy, Sci-Fi & Fantasy, Family",2025-04-30,7.789,7.3242,TV Shows
The Silent Sea,"Drama, Sci-Fi & Fantasy, Mystery",2021-12-24,7.593,9.0996,TV Shows
WWE: Unreal,Documentary,2025-07-29,7.961,6.9458,TV Shows
Samurai Rabbit: The Usagi Chronicles,"Animation, Action & Adventure, Comedy, Family, Kids",2022-04-28,6.157,7.4855,TV Shows
SKY Castle,"Comedy, Drama",2018-11-23,8.019,8.0852,TV Shows
Lovestruck in the City,Drama,2020-12-22,7.676,7.0724,TV Shows
Bayside Shakedown,"Drama, Action & Adventure, Crime, Comedy",1997-01-07,8.1,9.0181,TV Shows
SNOWBALL EARTH,"Animation, Action & Adventure, Sci-Fi & Fantasy",2026-04-03,6.4,7.6047,TV Shows
Joko Anwar's Nightmares and Daydreams,"Sci-Fi & Fantasy, Drama, Mystery",2024-06-14,6.613,8.2785,TV Shows
Dragon Age: Absolution,"Animation, Action & Adventure, Sci-Fi & Fantasy",2022-12-09,6.38,7.2075,TV Shows
Masters of the Universe: Revelation,"Action & Adventure, Sci-Fi & Fantasy, Animation",2021-07-23,6.606,7.481,TV Shows
Young Lady and Gentleman,"Comedy, Drama, Family",2021-09-25,7.0,7.5549,TV Shows
As the Crow Flies,Drama,2022-06-03,7.1,8.438,TV Shows
Ghost in the Shell: SAC_2045,"Animation, Drama, Action & Adventure, Sci-Fi & Fantasy",2020-04-23,6.461,7.5035,TV Shows
Spirit Rangers,"Kids, Animation, Sci-Fi & Fantasy, Action & Adventure",2022-10-10,6.8,8.176,TV Shows
El Dragón: Return of a Warrior,"Drama, Action & Adventure",2019-10-04,7.4,7.7621,TV Shows
My Liberation Notes,Drama,2022-04-09,7.9,8.0519,TV Shows
Arnold,Documentary,2023-06-07,7.875,6.1823,TV Shows
Perfect Match,Reality,2023-02-14,5.9,7.7307,TV Shows
Kath & Kim,Comedy,2002-05-16,7.5,7.2658,TV Shows
Jupiter's Legacy,"Sci-Fi & Fantasy, Action & Adventure, Drama, Mystery",2021-05-07,6.883,7.3923,TV Shows
Busted!,"Comedy, Mystery",2018-05-04,7.8,6.7856,TV Shows
Vladimir,Drama,2026-03-05,6.803,7.3867,TV Shows
Healer,"Comedy, Action & Adventure, Mystery, Drama",2014-12-08,8.309,7.4585,TV Shows
Move to Heaven,Drama,2021-05-14,8.0,7.8492,TV Shows
The Witcher: Blood Origin,"Sci-Fi & Fantasy, Action & Adventure, Drama",2022-12-25,6.488,7.7911,TV Shows
Miss Governor,"Comedy, War & Politics",2025-05-22,4.1,6.8974,TV Shows
Tayo the Little Bus,"Animation, Kids, Comedy, Family",2010-08-23,6.7,7.3565,TV Shows
Hollywood,Drama,2020-05-01,7.213,11.2197,TV Shows
Karma,"Crime, Drama",2025-04-04,7.496,6.9911,TV Shows
Risqué Business: Japan,Reality,2023-04-25,7.2,7.6342,TV Shows
Just Alice,"Drama, Comedy, Soap",2025-11-05,7.3,10.6598,TV Shows
The Abandons,"Drama, Western",2025-12-04,5.867,7.6753,TV Shows
Old Money,Drama,2025-10-10,6.217,8.7267,TV Shows
The Newsreader,Drama,2021-08-15,7.395,6.8398,TV Shows
Griselda,"Drama, Crime",2024-01-25,7.226,7.3287,TV Shows
HANA-KIMI,"Drama, Comedy",2007-07-03,7.359,8.1284,TV Shows
Robocar Poli,"Animation, Kids, Family, Action & Adventure, Comedy",2011-02-28,6.6,7.4721,TV Shows
Forecasting Love and Weather,"Drama, Comedy",2022-02-12,7.3,8.6354,TV Shows
Blood & Water,Drama,2020-05-20,7.817,7.1958,TV Shows
Cursed,"Action & Adventure, Sci-Fi & Fantasy",2020-07-16,7.14,6.5787,TV Shows
American Vandal,"Comedy, Crime",2017-09-15,7.438,6.8483,TV Shows
Dragon Sakura,"Drama, Comedy",2005-07-08,7.7,10.9099,TV Shows
KILL BLUE,"Animation, Action & Adventure, Comedy",2026-04-11,7.845,7.6977,TV Shows
SPEC ~ First Blood,"Sci-Fi & Fantasy, Drama, Comedy, Crime, Mystery",2010-10-08,8.5,8.1359,TV Shows
Our Blues,Drama,2022-04-09,8.466,6.3147,TV Shows
Kabaneri of the Iron Fortress,"Animation, Drama, Action & Adventure, Sci-Fi & Fantasy",2016-04-08,7.077,7.2548,TV Shows
My Love from the Star,"Comedy, Drama",2013-12-18,8.295,7.4669,TV Shows
The Life and Movies of Erşan Kuneri,Comedy,2022-05-13,6.702,7.3733,TV Shows
Twenty Five Twenty One,Drama,2022-02-12,8.466,7.6998,TV Shows
The King's Affection,Drama,2021-10-11,8.096,7.2941,TV Shows
Iryu: Team Medical Dragon,Drama,2006-04-13,7.0,6.87,TV Shows
Rainbow Bubblegem,"Animation, Kids, Action & Adventure, Comedy, Sci-Fi & Fantasy",2023-07-25,10.0,7.1482,TV Shows
Maniac,"Comedy, Drama, Sci-Fi & Fantasy",2018-09-21,7.345,7.8454,TV Shows
My Mister,Drama,2018-03-21,8.556,7.8391,TV Shows
That Night,"Crime, Drama, Mystery",2026-03-13,6.709,7.3498,TV Shows
I Parry Everything,"Action & Adventure, Animation",2024-07-05,7.947,6.9444,TV Shows
Dead Mount Death Play,"Animation, Action & Adventure, Sci-Fi & Fantasy",2023-04-11,6.871,7.5301,TV Shows
K-foodie meets J-foodie,"Reality, Talk",2025-02-27,8.8,6.8116,TV Shows
Safe,"Drama, Crime, Mystery",2018-05-10,6.901,7.0032,TV Shows
1670,Comedy,2023-12-13,7.458,7.2368,TV Shows
The Spy,Drama,2019-09-06,7.388,7.5111,TV Shows
Sell Your Haunted House,"Drama, Comedy, Sci-Fi & Fantasy, Mystery",2021-04-14,7.158,7.9177,TV Shows
Soda Master,"Drama, Mystery",2026-01-14,8.2,6.8848,TV Shows
When the Phone Rings,"Drama, Mystery, Crime",2024-11-22,8.326,6.9262,TV Shows
Clean with Passion for Now,"Comedy, Drama",2018-11-26,7.5,8.3297,TV Shows
Arthdal Chronicles,"Drama, Action & Adventure",2019-06-01,7.608,7.6301,TV Shows
Hello Ninja,Animation,2019-11-01,6.0,7.56,TV Shows
Cashero,"Action & Adventure, Drama",2025-12-26,7.3,7.1376,TV Shows
Pokémon Concierge,"Animation, Family",2023-12-28,7.469,7.0777,TV Shows
Power Players,"Action & Adventure, Comedy, Animation, Kids",2019-09-21,5.2,7.6542,TV Shows
Kleo,"Action & Adventure, Drama, Crime",2022-08-19,7.061,7.2799,TV Shows
Little Women,"Drama, Mystery, Action & Adventure",2022-09-03,7.969,7.0519,TV Shows
Booba,"Animation, Kids, Family, Comedy",2014-11-10,6.2,7.1815,TV Shows
I Think You Should Leave with Tim Robinson,Comedy,2019-04-23,7.014,6.5697,TV Shows
The Movies That Made Us,Documentary,2019-11-29,7.264,7.6133,TV Shows
Hightown,"Drama, Crime",2020-05-17,6.754,6.5868,TV Shows
Furies,"Action & Adventure, Crime",2024-03-01,7.2,8.1028,TV Shows
The Good Bad Mother,"Drama, Comedy",2023-04-26,8.874,6.6465,TV Shows
Girl from Nowhere: The Reset,"Drama, Mystery",2026-03-07,7.7,7.5649,TV Shows
Inside Man,"Drama, Crime, Mystery",2022-09-26,6.916,8.2936,TV Shows
Norsemen,"Comedy, Drama",2016-10-21,7.208,6.835,TV Shows
How to Sell Drugs Online (Fast),"Drama, Comedy, Crime",2019-05-31,7.884,6.4633,TV Shows
Aggretsuko,"Animation, Comedy",2018-04-20,7.4,6.5591,TV Shows
B: The Beginning,"Action & Adventure, Animation, Drama, Crime, Mystery, Sci-Fi & Fantasy",2018-03-02,7.604,7.6925,TV Shows
My ID is Gangnam Beauty,"Comedy, Drama",2018-07-27,7.321,7.6281,TV Shows
The Chef Show,Documentary,2019-06-07,7.5,6.1625,TV Shows
Eva Lasting,Drama,2023-02-15,8.374,7.5502,TV Shows
Hilda,"Action & Adventure, Animation, Family, Sci-Fi & Fantasy",2018-09-21,8.384,6.9565,TV Shows
Welcome to Eden,"Action & Adventure, Sci-Fi & Fantasy, Drama",2022-05-06,7.002,7.4069,TV Shows
KAOS,"Comedy, Sci-Fi & Fantasy, Drama",2024-08-29,7.327,7.7359,TV Shows
Turn of the Tide,Drama,2023-05-26,7.0,6.8104,TV Shows
Kaulitz & Kaulitz,Reality,2024-06-25,8.268,6.9661,TV Shows
Creeped Out,"Sci-Fi & Fantasy, Mystery",2017-10-31,7.185,6.7422,TV Shows
SHIBOYUGI: Playing Death Games to Put Food on the Table,"Animation, Action & Adventure, Mystery",2026-01-07,6.9,6.7174,TV Shows
MIU404,"Crime, Mystery, Drama",2020-06-26,7.5,7.1296,TV Shows
Scandal Eve,Mystery,2025-11-19,8.0,8.524,TV Shows
Blood Coast,"Action & Adventure, Crime, Drama",2023-12-06,7.363,7.0886,TV Shows
Dead End: Paranormal Park,"Animation, Kids",2022-06-16,7.282,6.9862,TV Shows
Black Summer,"Sci-Fi & Fantasy, Drama, Action & Adventure",2019-04-11,6.919,6.8719,TV Shows
Sean Combs: The Reckoning,"Documentary, Crime",2025-12-02,7.3,7.0731,TV Shows
Straight to Hell,Drama,2026-04-27,7.84,6.4218,TV Shows
Moonrise,"Animation, Action & Adventure, Sci-Fi & Fantasy",2025-04-10,7.096,6.6387,TV Shows
timelesz project -AUDITION-,Reality,2024-09-17,6.25,6.0338,TV Shows
Court of Gold,Documentary,2025-02-18,8.172,6.7027,TV Shows
Lucas the Spider,"Kids, Animation",2021-09-18,7.2,6.6993,TV Shows
Exploding Kittens,"Animation, Comedy",2024-07-12,7.461,6.8888,TV Shows
Ipar Adalah Maut: The Series,Drama,2025-11-03,4.5,6.5751,TV Shows
Holly Hobbie,"Family, Drama",2018-11-16,8.4,6.8515,TV Shows
The Map of Longing,Drama,2026-07-17,8.263,8.4479,TV Shows
Tekken: Bloodline,"Action & Adventure, Sci-Fi & Fantasy, Animation",2022-08-18,7.34,7.6411,TV Shows
Stepmom and Daughter Blues,"Drama, Family, Comedy",2018-07-10,7.5,6.8825,TV Shows
Skull Island,"Animation, Action & Adventure, Sci-Fi & Fantasy",2023-06-22,7.033,7.0994,TV Shows
Terrace House: Tokyo 2019-2020,"Reality, Drama, Soap",2019-05-14,6.455,6.2011,TV Shows
Deadwind,"Drama, Crime",2018-03-14,6.946,7.4758,TV Shows
Still 17,"Drama, Comedy, Crime, Mystery",2018-07-23,7.967,6.6432,TV Shows
Splinter Cell: Deathwatch,"Animation, Action & Adventure",2025-10-14,6.712,8.113,TV Shows
Masters of the Universe: Revolution,"Animation, Action & Adventure, Sci-Fi & Fantasy",2024-01-25,7.783,6.7188,TV Shows
Maestro in Blue,"Drama, Crime",2022-10-13,6.5,6.5561,TV Shows
"Nevertheless,",Drama,2021-06-19,7.3,7.2106,TV Shows
Gilmore Girls: A Year in the Life,"Drama, Comedy",2016-11-25,7.318,7.199,TV Shows
Hwarang: The Poet Warrior Youth,"Drama, Comedy, Action & Adventure",2016-12-19,7.887,6.6755,TV Shows
Sins of Kujo,"Crime, Drama",2026-04-02,7.7,6.9945,TV Shows
Doctor Slump,"Drama, Comedy",2024-01-27,8.1,7.2692,TV Shows
Hierarchy,Drama,2024-06-07,7.724,6.5551,TV Shows
Finding Her Edge,Drama,2026-01-22,7.591,6.5914,TV Shows
Happiness,"Drama, Mystery, Sci-Fi & Fantasy",2021-11-05,8.084,6.6266,TV Shows
Supacell,"Action & Adventure, Sci-Fi & Fantasy, Drama",2024-06-27,7.399,8.2456,TV Shows
Bread Barbershop,"Animation, Kids, Comedy",2019-01-03,5.2,7.1207,TV Shows
Homicide,"Documentary, Crime",2024-03-20,7.016,7.6038,TV Shows
Two Fathers,"Comedy, Family",2013-03-26,6.6,7.5776,TV Shows
The Asset,"Drama, Crime",2025-10-27,7.236,6.8529,TV Shows
On My Block,Comedy,2018-03-16,8.306,6.9441,TV Shows
A Korean Odyssey,"Comedy, Mystery, Sci-Fi & Fantasy, Drama",2017-12-23,8.061,7.6618,TV Shows
How to Get to Heaven from Belfast,"Mystery, Comedy, Drama",2026-02-12,7.052,6.2868,TV Shows
This Is a Gardening Show,"Comedy, Documentary, Reality",2026-04-22,7.222,7.0131,TV Shows
When They See Us,Drama,2019-05-31,8.201,6.9632,TV Shows
Kurukshetra: The Great War of Mahabharata,"Action & Adventure, Drama, Animation",2025-10-10,8.03,6.9865,TV Shows
Cagaster of an Insect Cage,"Animation, Drama, Sci-Fi & Fantasy, Action & Adventure",2020-02-06,7.9,6.8457,TV Shows
RESIDENT EVIL: Infinite Darkness,"Animation, Drama, Action & Adventure, Sci-Fi & Fantasy",2021-07-08,7.547,7.3001,TV Shows
No Good Nick,"Comedy, Family",2019-04-15,6.734,6.716,TV Shows
Istanbul Encyclopedia,Drama,2025-04-17,5.567,7.8594,TV Shows
Weightlifting Fairy Kim Bok-joo,"Comedy, Drama",2016-11-16,8.499,6.9005,TV Shows
Two Husbands One Wife,Drama,2025-04-09,7.143,6.804,TV Shows
Idol I,"Mystery, Drama, Crime, Comedy",2025-12-22,7.8,6.8558,TV Shows
Dead Boy Detectives,"Drama, Mystery, Sci-Fi & Fantasy",2024-04-25,7.629,6.6653,TV Shows
Echoes,"Drama, Mystery",2022-08-19,6.577,8.024,TV Shows
Anatomy of a Scandal,Drama,2022-04-15,7.0,6.7197,TV Shows
Daughter from Another Mother,"Comedy, Drama",2021-01-20,7.637,8.1258,TV Shows
Light the Night,"Drama, Mystery, Crime",2021-11-27,8.2,6.9347,TV Shows
The Town,"Drama, Crime",2025-12-11,6.5,7.1996,TV Shows
The Last Dance,Documentary,2020-04-19,8.271,6.9565,TV Shows
Jin,"Drama, Sci-Fi & Fantasy",2009-10-11,7.95,8.0175,TV Shows
The Helicopter Heist,"Action & Adventure, Drama, Crime",2024-11-22,7.031,6.2042,TV Shows
Community Squad,"Comedy, Crime",2023-02-17,8.0,6.889,TV Shows
The On1y One,"Drama, Comedy",2024-08-22,8.719,6.8755,TV Shows
Zomvivor,"Drama, Sci-Fi & Fantasy, Action & Adventure",2025-10-31,7.3,6.893,TV Shows
Carol & the End of the World,"Animation, Comedy, Drama, Sci-Fi & Fantasy",2023-12-15,7.341,6.2577,TV Shows
Good Morning Call,"Comedy, Drama",2016-02-12,7.0,6.0876,TV Shows
Akuma Kun,"Animation, Sci-Fi & Fantasy, Mystery, Crime",2023-11-09,7.162,5.8625,TV Shows
Prison Playbook,"Drama, Crime",2017-11-22,8.243,6.6869,TV Shows
Tales of the Teenage Mutant Ninja Turtles,"Animation, Action & Adventure, Sci-Fi & Fantasy, Family, Comedy",2024-08-08,7.8,6.0413,TV Shows
Daily Dose of Sunshine,Drama,2023-11-03,8.245,6.7419,TV Shows
Club de Cuervos,"Drama, Comedy",2015-08-07,8.41,6.7128,TV Shows
Dogs in Space,"Comedy, Animation, Action & Adventure, Family, Sci-Fi & Fantasy, Kids",2021-11-18,7.591,6.187,TV Shows
Love on the Spectrum,"Documentary, Reality",2022-05-18,7.89,6.8641,TV Shows
Control Z,Drama,2020-05-22,8.173,7.3409,TV Shows
Mermaid Magic,"Animation, Kids, Action & Adventure, Comedy, Family, Sci-Fi & Fantasy",2024-08-22,6.5,7.5571,TV Shows
Love Life,"Comedy, Drama",2020-05-27,6.943,6.2344,TV Shows
Wrong Side of the Tracks,"Drama, Crime",2022-02-01,7.203,7.4746,TV Shows
The Devil's Plan,Reality,2023-09-26,7.635,6.7806,TV Shows
Agent from Above,"Drama, Action & Adventure, Sci-Fi & Fantasy",2026-04-02,7.394,7.1284,TV Shows
Case Closed: The Culprit Hanzawa,"Animation, Comedy, Mystery, Crime",2022-10-04,7.5,6.7433,TV Shows
Diary of a Gigolo,Drama,2022-09-07,7.781,7.1914,TV Shows
Bet,"Drama, Mystery, Crime",2025-05-15,6.7,7.786,TV Shows
Who Rules The World,"Drama, War & Politics",2022-04-18,7.5,6.5082,TV Shows
Teletubbies,"Kids, Sci-Fi & Fantasy",2022-11-14,6.178,7.5239,TV Shows
Welcome to Samdal-ri,"Drama, Comedy",2023-12-02,8.2,7.2135,TV Shows
High-Rise Invasion,"Animation, Mystery, Action & Adventure",2021-02-25,8.2,7.0727,TV Shows
Fight for My Way,"Comedy, Drama",2017-05-22,7.975,6.247,TV Shows
The Time It Takes,"Comedy, Drama",2021-10-29,6.8,4.6923,TV Shows
Home Town,Reality,2016-01-24,6.4,5.7735,TV Shows
Defying Destiny,Drama,2026-01-05,8.0,6.2075,TV Shows
Lost You Forever,"Drama, Action & Adventure, Sci-Fi & Fantasy",2023-07-24,7.1,7.3215,TV Shows
Our Beloved Summer,"Comedy, Drama",2021-12-06,8.37,6.4221,TV Shows
Aema,"Drama, Comedy",2025-08-22,7.4,6.5866,TV Shows
Missing You,"Drama, Crime, Mystery",2025-01-01,6.204,6.9449,TV Shows
I Am Not a Robot,"Comedy, Drama",2017-12-06,8.3,5.946,TV Shows
Girlboss,Comedy,2017-04-21,6.543,6.6385,TV Shows
History 101,Documentary,2020-05-22,7.133,6.4922,TV Shows
Live to 100: Secrets of the Blue Zones,"Documentary, Mystery",2023-08-30,7.7,6.9426,TV Shows
Celebrity Bear Hunt,Reality,2025-02-05,6.4,7.2215,TV Shows
Aquarius,"Drama, Crime",2015-05-28,6.547,6.4638,TV Shows
Doctor Climax,"Drama, Comedy",2024-06-13,6.6,7.0012,TV Shows
Death by Lightning,"Drama, Crime",2025-11-06,7.268,6.7767,TV Shows
Johnny Test,"Animation, Comedy, Kids, Action & Adventure, Sci-Fi & Fantasy",2021-07-16,6.16,7.2908,TV Shows
Deceitful Love,"Drama, Mystery",2024-10-09,6.491,7.2534,TV Shows
Trese,"Animation, Sci-Fi & Fantasy, Mystery, Crime",2021-06-11,7.271,6.86,TV Shows
The Trunk,"Drama, Mystery",2024-11-29,7.0,6.1288,TV Shows
Rise of Empires: Ottoman,"Documentary, War & Politics, Action & Adventure",2020-01-24,7.5,6.7865,TV Shows
High Seas,"Crime, Drama",2019-05-24,6.887,5.9155,TV Shows
Territory,"Western, Drama, Action & Adventure",2024-10-24,6.92,7.3846,TV Shows
Pro Bono,"Comedy, Drama",2025-12-06,8.282,6.8503,TV Shows
Doona!,Drama,2023-10-20,7.702,6.8053,TV Shows
Princess Power,"Kids, Animation",2023-01-30,7.2,5.9443,TV Shows
Parasyte: The Grey,"Sci-Fi & Fantasy, Action & Adventure, Drama",2024-04-05,7.453,7.0139,TV Shows
Hostage,"Drama, War & Politics",2025-08-21,6.772,8.5348,TV Shows
Had I Not Seen the Sun,"Crime, Drama, Mystery",2025-11-13,8.2,8.2608,TV Shows
Fishbowl Wives,Drama,2022-02-14,6.1,6.9061,TV Shows
Cherry Magic! Thirty Years of Virginity Can Make You a Wizard?!,"Comedy, Drama",2020-10-09,8.2,6.4935,TV Shows
The Decameron,"Comedy, Drama",2024-07-25,5.888,6.2302,TV Shows
The Midnight Gospel,"Animation, Comedy, Sci-Fi & Fantasy, Mystery",2020-04-20,8.28,6.2077,TV Shows
Rebooting,"Drama, Comedy, Sci-Fi & Fantasy",2023-01-08,8.8,6.4334,TV Shows
LAST HOPE,"Drama, Animation, Action & Adventure, Sci-Fi & Fantasy",2018-03-29,5.273,6.118,TV Shows
Mask Girl,"Drama, Comedy, Mystery, Crime",2023-08-18,7.428,6.9301,TV Shows
Beyond Evil,"Drama, Crime, Mystery",2021-02-19,8.521,6.9701,TV Shows
World of Winx,"Animation, Action & Adventure",2016-11-04,7.7,5.5088,TV Shows
Risqué Business: The Netherlands and Germany,Reality,2024-02-20,7.0,6.9121,TV Shows
All the Light We Cannot See,Drama,2023-11-02,7.398,6.6285,TV Shows
Bandi,Drama,2026-04-09,7.615,6.4539,TV Shows
Trolley,"Mystery, Drama",2022-12-19,5.0,5.9307,TV Shows
The Winning Try,"Drama, Comedy",2025-07-25,8.594,6.7983,TV Shows
Physical: Asia,Reality,2025-10-28,7.577,6.5508,TV Shows
Her Mother's Killer,Drama,2020-04-13,7.6,6.995,TV Shows
The Pete Davidson Show,"Talk, Comedy",2026-01-30,7.0,6.0174,TV Shows
Ask the Storybots,"Kids, Animation",2016-08-12,7.0,6.4759,TV Shows
The New Legends of Monkey,"Sci-Fi & Fantasy, Action & Adventure, Comedy, Drama",2018-01-28,7.135,6.332,TV Shows
The Puppet Master: Hunting the Ultimate Conman,"Documentary, Crime",2022-01-18,6.7,6.3025,TV Shows
Failure Frame: I Became the Strongest and Annihilated Everything with Low-Level Spells,"Animation, Sci-Fi & Fantasy, Action & Adventure",2024-07-05,7.4,6.214,TV Shows
Sacred Games,"Drama, Crime, Action & Adventure",2018-07-06,7.8,6.0895,TV Shows
The Staircase,"Documentary, Crime",2004-10-07,7.598,6.3196,TV Shows
Messiah,Drama,2020-01-01,7.259,6.688,TV Shows
Stay Close,"Drama, Crime, Mystery",2021-12-31,6.99,6.3639,TV Shows
Trash Truck,"Animation, Kids",2020-11-10,5.9,6.6227,TV Shows
Lock Upp,Reality,2022-02-27,8.7,6.0681,TV Shows
Terrace House: Boys & Girls in the City,Reality,2015-10-12,7.75,5.8387,TV Shows
La Palma,Drama,2024-12-12,6.824,6.6251,TV Shows
Signal,"Crime, Mystery, Sci-Fi & Fantasy, Drama",2016-01-22,8.197,7.622,TV Shows
A Man in Full,Drama,2024-05-02,6.247,5.7992,TV Shows
Burning Body,"Drama, Mystery",2023-09-08,6.713,6.8235,TV Shows
Heeramandi,"Drama, War & Politics",2024-05-01,6.2,7.1787,TV Shows
The Cage,"Action & Adventure, Drama",2024-11-08,6.65,6.5218,TV Shows
The Politician,Comedy,2019-09-27,6.979,6.2379,TV Shows
La Grande Maison Tokyo,Drama,2019-10-20,8.4,6.1989,TV Shows
Find Yourself,Drama,2020-01-26,7.58,6.412,TV Shows
Edgar Rice Burroughs' Tarzan and Jane,"Action & Adventure, Animation",2017-01-05,7.2,7.4992,TV Shows
The Hook Up Plan,Comedy,2018-12-07,6.606,6.3703,TV Shows
A Tale Dark & Grimm,"Kids, Action & Adventure, Animation, Comedy, Family",2021-10-08,7.026,6.3647,TV Shows
She Was Pretty,"Comedy, Drama",2015-09-16,8.269,6.1006,TV Shows
Radiation House,"Drama, Mystery",2019-04-08,6.875,5.7564,TV Shows
The Mire,"Drama, Crime, Mystery",2018-08-19,6.801,6.2558,TV Shows
The Idaho Murders: College Nightmare,"Documentary, Crime",2026-07-29,6.7,6.6727,TV Shows
WWE Raw Classics,"Action & Adventure, Reality",2025-01-01,5.0,6.9505,TV Shows
Farzar,"Sci-Fi & Fantasy, Comedy, Animation",2022-07-15,5.977,5.9833,TV Shows
Dandelion,"Animation, Sci-Fi & Fantasy, Drama, Comedy",2026-04-16,8.1,5.8812,TV Shows
Kinnikuman Perfect Origin Arc,"Animation, Comedy, Action & Adventure",2024-07-14,5.3,6.4398,TV Shows
An Incurable Case of Love,"Comedy, Drama",2020-01-14,7.5,6.5731,TV Shows
Invisible City,"Mystery, Drama, Sci-Fi & Fantasy",2021-02-05,7.2,6.3667,TV Shows
Sheriff Labrador,"Kids, Animation",2022-10-20,9.0,5.992,TV Shows
The Princess Weiyoung,"Drama, War & Politics",2016-11-11,7.6,5.9005,TV Shows
Raising Voices,Drama,2024-05-31,7.726,6.4805,TV Shows
The Society,"Drama, Sci-Fi & Fantasy",2019-05-10,7.4,6.2532,TV Shows
Michael Jackson: The Verdict,Documentary,2026-06-03,4.658,6.4513,TV Shows
Muted,"Drama, Mystery, Crime",2023-05-19,6.224,6.1962,TV Shows
Oh My Venus,"Comedy, Drama",2015-11-16,8.11,6.2546,TV Shows
Pernille,"Drama, Comedy",2021-05-02,7.784,5.8519,TV Shows
No Good Deed,"Drama, Comedy",2024-12-12,6.419,5.9415,TV Shows
The Longest Promise,"Sci-Fi & Fantasy, Drama",2023-07-02,7.6,5.9909,TV Shows
Break Point,Documentary,2023-01-13,7.3,8.8089,TV Shows
Patriot Act with Hasan Minhaj,"Comedy, Talk",2018-10-28,7.104,5.9769,TV Shows
Sisters' Feud,Drama,2024-11-13,7.552,5.5101,TV Shows
18 Again,"Drama, Comedy, Sci-Fi & Fantasy",2020-09-21,8.345,6.3659,TV Shows
Into the Night,Sci-Fi & Fantasy,2020-05-01,7.126,6.8404,TV Shows
Summertime,"Drama, Comedy",2020-04-29,6.816,6.1371,TV Shows
Is It Cake?,Reality,2022-03-18,6.935,5.6637,TV Shows
My Daemon,"Animation, Sci-Fi & Fantasy, Action & Adventure, Drama",2023-11-23,8.021,6.1594,TV Shows
First Kill,"Drama, Mystery",2022-06-10,7.707,6.4956,TV Shows
Easy,"Comedy, Drama",2016-09-22,5.997,5.6804,TV Shows
Love 101,"Comedy, Drama",2020-04-24,7.7,5.8192,TV Shows
Million Dollar Secret,Reality,2025-03-26,7.719,6.3538,TV Shows
Our Planet,"Documentary, Family",2019-04-05,8.537,6.2282,TV Shows
Green Mothers' Club,"Drama, Mystery",2022-04-06,5.5,7.9563,TV Shows
Wet Hot American Summer: Ten Years Later,Comedy,2017-08-04,6.451,5.964,TV Shows
Good Luck!!,"Drama, Comedy",2003-01-19,7.4,5.7784,TV Shows
The Airport Chaplain,Drama,2026-08-26,5.0,5.4266,TV Shows
Ōoku: The Inner Chambers,"Animation, Drama",2023-06-29,7.269,5.8111,TV Shows
The Hollow,"Animation, Drama, Mystery, Sci-Fi & Fantasy",2018-06-08,6.907,6.3023,TV Shows
Zombieverse,Reality,2023-08-08,5.9,6.2773,TV Shows
You and Everything Else,Drama,2025-09-12,8.258,6.3875,TV Shows
Brews Brothers,Comedy,2020-04-10,5.58,6.6194,TV Shows
Lockwood & Co.,"Sci-Fi & Fantasy, Action & Adventure",2023-01-27,7.504,5.8596,TV Shows
Yu Yu Hakusho,"Drama, Sci-Fi & Fantasy, Action & Adventure",2023-12-14,7.5,6.8356,TV Shows
The Waterfront,"Drama, Crime",2025-06-19,7.128,5.7744,TV Shows
Good Times,"Comedy, Animation",2024-04-12,5.467,6.1517,TV Shows
Mr. Hiiragi's Homeroom,"Crime, Drama, Mystery",2019-01-06,8.0,5.8115,TV Shows
Dudes,Comedy,2025-10-02,6.188,5.5754,TV Shows
Man vs Bee,"Family, Comedy",2022-06-24,7.089,5.7449,TV Shows
Dear Hongrang,"Drama, Mystery",2025-05-16,7.4,6.1589,TV Shows
No Tail to Tell,"Sci-Fi & Fantasy, Comedy, Drama",2026-01-16,7.91,5.9065,TV Shows
Forbidden Woman,"Drama, Soap",2026-07-29,9.667,5.5197,TV Shows
FOREVER,Drama,2025-05-08,6.714,5.2406,TV Shows
See You in My 19th Life,"Drama, Comedy",2023-06-17,8.131,5.7303,TV Shows
Maya and the Three,"Animation, Family, Action & Adventure, Comedy, Kids",2021-10-22,7.873,5.775,TV Shows
Long Story Short,"Comedy, Animation",2025-08-22,7.45,5.6679,TV Shows
Tokyo Override,"Animation, Action & Adventure, Sci-Fi & Fantasy",2024-11-21,7.173,5.735,TV Shows
Llama Llama,"Animation, Kids",2018-01-26,6.7,5.019,TV Shows
I Hear Your Voice,"Comedy, Drama, Mystery, Sci-Fi & Fantasy",2013-06-05,8.092,5.6911,TV Shows
"Ada Twist, Scientist","Kids, Animation, Comedy, Family",2021-09-28,6.2,5.7443,TV Shows
Néro the Assassin,"Drama, Action & Adventure",2025-10-08,6.6,5.9996,TV Shows
Criminal Code,"Drama, Crime, Action & Adventure",2023-11-14,7.6,5.9394,TV Shows
Secret Garden,"Comedy, Drama, Sci-Fi & Fantasy",2010-11-13,7.493,5.8388,TV Shows
Feel Good,"Drama, Comedy",2020-03-18,7.114,5.8167,TV Shows
Our Unwritten Seoul,Drama,2025-05-24,8.438,5.9812,TV Shows
Death Inc.,Comedy,2024-04-04,7.245,5.7202,TV Shows
Super Monsters,"Animation, Kids, Comedy",2017-10-13,7.889,5.5321,TV Shows
Ski into Love,Drama,2025-03-11,7.0,6.1441,TV Shows
Wok of Love,"Drama, Comedy",2018-05-07,6.8,5.4688,TV Shows
Seven Seconds,"Crime, Drama",2018-02-23,7.304,5.8209,TV Shows
Biohackers,"Drama, Sci-Fi & Fantasy, Action & Adventure, Mystery",2020-08-20,7.241,6.4017,TV Shows
"Devotion, a Story of Love and Desire",Drama,2022-02-14,6.356,6.5148,TV Shows
Brazil '70: The Third Star,Drama,2026-05-29,8.417,6.1345,TV Shows
Wonderoos,"Animation, Kids",2024-07-15,8.8,5.5497,TV Shows
Rubble & Crew,"Animation, Kids, Family",2023-02-03,0.0,5.3552,TV Shows
Hot Skull,"Drama, Mystery, Sci-Fi & Fantasy",2022-12-02,5.938,5.8368,TV Shows
Missing: The Other Side,"Mystery, Sci-Fi & Fantasy",2020-08-29,7.635,5.9706,TV Shows
Ghost Wars,"Mystery, Sci-Fi & Fantasy, Drama",2017-10-05,5.975,6.4337,TV Shows
Somebody Feed Phil,"Documentary, Reality",2018-01-12,7.167,6.625,TV Shows
Bad Exorcist,"Animation, Comedy, Sci-Fi & Fantasy, Action & Adventure",2020-12-03,5.9,5.2675,TV Shows
Kid Cosmic,"Animation, Action & Adventure, Sci-Fi & Fantasy",2021-02-02,7.847,5.7022,TV Shows
Man vs Baby,"Comedy, Family",2025-12-11,6.805,5.7983,TV Shows
Coffee Prince,"Comedy, Drama",2007-07-02,8.157,6.4598,TV Shows
Between Father and Son,Drama,2026-05-13,6.935,5.9775,TV Shows
The Barrier,"Drama, Sci-Fi & Fantasy, War & Politics, Mystery",2020-01-19,6.989,5.8682,TV Shows
Hero Without a Class: Who Even Needs Skills?!,"Animation, Action & Adventure, Comedy, Sci-Fi & Fantasy",2025-10-01,5.9,6.2695,TV Shows
Blood Legacy,Drama,2024-09-20,7.2,6.063,TV Shows
When the Stars Gossip,"Comedy, Sci-Fi & Fantasy, Drama",2025-01-04,7.418,5.6435,TV Shows
Agent Elvis,"Animation, Comedy, Action & Adventure",2023-03-17,6.894,5.5636,TV Shows
You Are My Spring,Drama,2021-07-05,6.4,5.8935,TV Shows
Glitch Techs,"Animation, Sci-Fi & Fantasy, Kids",2020-02-21,8.18,6.1732,TV Shows
The Woman in the House Across the Street from the Girl in the Window,"Mystery, Crime, Comedy",2022-01-28,6.535,5.2202,TV Shows
Mechamato,"Kids, Animation, Action & Adventure, Comedy, Family, Sci-Fi & Fantasy",2021-12-04,9.3,6.0662,TV Shows
Youth of May,Drama,2021-05-03,8.102,5.8613,TV Shows
Wu Assassins,"Sci-Fi & Fantasy, Drama, Action & Adventure, Crime",2019-08-08,6.7,5.9526,TV Shows
IRL: In Real Love,Reality,2023-04-06,5.714,5.9263,TV Shows
The Imperfects,"Action & Adventure, Drama, Sci-Fi & Fantasy",2022-09-08,6.942,5.634,TV Shows
Dinner Time Live with David Chang,Reality,2024-01-25,6.8,5.1427,TV Shows
The Gringo Hunters,"Crime, Drama",2025-07-09,7.6,5.1363,TV Shows
The Crystal Cuckoo,"Drama, Crime, Mystery",2025-11-14,6.607,5.464,TV Shows
Miss Night and Day,"Sci-Fi & Fantasy, Comedy, Mystery",2024-06-15,8.548,5.5688,TV Shows
Sirens,"Drama, Comedy",2025-05-22,6.624,5.7918,TV Shows
LEGO Friends: Girls on a Mission,"Animation, Kids, Family",2018-03-16,6.5,4.9812,TV Shows
Taskaree: The Smuggler's Web,"Crime, Mystery, Drama",2026-01-14,6.8,5.6047,TV Shows
The Sound of Magic,"Drama, Sci-Fi & Fantasy",2022-05-06,7.685,5.5615,TV Shows
The Marked Heart,"Soap, Mystery",2022-04-20,7.69,5.4659,TV Shows
Too Hot to Handle: Brazil,Reality,2021-07-21,7.311,5.906,TV Shows
Ganglands,"Crime, Action & Adventure",2021-09-24,7.104,6.6534,TV Shows
Soul Mate,Drama,2026-05-14,8.4,5.7339,TV Shows
Celebrity,"Drama, Mystery",2023-06-30,7.801,5.4318,TV Shows
Little Bheem,"Animation, Action & Adventure, Comedy, Kids, Family, Sci-Fi & Fantasy",2008-12-31,6.4,5.9252,TV Shows
The Witness,"Drama, Crime",2026-06-04,6.413,6.0174,TV Shows
Unstable,"Comedy, Drama",2023-03-30,6.904,5.4264,TV Shows
Better Late Than Single,Reality,2025-07-08,8.219,5.2495,TV Shows
Unnatural,"Drama, Crime, Mystery",2018-01-12,8.4,5.4738,TV Shows
RIDE ON TIME,Documentary,2018-10-06,6.0,5.2073,TV Shows
Are You Human?,"Sci-Fi & Fantasy, Drama, Mystery",2018-06-04,8.124,5.8351,TV Shows
Monarca,Drama,2019-09-13,7.375,5.6821,TV Shows
Candy Online,"Drama, Family",2019-11-16,6.7,5.7487,TV Shows
Black Earth Rising,"Drama, Crime, Mystery",2018-09-10,6.462,5.977,TV Shows
Friends from College,Comedy,2017-07-14,6.259,5.6455,TV Shows
Barbie: Dreamhouse Adventures,"Animation, Family, Kids, Comedy",2018-05-03,7.788,5.3224,TV Shows
Light to the Night,"Crime, Mystery",2026-04-26,7.7,5.8792,TV Shows
A Gatherer's Adventure in Isekai,"Animation, Action & Adventure, Sci-Fi & Fantasy",2025-10-07,6.9,5.6406,TV Shows
The Survivors,"Drama, Mystery",2025-06-06,6.648,5.391,TV Shows
Crime Scene Zero,"Reality, Crime",2025-09-23,9.3,5.3833,TV Shows
A Love So Beautiful,"Drama, Comedy",2020-12-28,8.32,5.5192,TV Shows
Glory,"Drama, Mystery, Action & Adventure",2026-05-01,6.8,5.7168,TV Shows
Flower Crew: Joseon Marriage Agency,"Comedy, Drama",2019-09-16,6.1,5.314,TV Shows
True Haunting,"Documentary, Mystery",2025-10-07,6.431,6.2996,TV Shows
Desperate Lies,Drama,2024-07-05,7.712,6.487,TV Shows
"Hello, My Twenties!","Comedy, Drama",2016-07-22,7.232,5.7883,TV Shows
Reboot,"Mystery, Crime, Drama",2026-01-18,7.5,5.3791,TV Shows
Ancient Apocalypse,Documentary,2022-11-11,6.626,5.9581,TV Shows
Midnight at the Pera Palace,"Drama, Mystery, Crime",2022-03-03,7.6,5.5525,TV Shows
Melo Movie,"Comedy, Drama",2025-02-14,7.484,5.7565,TV Shows
The InBESTigators,"Comedy, Crime, Kids",2019-06-21,8.0,6.0905,TV Shows
The Freak Brothers,"Animation, Comedy",2021-11-14,5.524,5.6797,TV Shows
Everything Sucks!,"Drama, Comedy",2018-02-16,7.123,5.4322,TV Shows
Soar High!,Drama,2022-10-03,6.0,5.44,TV Shows
Narco-Saints,Crime,2022-09-09,7.691,5.8857,TV Shows
Mine,"Mystery, Drama",2021-05-08,7.553,5.6756,TV Shows
Crash Course in Romance,"Drama, Comedy",2023-01-14,8.182,6.2636,TV Shows
Masha's Spooky Stories,"Kids, Animation",2014-12-26,5.3,5.5592,TV Shows
Erased,"Drama, Mystery, Crime",2017-12-15,7.385,5.6531,TV Shows
Where Stars Land,Drama,2018-10-01,7.4,5.4,TV Shows
Bad Influencer,"Drama, Crime",2025-10-31,5.8,5.5221,TV Shows
Pinocchio,"Drama, Comedy, Mystery",2014-11-12,8.2,5.7641,TV Shows
Surviving Summer,Drama,2022-06-03,7.22,6.5143,TV Shows
Cocomelon,"Animation, Kids",2020-05-31,6.3,4.6711,TV Shows
Archive 81,"Drama, Mystery, Sci-Fi & Fantasy",2022-01-14,7.221,6.3521,TV Shows
Golden Kamuy -The Hunt of Prisoners in Hokkaido-,"Action & Adventure, Comedy, Mystery",2024-10-06,7.842,5.1682,TV Shows
Kuromukuro,"Animation, Comedy, Drama, Mystery",2016-04-07,6.33,5.3181,TV Shows
Survival of the Thickest,"Comedy, Drama",2023-07-13,6.8,5.151,TV Shows
The Girl from Oslo,Drama,2021-04-11,0.0,5.6309,TV Shows
Sanctuary,Drama,2023-05-04,7.782,5.7926,TV Shows
The Last Kids on Earth,"Animation, Comedy, Sci-Fi & Fantasy",2019-09-17,8.176,5.6795,TV Shows
Queen Mantis,"Crime, Mystery, Drama",2025-09-05,7.138,5.7589,TV Shows
Long Vacation,Drama,1996-04-15,8.6,6.091,TV Shows
Once Upon a Small Town,"Drama, Comedy",2022-09-05,7.5,5.4526,TV Shows
Senna,Drama,2024-11-29,8.105,5.4779,TV Shows
Agents of Mystery,Reality,2024-06-18,7.638,5.6,TV Shows
Doctors,"Drama, Comedy",2016-06-20,8.125,6.4458,TV Shows
The Tick,Comedy,2001-11-08,7.338,5.7839,TV Shows
I Am Georgina,Reality,2022-01-27,7.054,5.5979,TV Shows
The Bastard Son & the Devil Himself,"Sci-Fi & Fantasy, Action & Adventure, Mystery",2022-10-28,7.311,5.1316,TV Shows
The Signal,"Sci-Fi & Fantasy, Drama, Mystery",2024-03-07,6.384,5.397,TV Shows
Dear Child,"Crime, Drama, Mystery",2023-09-07,7.312,5.2742,TV Shows
Woman of the Dead,"Drama, Crime",2022-11-07,7.016,5.7795,TV Shows
Team Kaylie,"Comedy, Family",2019-09-23,6.1,5.1578,TV Shows
The Ba***ds of Bollywood,"Comedy, Action & Adventure",2025-09-18,6.82,5.0928,TV Shows
Capitani,Crime,2019-10-01,6.735,5.706,TV Shows
My Sunshine,Drama,2015-01-10,6.4,5.4326,TV Shows
Onimusha,"Animation, Action & Adventure, Sci-Fi & Fantasy",2023-11-02,7.5,5.7481,TV Shows
The Queen and the Conqueror,Drama,2020-05-20,8.2,4.4678,TV Shows
Hot Wheels Let's Race,"Animation, Kids, Action & Adventure",2024-03-04,8.4,5.6865,TV Shows
Criminal: Germany,"Crime, Drama",2019-09-20,6.925,5.5917,TV Shows
Dew Drop Diaries,"Kids, Animation, Sci-Fi & Fantasy",2023-07-24,7.5,4.4369,TV Shows
Class Act,Drama,2023-09-13,7.192,5.2969,TV Shows
Blue Period,"Animation, Drama",2021-10-02,7.167,5.6387,TV Shows
Love to Hate You,"Drama, Comedy",2023-02-10,8.2,5.2175,TV Shows
The Unwanted Undead Adventurer,"Animation, Mystery, Action & Adventure, Sci-Fi & Fantasy",2024-01-08,7.663,5.3952,TV Shows
Between Lands,Drama,2023-09-10,7.2,6.2452,TV Shows
Pararescue Jumper,Drama,2025-04-24,6.7,5.2406,TV Shows
The Full-Time Wife Escapist,"Comedy, Drama",2016-10-11,7.9,5.6823,TV Shows
Beat Bugs,"Animation, Family",2016-07-25,5.1,5.1351,TV Shows
Home for Christmas,"Drama, Comedy",2019-12-05,7.387,5.5915,TV Shows
Reunited Worlds,Drama,2017-07-19,7.6,5.3251,TV Shows
The 8 Show,"Mystery, Comedy, Drama",2024-05-17,7.249,5.4335,TV Shows
Kübra,Drama,2024-01-18,6.9,5.1328,TV Shows
Requiem,"Mystery, Drama",2018-02-02,6.226,5.2055,TV Shows
Mobius,"Drama, Mystery, Crime, Action & Adventure",2025-09-17,7.4,5.5584,TV Shows
La Révolution,Drama,2020-10-16,6.7,5.3914,TV Shows
THE DAYS,"Drama, Crime",2023-06-01,7.727,5.2937,TV Shows
A Virtuous Business,"Drama, Comedy",2024-10-12,8.067,5.9038,TV Shows
Bonding,"Drama, Comedy",2019-04-24,6.881,5.3223,TV Shows
Di4ries,"Kids, Family, Drama",2022-05-18,7.4,6.0307,TV Shows
Dash & Lily,"Comedy, Drama",2020-11-10,7.803,5.548,TV Shows
The Billion Dollar Code,Drama,2021-10-07,7.882,5.8231,TV Shows
The Sound of Your Heart,Animation,2016-07-19,2.0,5.1117,TV Shows
Hi Score Girl,"Comedy, Animation",2018-07-14,8.142,5.1629,TV Shows
Brotherhood,"Drama, Action & Adventure",2019-10-25,8.0,5.588,TV Shows
I'm Not Afraid,Drama,2026-07-08,9.0,5.3128,TV Shows
"With Love, Meghan",Reality,2025-03-04,3.478,5.3271,TV Shows
Extremely Inappropriate!,"Drama, Sci-Fi & Fantasy, Comedy",2024-01-26,7.85,5.713,TV Shows
Bebefinn,"Animation, Kids",2022-11-01,0.0,4.5057,TV Shows
When the Weather Is Fine,Drama,2020-02-24,7.3,5.1595,TV Shows
EastSiders,"Drama, Comedy",2012-12-14,6.319,5.2809,TV Shows
Thus Spoke Kishibe Rohan,"Mystery, Animation",2017-09-20,8.1,4.9616,TV Shows
Record of Youth,Drama,2020-09-07,8.035,5.2662,TV Shows
Blazing Transfer Students,"Action & Adventure, Comedy, Drama",2017-11-10,7.3,5.3932,TV Shows
Women at War,"Drama, War & Politics",2022-09-19,6.984,5.5375,TV Shows
Tiger King,"Documentary, Crime",2020-03-20,6.893,5.4138,TV Shows
Away,"Sci-Fi & Fantasy, Drama",2020-09-04,6.544,4.9294,TV Shows
The World of the Married,Drama,2020-03-27,7.527,5.1951,TV Shows
Who Are You: School 2015,"Drama, Mystery",2015-04-27,7.6,4.9165,TV Shows
Goodbye Earth,Drama,2024-04-26,5.952,5.477,TV Shows
Captivating the King,"Drama, War & Politics, Mystery",2024-01-21,7.6,5.1833,TV Shows
Misaeng: Incomplete Life,"Comedy, Drama",2014-10-17,8.623,5.4927,TV Shows
Too Much,"Comedy, Drama",2025-07-10,5.7,5.0897,TV Shows
The Pride of the Temp,"Drama, Comedy",2007-01-10,7.3,5.8295,TV Shows
"Dr. Seuss's Red Fish, Blue Fish","Animation, Kids",2025-09-08,6.0,4.8327,TV Shows
Lady Voyeur,"Drama, Mystery",2023-01-01,6.67,5.2086,TV Shows
Offline Love,Reality,2025-02-18,8.6,4.4804,TV Shows
Ronaldinho: The One and Only,Documentary,2026-04-16,7.49,5.8117,TV Shows
Don't Dare to Dream,"Comedy, Drama",2016-08-24,8.1,5.4265,TV Shows
Under the Queen's Umbrella,Drama,2022-10-15,8.277,5.409,TV Shows
Pray Speak What Has Happened,Drama,2025-10-01,8.3,4.7256,TV Shows
Castaway Diva,"Comedy, Drama",2023-10-28,7.969,6.1646,TV Shows
SWORD GAI: The Animation,"Animation, Sci-Fi & Fantasy, Action & Adventure",2018-03-23,6.713,4.684,TV Shows
Until You Burn,"Drama, Mystery",2024-10-28,7.8,4.6436,TV Shows
Behind Your Touch,"Drama, Comedy, Sci-Fi & Fantasy, Mystery",2023-08-12,8.13,5.2534,TV Shows
The Beauty Inside,"Drama, Comedy, Sci-Fi & Fantasy",2018-10-01,7.9,5.5481,TV Shows
V Wars,"Sci-Fi & Fantasy, Drama",2019-12-05,7.254,4.9204,TV Shows
The Irregulars,"Drama, Mystery, Sci-Fi & Fantasy",2021-03-26,7.104,5.5331,TV Shows
Who Saw the Peacock Dance in the Jungle?,"Drama, Mystery",2025-01-24,7.4,5.2461,TV Shows
Cheer,Documentary,2020-01-08,7.33,5.5078,TV Shows
Amsterdam Empire,"Drama, Crime",2025-10-30,6.298,4.7076,TV Shows
The Sound of Your Heart,"Comedy, Drama",2016-11-07,7.864,5.2424,TV Shows
One Spring Night,Drama,2019-05-22,8.006,5.5734,TV Shows
Collateral,"Drama, Crime, Mystery",2018-02-12,6.433,4.9368,TV Shows
Anthracite,"Mystery, Crime, Drama",2024-04-10,6.178,4.8682,TV Shows
StarBeam,"Animation, Kids",2020-04-03,6.741,5.5365,TV Shows
The Boyfriend,Reality,2024-07-09,8.672,5.4356,TV Shows
Julie and the Phantoms,"Family, Comedy, Sci-Fi & Fantasy",2020-09-10,8.4,4.7766,TV Shows
Divorce Lawyer,Drama,2004-04-15,6.0,5.3403,TV Shows
Maamla Legal Hai,"Comedy, Drama",2024-03-01,7.672,5.5547,TV Shows
My Sesame Street Friends,Kids,2020-11-12,5.5,4.6094,TV Shows
Start-Up,"Drama, Comedy",2020-10-17,8.2,5.5012,TV Shows
The Glass Dome,"Drama, Crime, Mystery",2025-04-15,6.917,5.773,TV Shows
"Ashley Madison: Sex, Lies & Scandal","Crime, Documentary",2024-05-15,6.747,5.1028,TV Shows
Bill Nye Saves the World,"Reality, Talk, Documentary",2017-04-21,3.897,4.9985,TV Shows
Grand Army,Drama,2020-10-16,7.4,5.3573,TV Shows
Living with Yourself,"Comedy, Drama",2019-10-18,6.773,5.2775,TV Shows
Dee & Friends in Oz,"Kids, Animation, Sci-Fi & Fantasy",2024-02-05,3.0,4.3948,TV Shows
Military Prosecutor Doberman,Drama,2022-02-28,7.4,5.036,TV Shows
The Midnight Club,"Mystery, Drama",2022-10-07,6.745,5.492,TV Shows
Fated to Love You,"Comedy, Drama",2014-07-02,8.3,5.3012,TV Shows
Somewhere Between,"Crime, Drama",2017-07-24,6.443,4.6662,TV Shows
Beautiful Gong Shim,"Comedy, Drama",2016-05-14,6.9,5.5964,TV Shows
My Family,"Drama, Comedy",2025-02-19,7.359,4.7917,TV Shows
Single Papa,"Comedy, Drama",2025-12-12,7.6,5.7407,TV Shows
The Last Empress,"Drama, Action & Adventure, Mystery",2018-11-21,6.259,4.9024,TV Shows
Kong: King of the Apes,"Animation, Kids",2016-04-15,6.8,5.0581,TV Shows
Mech Cadets,"Action & Adventure, Animation, Family, Sci-Fi & Fantasy",2023-08-10,7.1,4.839,TV Shows
100 Days My Prince,"Comedy, Drama, Mystery",2018-09-10,7.9,4.973,TV Shows
Captain Fall,"Comedy, Animation",2023-07-28,6.569,5.4657,TV Shows
Case Closed: Zero's Tea Time,"Animation, Mystery, Comedy, Crime",2022-04-05,6.7,5.7229,TV Shows
Seis Manos,"Action & Adventure, Animation, Sci-Fi & Fantasy",2019-10-03,6.612,5.7565,TV Shows
Matori & Kyoken Men in the Back Alleys,"Crime, Drama, Action & Adventure",2026-01-21,7.0,5.3561,TV Shows
Tastefully Yours,"Comedy, Drama",2025-05-12,8.3,5.3443,TV Shows
Daybreak,"Sci-Fi & Fantasy, Action & Adventure",2019-10-24,6.967,5.2855,TV Shows
Dolly Parton's Heartstrings,Drama,2019-11-22,7.067,4.6216,TV Shows
Heavenly Ever After,"Sci-Fi & Fantasy, Drama",2025-04-19,8.5,4.9858,TV Shows
Life on Our Planet,Documentary,2023-10-25,8.0,5.4965,TV Shows
Pine Gap,"Drama, Mystery",2018-10-14,6.682,5.493,TV Shows
StoryBots: Answer Time,"Kids, Animation",2022-11-21,7.0,4.9816,TV Shows
Romantics Anonymous,"Comedy, Drama",2025-10-16,8.197,5.1336,TV Shows
Put Your Head on My Shoulder,"Drama, Comedy",2019-04-10,7.941,5.2507,TV Shows
Transformers: War for Cybertron: Siege,"Animation, Action & Adventure, Sci-Fi & Fantasy",2020-07-30,7.503,4.6729,TV Shows
My 2 Cents,"Animation, Comedy, Drama, Crime",2026-05-27,8.423,5.3791,TV Shows
Letters from the Past,Drama,2025-07-23,5.2,5.1314,TV Shows
My Girlfriend Is a Gumiho,"Comedy, Drama",2010-08-11,7.264,5.1506,TV Shows
Through the Darkness,"Crime, Drama, Mystery",2022-01-14,7.809,4.6415,TV Shows
A Storm for Christmas,"Drama, Comedy",2022-12-16,6.707,5.7906,TV Shows
ISHIKO and HANEO: You're Suing Me?,"Drama, Comedy",2022-07-15,7.5,4.8132,TV Shows
The King's Avatar,"Action & Adventure, Drama",2019-07-24,7.9,5.7077,TV Shows
Legend Quest,"Animation, Kids, Comedy",2017-02-24,7.947,5.0962,TV Shows
Country Comfort,"Comedy, Drama, Family",2021-03-19,7.312,5.8737,TV Shows
LEGO City Adventures,"Animation, Action & Adventure, Family, Comedy, Kids",2019-06-22,7.2,4.5473,TV Shows
Nothing to See Here,Comedy,2023-11-17,7.9,4.8565,TV Shows
The Greatest Teacher,"Mystery, Drama, Crime",2023-07-15,7.3,5.3396,TV Shows
My Little Pony: Tell Your Tale,"Animation, Kids, Family, Sci-Fi & Fantasy, Comedy",2022-04-07,7.0,5.0008,TV Shows
Angry Birds: Summer Madness,"Animation, Action & Adventure, Sci-Fi & Fantasy, Comedy, Kids",2022-01-28,7.221,5.0685,TV Shows
Dare You to Death,"Mystery, Crime, Drama",2025-12-18,7.767,5.9721,TV Shows
Detective Forst,"Crime, Drama, Mystery",2024-01-11,6.155,5.5737,TV Shows
Mr. McMahon,Documentary,2024-09-25,7.741,4.7293,TV Shows
My Little Pony: Make Your Mark,"Animation, Comedy, Kids, Family, Sci-Fi & Fantasy",2022-05-26,8.0,5.0322,TV Shows
Luna Park,Drama,2021-09-30,6.5,4.7122,TV Shows
The Hijacking of Flight 601,Drama,2024-04-10,7.979,4.8936,TV Shows
Rebelde,"Drama, Comedy",2022-01-05,7.4,5.495,TV Shows
RIV4LRIES,Family,2025-10-01,7.385,4.8677,TV Shows
Painkiller,"Drama, Crime",2023-08-10,7.211,5.2602,TV Shows
Re:Monster,"Animation, Action & Adventure, Sci-Fi & Fantasy",2024-04-05,8.04,5.1969,TV Shows
Two Summers,"Mystery, Drama",2022-02-06,6.545,4.9272,TV Shows
Stories of a Generation - with Pope Francis,Documentary,2021-12-25,7.071,4.3859,TV Shows
Kakegurui,"Drama, Mystery",2018-01-16,7.8,5.4631,TV Shows
"Hyde, Jekyll, Me","Comedy, Drama",2015-01-21,7.1,4.8311,TV Shows
Agency,Drama,2023-01-07,6.706,4.9395,TV Shows
Behind Every Star,"Drama, Comedy",2022-11-07,7.3,4.5509,TV Shows
A Love So Beautiful,"Comedy, Drama",2017-11-09,7.868,5.8067,TV Shows
Sky Rojo,"Action & Adventure, Crime, Drama",2021-03-19,7.487,5.8447,TV Shows
The Legend of Anle,Drama,2023-07-12,7.8,4.7154,TV Shows
Bling Empire,Reality,2021-01-15,6.893,4.8881,TV Shows
Treason,"Drama, Action & Adventure",2022-12-26,6.857,6.0113,TV Shows
Physical: 100,Reality,2023-01-24,7.613,5.6181,TV Shows
The Ultimatum: Marry or Move On,Reality,2022-04-06,6.0,4.9949,TV Shows
Chicken Nugget,"Comedy, Mystery, Sci-Fi & Fantasy",2024-03-15,6.4,5.0037,TV Shows
Tokyo Dogs,"Drama, Comedy",2009-10-19,7.4,5.2119,TV Shows
My Instant Death Ability Is Overpowered,"Action & Adventure, Animation, Comedy, Sci-Fi & Fantasy",2024-01-05,6.3,5.637,TV Shows
Love Generation,Drama,1997-10-13,8.5,4.9408,TV Shows
Spinning Out,Drama,2020-01-01,7.862,5.5387,TV Shows
Unorthodox,Drama,2020-03-26,7.715,4.5549,TV Shows
Motorvalley,"Drama, Action & Adventure",2026-02-10,7.216,5.2611,TV Shows
Starting 5,"Documentary, Reality",2024-10-09,7.274,4.586,TV Shows
Boss & Me,"Comedy, Drama",2014-07-08,7.0,4.8469,TV Shows
Glow Up: Britain's Next Make-Up Star,Reality,2019-03-05,6.798,4.6573,TV Shows
American Manhunt: Osama bin Laden,Documentary,2025-05-14,7.638,9.5277,TV Shows
Clickbait,"Drama, Mystery, Crime",2021-08-25,7.115,5.4,TV Shows
Royal Blood,"Action & Adventure, Drama, Family",2023-06-19,0.0,4.8097,TV Shows
The Surrogacy,Drama,2023-06-14,8.2,5.4928,TV Shows
Uncontrollably Fond,Drama,2016-07-06,7.525,5.2583,TV Shows
Sounds of Winter,Drama,2026-01-14,8.0,4.6748,TV Shows
Doctor Stranger,"Drama, Crime",2014-05-05,8.0,4.9794,TV Shows
The Woods,"Drama, Mystery",2020-06-12,6.857,5.2386,TV Shows
The Mothers of Penguins,"Drama, Comedy",2024-11-13,7.0,4.7631,TV Shows
Shahmaran,"Drama, Sci-Fi & Fantasy, Mystery, Action & Adventure",2023-01-20,6.72,4.5706,TV Shows
Thunder 3,"Animation, Sci-Fi & Fantasy",2026-07-09,8.7,4.8659,TV Shows
Harry & Meghan,Documentary,2022-12-08,5.8,4.9421,TV Shows
Colin in Black and White,Drama,2021-10-29,6.662,4.5307,TV Shows
Jamtara – Sabka Number Ayega,"Drama, Crime",2020-01-10,7.0,4.9307,TV Shows
Lookism,"Comedy, Drama, Animation",2022-12-08,8.298,5.2598,TV Shows
My Melody & Kuromi,"Animation, Sci-Fi & Fantasy, Kids",2025-07-24,8.488,4.7881,TV Shows
Post Mortem: No One Dies in Skarnes,"Drama, Comedy, Mystery",2021-08-25,7.1,5.4503,TV Shows
"Sacchan, Boku wa.",Drama,2024-06-11,7.444,5.3132,TV Shows
Our Blooming Youth,"Drama, Mystery",2023-02-06,6.5,4.8105,TV Shows
Kino's Journey,"Animation, Sci-Fi & Fantasy, Drama, Action & Adventure",2003-04-08,7.887,4.8489,TV Shows
Beyond Stranger Things,"Talk, Documentary",2017-10-27,7.488,4.2029,TV Shows
Cherry Magic! Thirty Years of Virginity Can Make You a Wizard?!,"Animation, Comedy",2024-01-11,7.6,4.4668,TV Shows
My Next Guest Needs No Introduction with David Letterman,"Talk, Comedy",2018-01-12,7.046,4.3919,TV Shows
Open Your Eyes,"Sci-Fi & Fantasy, Mystery, Drama",2021-08-25,6.9,5.7171,TV Shows
The Believers,"Drama, Crime",2024-03-27,7.5,5.3954,TV Shows
GOOD NIGHT WORLD,"Animation, Sci-Fi & Fantasy",2023-10-12,6.791,4.4827,TV Shows
Why I Dress Up for Love,Drama,2021-04-20,6.5,8.0681,TV Shows
Mismatched,"Comedy, Drama",2020-11-20,6.233,5.3401,TV Shows
Tales of the City,"Drama, Mystery",2019-06-07,6.803,4.6389,TV Shows
Bloodride,"Sci-Fi & Fantasy, Mystery, Action & Adventure",2020-03-13,6.808,5.4208,TV Shows
The Joel McHale Show with Joel McHale,"Comedy, Talk",2018-02-18,6.08,4.1656,TV Shows
Doctor John,Drama,2019-07-19,7.64,5.111,TV Shows
My Country: The New Age,"Drama, Action & Adventure",2019-10-04,6.898,5.1176,TV Shows
AJ and the Queen,"Comedy, Drama",2020-01-10,7.485,4.6024,TV Shows
I AM A KILLER,"Documentary, Crime",2018-05-29,6.861,4.7188,TV Shows
The New Force,Drama,2025-10-03,6.1,4.8948,TV Shows
Back to 15,"Comedy, Drama",2022-02-25,6.9,4.3583,TV Shows
Sakuna: Of Rice and Ruin,"Animation, Action & Adventure, Sci-Fi & Fantasy",2024-07-06,7.412,4.4867,TV Shows
PIECES OF HER,"Crime, Mystery, Drama",2022-03-04,6.491,4.6232,TV Shows
Doctor Cha,"Drama, Comedy",2023-04-15,8.183,4.6728,TV Shows
After School Doctor,Drama,2024-10-12,6.75,4.7799,TV Shows
Borgen - Power & Glory,"Drama, War & Politics",2022-02-13,8.0,5.5884,TV Shows
Bank Under Siege,"Crime, Drama, Action & Adventure",2024-11-08,6.709,4.5484,TV Shows
Mad for Each Other,"Drama, Comedy",2021-05-24,8.145,4.7288,TV Shows
Shine,"Drama, War & Politics",2025-08-02,8.7,5.337,TV Shows
Vampire in the Garden,"Animation, Drama, Sci-Fi & Fantasy, Action & Adventure",2022-05-16,7.086,4.6343,TV Shows
From Scratch,Drama,2022-10-21,7.557,5.5842,TV Shows
Baby Bandito,"Crime, Drama",2024-01-31,7.8,4.8759,TV Shows
Let’s Marry Harry,Reality,2026-08-05,10.0,4.8292,TV Shows
Fermat's Cuisine,Drama,2023-10-20,7.6,5.2471,TV Shows
October Faction,"Sci-Fi & Fantasy, Drama",2020-01-23,6.628,4.644,TV Shows
Kylie,Documentary,2026-05-20,8.696,4.8146,TV Shows
Chip and Potato,"Kids, Animation",2018-10-15,8.7,4.9012,TV Shows
Robozuna,"Animation, Sci-Fi & Fantasy, Kids",2018-10-25,7.5,4.4738,TV Shows
Medical Police,Comedy,2020-01-10,6.367,4.8094,TV Shows
Selena: The Series,Drama,2020-12-04,7.485,4.689,TV Shows
KAKEGURUI TWIN,"Animation, Mystery",2022-08-04,7.4,4.5466,TV Shows
The Atypical Family,"Drama, Sci-Fi & Fantasy",2024-05-04,8.229,4.8284,TV Shows
Equinox,"Sci-Fi & Fantasy, Drama",2020-12-30,7.107,4.7517,TV Shows
Sasaki and Peeps,"Animation, Comedy, Sci-Fi & Fantasy",2024-01-05,6.959,4.5753,TV Shows
Your Turn to Kill,"Mystery, Drama",2019-04-14,7.474,5.2076,TV Shows
The Dream Life of Mr. Kim,"Comedy, Drama",2025-10-25,8.3,4.7776,TV Shows
I Woke Up a Vampire,"Comedy, Family, Sci-Fi & Fantasy, Drama",2023-05-05,7.2,4.6849,TV Shows
The Girl Who Sees Smells,"Comedy, Sci-Fi & Fantasy, Drama, Crime",2015-04-01,7.244,4.2067,TV Shows
Uzumaki,"Mystery, Drama, Animation",2024-09-29,7.003,5.2797,TV Shows
Gypsy,Drama,2017-06-30,6.63,4.6901,TV Shows
If My Wife Becomes an Elementary School Student,"Family, Comedy, Drama",2022-01-21,8.6,5.753,TV Shows
Be Melodramatic,"Comedy, Drama",2019-08-09,7.9,4.5724,TV Shows
Karate Sheep,"Animation, Kids, Comedy",2022-05-09,6.0,3.7667,TV Shows
Halston,Drama,2021-05-14,7.029,4.4593,TV Shows
Brown and Friends,"Kids, Comedy, Animation",2022-12-29,7.4,4.3876,TV Shows
Poong The Joseon Psychiatrist,"Drama, Mystery",2022-08-01,5.56,5.526,TV Shows
Blood Ties,"Drama, Soap",2022-04-18,7.9,4.2653,TV Shows
The Orbital Children,"Animation, Action & Adventure, Sci-Fi & Fantasy",2022-01-28,7.262,5.0575,TV Shows
Go Back Couple,"Comedy, Sci-Fi & Fantasy",2017-10-13,7.716,4.5548,TV Shows
The Railway Men - The Untold Story of Bhopal 1984,Drama,2023-11-18,8.1,4.5609,TV Shows
Alexander: The Making of a God,"Documentary, Drama",2024-01-31,6.3,4.2568,TV Shows
Love After Divorce,Reality,2021-07-11,9.1,4.7652,TV Shows
Midsummer Night,Drama,2024-04-11,6.14,4.8393,TV Shows
Quicksand,"Crime, Drama",2019-04-05,7.1,5.2269,TV Shows
Abyss,"Comedy, Sci-Fi & Fantasy, Mystery, Drama",2019-05-06,8.1,4.7875,TV Shows
Fated to Love You,"Drama, Comedy, Family",2008-03-16,6.6,5.2859,TV Shows
Ingobernable,"War & Politics, Drama, Crime",2017-03-24,6.8,4.8418,TV Shows
The Disastrous Life of Saiki K.: Reawakened,"Animation, Comedy",2019-12-30,7.5,4.3564,TV Shows
YG Future Strategy Office,Comedy,2018-10-05,6.1,4.5857,TV Shows
Daniel Spellbound,"Animation, Action & Adventure",2022-10-27,7.762,4.7745,TV Shows
Bodkin,"Drama, Mystery",2024-05-09,6.45,4.5178,TV Shows
Tiny House Nation,Reality,2014-07-09,6.857,4.8081,TV Shows
Rana Naidu,"Crime, Drama, Mystery",2023-03-10,7.688,4.5266,TV Shows
Should I Marry a Murderer?,"Documentary, Crime",2026-04-29,6.581,5.0043,TV Shows
Strategist KANBE,"Drama, War & Politics",2014-01-05,9.4,5.0348,TV Shows
LEGO Friends: The Next Chapter,"Family, Animation",2023-06-17,7.4,4.5161,TV Shows
Holy Family,Drama,2022-10-14,7.333,5.303,TV Shows
Lost Song,"Animation, Action & Adventure, Sci-Fi & Fantasy",2018-04-08,7.577,3.9812,TV Shows
"Hi Bye, Mama!","Sci-Fi & Fantasy, Comedy, Drama",2020-02-22,8.11,5.4087,TV Shows
Chef's Table,Documentary,2015-04-26,7.674,4.6147,TV Shows
Office Girls,"Comedy, Drama",2011-08-21,6.6,5.2081,TV Shows
Crime Patrol,"Crime, Drama, Mystery, Action & Adventure",2003-05-09,7.833,4.7686,TV Shows
Children of the Whales,"Animation, Drama, Mystery, Sci-Fi & Fantasy",2017-10-08,7.367,4.7799,TV Shows
"To Love, To Lose",Drama,2026-01-15,6.6,4.7188,TV Shows
Family Business,Comedy,2019-06-28,7.122,4.3011,TV Shows
Trinkets,Drama,2019-06-14,7.62,5.2618,TV Shows
Our Universe,Documentary,2022-11-22,7.7,4.1641,TV Shows
Million-Follower Detective,"Mystery, Crime",2026-02-12,7.8,4.8611,TV Shows
I Heart Arlo,"Animation, Comedy, Kids",2021-08-27,5.1,4.3376,TV Shows
Still Shining,Drama,2026-03-06,7.8,4.5968,TV Shows
Rilakkuma's Theme Park Adventure,"Action & Adventure, Drama, Animation",2022-08-25,7.69,4.3081,TV Shows
The Confidence Man JP,"Comedy, Drama",2018-04-09,7.3,4.6532,TV Shows
The Secret Life of My Secretary,Comedy,2019-05-06,7.5,5.275,TV Shows
Lead Children,"Drama, War & Politics",2026-02-11,7.763,4.1306,TV Shows
Derek,"Comedy, Drama",2013-01-30,7.453,4.3386,TV Shows
Olympo,"Drama, Mystery",2025-06-20,7.744,4.8055,TV Shows
Tour de France: Unchained,Documentary,2023-06-08,8.239,4.1776,TV Shows
exception,"Animation, Sci-Fi & Fantasy, Mystery",2022-10-13,7.018,5.3473,TV Shows
Master's Sun,"Sci-Fi & Fantasy, Comedy, Drama",2013-08-07,8.0,4.6521,TV Shows
Karma’s World,"Animation, Comedy, Family, Kids",2021-10-15,7.2,4.4642,TV Shows
Masameer County,"Comedy, Animation",2021-07-01,8.714,4.9769,TV Shows
Luis Miguel: The Series,Drama,2018-04-22,7.999,4.7212,TV Shows
The 7 Lives of Lea,"Drama, Mystery",2022-04-28,7.5,4.6189,TV Shows
Public Enemy,"Crime, Drama",2016-05-01,6.9,4.6664,TV Shows
Dragons: Rescue Riders,"Animation, Action & Adventure, Comedy, Kids, Sci-Fi & Fantasy, Drama",2019-09-27,6.6,4.3732,TV Shows
Romantic Killer,"Animation, Comedy",2022-10-27,8.341,4.5479,TV Shows
Eden,"Animation, Drama, Sci-Fi & Fantasy",2021-05-27,6.634,5.1178,TV Shows
Danny Go!,Kids,2019-08-21,8.0,4.2817,TV Shows
Ikebukuro West Gate Park,"Drama, Crime, Comedy, Action & Adventure, Mystery",2000-04-14,7.4,4.7702,TV Shows
Platonic,Comedy,2025-09-18,5.8,5.1136,TV Shows
Outlast: The Jungle,Reality,2026-06-10,7.132,4.8677,TV Shows
The 101st Proposal,Drama,1991-07-01,7.8,4.5868,TV Shows
Savage Beauty,Drama,2022-05-12,7.026,4.8281,TV Shows
LOVED ONE,"Drama, Mystery",2026-04-08,6.0,4.6562,TV Shows
Antarctica,Drama,2011-10-16,8.333,4.2593,TV Shows
The Resurrected,"Crime, Drama, Mystery",2025-10-09,7.7,4.8881,TV Shows
The Potato Lab,"Comedy, Drama",2025-03-01,7.71,4.6332,TV Shows
At Eighteen,"Drama, Comedy",2019-07-22,6.8,4.3341,TV Shows
Terrace House: Opening New Doors,Reality,2017-12-19,7.7,4.0031,TV Shows
Five Came Back,"Documentary, War & Politics",2017-03-31,7.233,4.8067,TV Shows
The 19th Medical Chart,Drama,2025-07-13,7.75,4.3251,TV Shows
Unsolved Mysteries,,2020-07-01,0.0,4.7104,TV Shows
Santita,Drama,2026-04-22,5.071,4.4547,TV Shows
The Third Charm,Drama,2018-09-28,6.2,4.663,TV Shows
Sisyphus,"Sci-Fi & Fantasy, Drama, Mystery, Action & Adventure",2021-02-17,7.1,4.5432,TV Shows
The Magic School Bus Rides Again,"Kids, Animation",2017-09-29,6.9,4.4993,TV Shows
AARO -All-domain Anomaly Resolution Office-,"Drama, Mystery",2024-10-09,7.313,4.4707,TV Shows
WHAT / IF,Drama,2019-05-24,6.43,4.6435,TV Shows
Testament: The Story of Moses,"Documentary, Drama, Sci-Fi & Fantasy",2024-03-27,7.299,4.7152,TV Shows
Black Pean,"Drama, Mystery",2018-04-22,7.6,4.3442,TV Shows
Nevertheless: The Shapes of Love,Drama,2024-12-09,7.559,4.3601,TV Shows
Beach Boys,"Drama, Comedy",1997-07-07,7.9,4.3591,TV Shows
Typhoon Family,Drama,2025-10-11,8.4,4.7511,TV Shows
The Evil Lawyer,"Crime, Drama",2026-06-11,7.133,4.8399,TV Shows
Football Parents,Comedy,2025-05-16,6.118,4.3838,TV Shows
The Mess You Leave Behind,"Drama, Mystery",2020-12-11,6.91,4.4661,TV Shows
Tiger and Dragon,"Drama, Comedy",2005-04-15,7.1,4.4065,TV Shows
KLASS 95: The Power of Beauty,"Drama, Comedy, Family",2024-08-20,7.143,4.1489,TV Shows
Wasted Land,"Drama, Family",2009-10-15,6.3,4.4143,TV Shows
Mr. Iglesias,Comedy,2019-06-21,7.434,4.1165,TV Shows
Dirty Money,"Crime, Documentary",2018-01-26,7.13,4.2962,TV Shows
Gimbap and Onigiri,Drama,2026-01-12,5.9,4.1954,TV Shows
White Nights,Drama,2016-11-21,6.944,4.2468,TV Shows
Triptych,"Drama, Mystery",2023-02-22,7.566,4.829,TV Shows
AlRawabi School for Girls,Drama,2021-08-12,7.5,5.4745,TV Shows
Glitch,"Drama, Comedy, Mystery, Sci-Fi & Fantasy",2022-10-07,6.8,4.3719,TV Shows
Knight Flower,"Drama, Comedy, Mystery, Action & Adventure",2024-01-12,8.125,4.1564,TV Shows
Disjointed,Comedy,2017-08-25,6.231,4.888,TV Shows
Ghost Doctor,"Comedy, Drama, Sci-Fi & Fantasy",2022-01-03,7.938,4.6648,TV Shows
Blue Therapy,Reality,2026-03-04,8.4,4.4559,TV Shows
Extracurricular,"Crime, Drama",2020-04-29,8.1,4.7326,TV Shows
Her Private Life,"Comedy, Drama",2019-04-10,7.6,4.792,TV Shows
The A List,"Drama, Mystery, Family",2018-10-25,6.5,4.4648,TV Shows
Rust Valley Restorers,"Documentary, Reality",2018-12-06,7.5,3.8774,TV Shows
Back Street Girls -GOKUDOLS-,"Comedy, Animation",2018-07-03,6.2,4.5891,TV Shows
Romance in the House,"Family, Drama",2024-08-10,7.821,5.0036,TV Shows
Land of Sin,"Drama, Crime, Mystery",2026-01-02,5.5,3.9275,TV Shows
Worst Neighbor Ever,"Crime, Documentary",2026-07-01,7.5,4.3844,TV Shows
Thursday's Widows,"Drama, Crime",2023-09-14,6.5,4.0822,TV Shows
The Pentaverate,Comedy,2022-05-05,5.674,4.4297,TV Shows
The Cook of Castamar,"Drama, Soap",2021-02-21,6.947,4.6078,TV Shows
Sharkdog,"Animation, Comedy, Family, Kids",2021-09-03,8.042,4.3224,TV Shows
Doctor Prisoner,"Drama, Crime",2019-03-20,7.336,4.6184,TV Shows
The Eddy,Drama,2020-05-08,6.4,4.0707,TV Shows
Marianne,Mystery,2019-09-13,7.599,3.8935,TV Shows
Stove League,Drama,2019-12-13,8.3,4.7522,TV Shows
Ju-On: Origins,"Mystery, Drama",2020-07-03,6.456,5.326,TV Shows
"Good Morning, Verônica","Drama, Crime",2020-10-01,7.3,4.3927,TV Shows
Shut Up Evan,"Talk, Comedy",2026-05-01,5.5,4.1416,TV Shows
Go! Live Your Way,Drama,2019-02-22,8.608,4.1596,TV Shows
Glass Heart,Drama,2025-07-31,8.466,4.2982,TV Shows
Castle and Castle,Drama,2018-06-21,6.2,4.5057,TV Shows
Strongest Deliveryman,Drama,2017-08-04,6.77,4.7196,TV Shows
Magic for Humans,"Comedy, Reality",2018-08-17,6.437,4.2525,TV Shows
Salvador,"Drama, Mystery",2026-02-06,6.677,4.2381,TV Shows
The Club,"Comedy, Drama",2019-11-15,7.527,4.0473,TV Shows
Love of My Life,Drama,2024-04-16,7.25,4.1942,TV Shows
Sintonia,"Drama, Crime",2019-08-09,8.2,4.4435,TV Shows
War Sailor,Drama,2023-04-02,7.709,4.488,TV Shows
Oh My Ghost Clients,"Comedy, Mystery, Sci-Fi & Fantasy, Drama",2025-05-30,8.083,4.4972,TV Shows
Billionaire Island,"Comedy, Drama",2024-09-12,6.7,4.2692,TV Shows
Love Is Blind: Sweden,Reality,2024-01-12,5.857,3.7079,TV Shows
Kibaoh Klashers,"Animation, Kids, Sci-Fi & Fantasy",2017-02-01,7.0,4.7798,TV Shows
Florida Man,"Mystery, Comedy, Drama",2023-04-13,6.521,4.9602,TV Shows
Sexify,"Drama, Comedy",2021-04-28,7.145,4.6781,TV Shows
Romance Is a Bonus Book,"Comedy, Drama",2019-01-26,7.6,4.7411,TV Shows
"Boo, Bitch","Comedy, Sci-Fi & Fantasy",2022-07-08,7.269,4.1541,TV Shows
Keep Breathing,"Action & Adventure, Drama",2022-07-28,6.1,4.3286,TV Shows
Blippi's Job Show,"Family, Kids",2025-04-07,8.235,3.775,TV Shows
Metropolitan Police Department Narcotics Control Division MOGURA,"Drama, Crime, Mystery",2025-01-09,8.0,3.4148,TV Shows
Attack on London: Hunting the 7/7 Bombers,"Documentary, Crime",2025-07-01,7.741,4.2469,TV Shows
The Road to Love,Comedy,2019-11-26,8.0,3.6266,TV Shows
Ethos,"Drama, Mystery",2020-11-12,7.767,4.9318,TV Shows
Kyojo,Drama,2020-01-04,7.7,4.3896,TV Shows
Blown Away,Reality,2019-07-12,6.919,4.3492,TV Shows
Remarriage & Desires,Drama,2022-07-15,7.3,4.8299,TV Shows
Yakitori: Soldiers of Misfortune,"Animation, Sci-Fi & Fantasy",2023-05-18,6.788,5.0434,TV Shows
Under a Dark Sun,"Crime, Mystery, Drama",2025-07-09,6.6,4.4289,TV Shows
Kill Me Love Me,"Drama, Action & Adventure",2024-10-14,7.588,4.3801,TV Shows
Cassandra,Sci-Fi & Fantasy,2025-02-06,7.116,4.5785,TV Shows
Playing with Fire,Drama,2019-01-22,5.725,4.6161,TV Shows
Hulk Hogan: Real American,Documentary,2026-04-22,7.4,5.0318,TV Shows
Love from 9 to 5,Comedy,2026-01-01,7.5,4.6054,TV Shows
Shadowplay,Drama,2020-10-30,6.5,4.5832,TV Shows
"Innocence, Fight Against False Charges","Drama, Mystery",2019-01-19,7.2,4.3532,TV Shows
The Green Glove Gang,"Crime, Comedy",2022-10-19,7.2,4.8084,TV Shows
Red Rose,"Mystery, Drama",2022-08-15,6.3,3.7513,TV Shows
Mr. Midnight: Beware the Monsters,"Action & Adventure, Mystery, Drama",2022-10-24,5.9,4.5731,TV Shows
Little Baby Bum: Music Time,"Kids, Animation",2023-09-25,7.8,3.5191,TV Shows
Marseille,"Drama, Crime",2016-05-05,6.25,4.528,TV Shows
Master of the House,"Drama, Mystery",2024-07-18,8.594,4.4129,TV Shows
Snabba Cash,"Crime, Drama",2021-04-07,6.996,4.5739,TV Shows
Criminal: France,"Drama, Crime, Mystery",2019-09-20,6.766,4.4473,TV Shows
My Isekai Life: I Gained a Second Character Class and Became the Strongest Sage in the World!,"Animation, Comedy, Action & Adventure, Sci-Fi & Fantasy",2022-07-04,7.5,4.7531,TV Shows
The Gardener,"Crime, Drama",2025-04-11,6.766,4.4412,TV Shows
Stretch Armstrong & the Flex Fighters,"Animation, Action & Adventure, Sci-Fi & Fantasy",2017-11-16,6.6,3.7243,TV Shows
Rough Diamonds,"Drama, Crime",2023-04-21,6.887,4.9357,TV Shows
OATS Studios,Sci-Fi & Fantasy,2021-10-01,6.724,4.4619,TV Shows
One the Woman,"Comedy, Drama",2021-09-17,7.263,4.6149,TV Shows
Top Boy,Drama,2011-10-31,7.5,5.1441,TV Shows
The Victims' Game,"Drama, Crime, Mystery",2020-04-30,7.527,4.177,TV Shows
Ultimate Beastmaster,"Action & Adventure, Reality",2017-02-24,5.965,4.3583,TV Shows
Last One Standing,"Comedy, Mystery, Drama",2022-03-08,7.4,4.7613,TV Shows
Levius,"Animation, Action & Adventure, Sci-Fi & Fantasy",2019-11-28,7.533,4.0248,TV Shows
Mystic Pop-up Bar,"Drama, Sci-Fi & Fantasy, Comedy",2020-05-20,8.006,4.4472,TV Shows
That Girl Lay Lay,Comedy,2021-09-23,6.6,4.6114,TV Shows
Transatlantic,"Drama, War & Politics",2023-04-07,6.335,4.4932,TV Shows
Creature,"Drama, Sci-Fi & Fantasy",2023-10-20,7.109,4.4844,TV Shows
Cinderella and Four Knights,"Comedy, Drama",2016-08-12,7.352,4.8196,TV Shows
Kiss or Die,"Reality, Comedy",2025-09-09,10.0,4.5565,TV Shows
Law School,"Drama, Crime, Mystery",2021-04-14,7.791,4.5268,TV Shows
Gangs of Galicia,"Drama, Crime",2024-06-21,6.898,4.3634,TV Shows
Bulgasal: Immortal Souls,"Drama, Sci-Fi & Fantasy, Action & Adventure",2021-12-18,7.773,4.2934,TV Shows
Worst Ex Ever,"Crime, Documentary",2024-08-28,7.7,4.4292,TV Shows
Teenage Bounty Hunters,"Comedy, Action & Adventure, Drama",2020-08-14,7.686,4.4321,TV Shows
J-Style Trip,Reality,2020-03-21,8.1,4.0467,TV Shows
Dating Around,Reality,2019-02-14,4.2,4.1829,TV Shows
High Heat,"Action & Adventure, Drama",2022-08-17,7.638,4.3221,TV Shows
The Lying Life of Adults,Drama,2023-01-04,7.3,8.149,TV Shows
The Bequeathed,"Drama, Mystery, Crime",2024-01-19,7.113,4.3447,TV Shows
The Snow Girl,"Crime, Mystery",2023-01-27,7.181,4.4348,TV Shows
Caught,"Drama, Crime",2025-03-26,7.108,4.3923,TV Shows
Sugar Rush: The Baking Point,Reality,2023-07-12,7.2,4.4244,TV Shows
The Vacation Principle,"Drama, Comedy",2026-07-27,7.0,3.957,TV Shows
Connection,"Drama, Crime, Mystery",2024-05-24,7.68,4.7107,TV Shows
Tobot Galaxy Detectives,"Kids, Animation",2021-09-07,6.0,3.7071,TV Shows
Black Knight,"Drama, Action & Adventure, Sci-Fi & Fantasy",2023-05-12,7.4,4.5841,TV Shows
The Great Heist,"Crime, Drama",2020-08-14,7.265,3.9474,TV Shows
"Web of Make Believe: Death, Lies and the Internet","Documentary, Crime",2022-06-15,6.6,3.7932,TV Shows
6ixtynin9 the Series,"Comedy, Crime, Mystery, Drama",2023-09-06,5.786,4.4488,TV Shows
The Grimm Variations,"Animation, Sci-Fi & Fantasy, Drama, Mystery",2024-04-17,6.992,4.2163,TV Shows
Crap Happens,Comedy,2026-02-26,5.882,3.5315,TV Shows
A.I.C.O. -Incarnation-,"Animation, Action & Adventure, Sci-Fi & Fantasy",2018-03-09,6.463,4.3318,TV Shows
Sky High: The Series,"Action & Adventure, Drama, Crime",2023-03-17,7.076,4.4873,TV Shows
Meet Me After School,Drama,2018-10-09,7.3,4.0394,TV Shows
Judge Dee's Mystery,"Drama, Mystery",2024-02-06,8.2,4.4713,TV Shows
Hero Mask,"Animation, Action & Adventure, Mystery, Sci-Fi & Fantasy",2018-12-03,5.645,4.2078,TV Shows
She's Gotta Have It,Comedy,2017-11-23,6.272,3.92,TV Shows
Japan's Number One Jerk Salaryman,Drama,2025-01-09,8.0,3.9189,TV Shows
In From the Cold,"Drama, Action & Adventure",2022-01-28,6.708,4.658,TV Shows
Charlie's Colorforms City,"Animation, Kids",2019-03-22,7.2,4.2092,TV Shows
Full Swing,Documentary,2023-02-15,7.5,4.298,TV Shows
Investigation Alien,Documentary,2024-11-08,7.167,4.7199,TV Shows
Analog Squad,Drama,2023-12-07,8.1,4.4218,TV Shows
Babanba Banban Vampire,"Animation, Comedy",2025-01-11,7.3,3.9229,TV Shows
Love Is Blind: Japan,Reality,2022-02-08,6.4,3.9669,TV Shows
Spycraft,"Documentary, War & Politics",2021-01-20,6.9,3.8728,TV Shows
Chief of Staff,"Drama, War & Politics",2019-06-14,8.147,4.2316,TV Shows
Rooftop Prince,"Comedy, Drama, Sci-Fi & Fantasy",2012-03-21,7.5,4.0373,TV Shows
How to Become a Tyrant,"Documentary, War & Politics",2021-07-09,7.309,3.9206,TV Shows
Go! Go! Cory Carson,"Animation, Kids",2020-01-04,7.7,4.2566,TV Shows
Just One Look,"Mystery, Crime, Drama",2025-03-05,6.36,4.2543,TV Shows
Just a bit Espers,"Sci-Fi & Fantasy, Drama",2025-10-21,6.167,3.9268,TV Shows
Dabba Cartel,"Crime, Drama",2025-02-28,6.6,3.9209,TV Shows
Geek Girl,"Drama, Family, Comedy",2024-05-30,7.101,4.2845,TV Shows
Inside: USA,Reality,2025-09-21,4.9,4.057,TV Shows
Salish & Jordan Matter,"Reality, Kids",2026-04-11,7.8,4.2436,TV Shows
SCTV Channel,Comedy,1983-11-22,7.75,3.5211,TV Shows
Maledictions,"Mystery, Drama",2025-09-12,6.231,4.2707,TV Shows
The Hot Spot,"Comedy, Sci-Fi & Fantasy",2025-01-12,8.288,4.4158,TV Shows
The Secret of the River,Drama,2024-10-09,8.1,4.0438,TV Shows
The Whirlwind,"Drama, War & Politics",2024-06-28,6.964,3.9743,TV Shows
Birth of a Beauty,Comedy,2014-11-01,7.345,3.8615,TV Shows
"That Winter, the Wind Blows",Drama,2013-02-13,7.244,4.0945,TV Shows
Producing Nobuta,"Drama, Comedy",2005-10-15,7.587,4.291,TV Shows
Eric,"Drama, Mystery",2024-05-30,6.925,4.468,TV Shows
The Predator of Seville,"Documentary, Crime",2026-03-27,7.308,4.26,TV Shows
Cold Case: The Tylenol Murders,"Documentary, Crime",2025-05-26,6.811,3.8791,TV Shows
Tidelands,"Drama, Crime, Sci-Fi & Fantasy",2018-12-14,6.61,4.474,TV Shows
Love and Fortune,Drama,2018-09-14,6.9,4.4548,TV Shows
The Good Cop,"Comedy, Drama",2018-09-21,6.182,3.9839,TV Shows
Kings of Jo'Burg,Crime,2020-12-04,7.03,4.5688,TV Shows
Free Bert,Comedy,2026-01-22,7.4,3.9875,TV Shows
Bee and PuppyCat,"Animation, Comedy, Sci-Fi & Fantasy, Family",2014-11-06,8.2,4.3247,TV Shows
Somebody,"Drama, Crime, Mystery",2022-11-18,6.89,3.9843,TV Shows
Thicker Than Water,"Mystery, Crime",2023-04-07,6.5,4.1192,TV Shows
Cracow Monsters,Sci-Fi & Fantasy,2022-03-18,6.041,3.8839,TV Shows
Love Is Blind: Brazil,Reality,2021-10-06,6.419,4.1732,TV Shows
Kota Factory,"Comedy, Drama",2019-04-16,8.079,4.2097,TV Shows
Comedy Chaos,Comedy,2024-02-16,6.0,4.2861,TV Shows
Apple Cider Vinegar,"Drama, Crime",2025-02-06,6.731,4.8232,TV Shows
Inside,Reality,2024-06-02,5.6,3.8921,TV Shows
Garouden: The Way of the Lone Wolf,"Animation, Action & Adventure",2024-05-23,7.136,4.0912,TV Shows
Wedding Impossible,"Drama, Comedy",2024-02-26,6.6,4.2181,TV Shows
Ferry: The Series,"Crime, Drama",2023-11-03,7.224,4.2265,TV Shows
Barbecue Showdown,Reality,2020-09-18,6.067,4.1302,TV Shows
Miss King,Drama,2025-09-29,8.0,4.2713,TV Shows
John Mulaney Presents: Everybody's in L.A.,"Comedy, Talk",2024-05-03,5.875,3.4405,TV Shows
Rugal,"Action & Adventure, Crime, Mystery, Sci-Fi & Fantasy, Drama",2020-03-28,6.78,4.0799,TV Shows
Car Masters: Rust to Riches,Reality,2018-09-14,7.463,4.1302,TV Shows
Superstition,"Sci-Fi & Fantasy, Mystery, Drama",2017-10-20,5.904,4.234,TV Shows
Inspector Koo,"Action & Adventure, Comedy, Drama, Mystery, Crime",2021-10-30,7.4,4.0719,TV Shows
Gudetama: An Eggcellent Adventure,"Action & Adventure, Family, Animation",2022-12-13,7.9,3.9095,TV Shows
Tijuana,"Drama, Crime",2019-04-05,6.9,3.7923,TV Shows
TAGUSARI bros.,"Mystery, Crime",2026-04-17,6.6,4.0959,TV Shows
The Nurse,"Crime, Drama",2023-04-27,7.1,4.0724,TV Shows
Bad Sport,"Documentary, Crime",2021-10-06,6.773,3.909,TV Shows
Hoops,"Comedy, Animation",2020-08-21,6.723,4.3914,TV Shows
Dubai Bling,Reality,2022-10-27,6.25,4.1705,TV Shows
Turning Point: 9/11 and the War on Terror,"Documentary, War & Politics",2021-09-01,7.3,4.0983,TV Shows
Dalah: Death and the Flowers,"Drama, Crime, Mystery",2025-02-27,7.6,4.6284,TV Shows
Turning Point: The Bomb and the Cold War,Documentary,2024-03-12,7.915,4.0019,TV Shows
Who Is Erin Carter?,"Action & Adventure, Crime, Drama",2023-08-24,6.971,4.3367,TV Shows
Deepa & Anoop,"Kids, Animation",2022-08-15,6.9,5.0274,TV Shows
Fisk,"Comedy, Drama",2021-03-17,7.536,3.8317,TV Shows
Rookies,"Drama, Comedy",2008-04-19,7.8,4.0439,TV Shows
The Inmate,"Drama, Crime",2018-09-25,7.041,4.1048,TV Shows
The Devil Punisher,Sci-Fi & Fantasy,2020-10-25,6.4,3.6438,TV Shows
At the Moment,Drama,2023-11-10,6.941,3.7792,TV Shows
The Last Night at Tremore Beach,"Drama, Mystery",2024-10-25,7.017,3.9919,TV Shows
Ripple,Drama,2025-12-03,6.537,4.0998,TV Shows
Chasing Love,Drama,2026-05-29,7.667,4.3003,TV Shows
Young Wallander,"Drama, Mystery, Crime",2020-09-03,7.07,4.2534,TV Shows
Navillera,Drama,2021-03-22,8.6,4.5183,TV Shows
Captain Laserhawk: A Blood Dragon Remix,"Animation, Action & Adventure, Sci-Fi & Fantasy, Comedy",2023-10-19,7.542,4.3031,TV Shows
Seven Orifices,"Drama, Sci-Fi & Fantasy",2024-04-16,7.0,3.7056,TV Shows
The Girl in the Mirror,"Drama, Mystery",2022-08-19,6.3,4.0236,TV Shows
From Me to You: Kimi ni Todoke,Drama,2023-03-30,7.477,3.9839,TV Shows
White Lines,"Drama, Crime, Mystery",2020-05-15,6.527,4.3822,TV Shows
Special,Comedy,2019-04-12,6.34,3.3957,TV Shows
Larva Family,"Kids, Comedy, Animation",2023-05-04,7.7,3.5931,TV Shows
Haunted,Documentary,2018-10-19,6.905,4.296,TV Shows
Goddess Bless You from Death,"Drama, Mystery, Action & Adventure",2025-10-31,8.3,4.4968,TV Shows
Close to Home: Murder in the Coalfield,"Crime, Drama",2022-09-01,5.955,4.0957,TV Shows
L.O.L. Surprise! House of Surprises,"Animation, Kids",2021-08-28,7.4,3.9202,TV Shows
Cash Queens,"Comedy, Action & Adventure, Drama",2026-02-05,6.216,3.7532,TV Shows
Memories of the Alhambra,"Action & Adventure, Mystery, Sci-Fi & Fantasy, Drama",2018-12-01,7.592,4.2151,TV Shows
Love Never Lies: Poland,Reality,2023-01-25,5.9,3.5723,TV Shows
Crime Diaries: Night Out,"Crime, Drama",2019-05-03,7.3,3.6766,TV Shows
Ichikei's Crow,"Drama, Comedy, Mystery",2021-04-05,7.3,4.1142,TV Shows
Worst Roommate Ever,"Crime, Documentary",2022-03-01,6.916,4.0474,TV Shows
"El Rey, Vicente Fernández",Drama,2022-08-03,7.9,4.0471,TV Shows
Feria: The Darkest Light,Sci-Fi & Fantasy,2022-01-28,6.597,4.0943,TV Shows
The Monster of Florence,"Crime, Mystery, Drama",2025-10-22,6.315,4.3315,TV Shows
Mom Knows Best?,Reality,2026-08-26,0.0,3.7619,TV Shows
The Parisian Agency: Exclusive Properties,Reality,2020-09-24,6.763,4.1182,TV Shows
Lost Ollie,"Animation, Family, Drama",2022-08-24,7.814,3.8886,TV Shows
7 Bears,"Animation, Kids",2025-07-10,7.5,4.3876,TV Shows
Luz: The Light of the Heart,"Action & Adventure, Kids, Drama",2024-02-07,7.0,4.2205,TV Shows
Chosen Home,Drama,2025-10-12,6.75,3.9937,TV Shows
Marriage Contract,Drama,2016-03-05,7.8,4.4725,TV Shows
My Holo Love,"Drama, Sci-Fi & Fantasy",2020-02-07,8.471,3.9504,TV Shows
Club de Cuervos Presents: The Ballad of Hugo Sánchez,Comedy,2018-06-17,5.844,4.5218,TV Shows
The Makanai: Cooking for the Maiko House,Drama,2023-01-12,7.621,3.5743,TV Shows
Screwballs,"Reality, Comedy",2025-02-23,7.7,4.1053,TV Shows
Supa Team 4,"Action & Adventure, Animation, Kids",2023-07-20,6.4,4.0791,TV Shows
Copycat Killer,"Drama, Mystery, Crime",2023-03-31,7.8,4.3243,TV Shows
The Rest is Football,Talk,2026-06-10,0.0,4.1046,TV Shows
Just Between Lovers,Drama,2017-12-11,7.7,4.2429,TV Shows
aka Charlie Sheen,Documentary,2025-09-10,7.507,4.1057,TV Shows
The Club,Drama,2021-11-05,6.9,4.2631,TV Shows
She,"Crime, Drama",2020-03-20,6.0,3.9829,TV Shows
jeen-yuhs: A Kanye Trilogy,Documentary,2022-02-16,7.121,3.6086,TV Shows
Hound's Hill,"Mystery, Crime, Drama",2025-01-08,6.831,4.0769,TV Shows
Yong Pal,"Drama, Action & Adventure",2015-08-05,7.5,3.9221,TV Shows
The Influencer,Drama,2023-12-13,7.619,3.9764,TV Shows
CoComelon Lane,"Animation, Kids",2023-11-17,7.422,4.4829,TV Shows
The Mechanism,"Crime, Drama",2018-03-23,7.048,3.886,TV Shows
Hirugao: Love Affairs in the Afternoon,"Drama, Soap",2014-07-17,6.4,3.778,TV Shows
My Housekeeper Nagisa-san,"Drama, Comedy",2020-07-07,7.5,4.3474,TV Shows
Apache: The Life of Carlos Tevez,Drama,2019-08-16,7.722,4.5551,TV Shows
Legend Quest: Masters of Myth,"Animation, Action & Adventure",2019-10-05,8.0,3.6436,TV Shows
Conversations with a Killer: The Son of Sam Tapes,"Documentary, Crime",2025-07-30,7.2,3.6503,TV Shows
Cheer Up,"Drama, Mystery, Comedy",2022-10-03,6.518,3.8155,TV Shows
Rookie Historian Goo Hae-Ryung,Drama,2019-07-17,7.6,3.9377,TV Shows
Sara - Woman in the Shadows,"Mystery, Drama, Crime",2025-06-03,6.4,4.0629,TV Shows
Vai Anitta,Documentary,2018-11-16,5.5,4.2084,TV Shows
News Anchor,Drama,2025-04-13,7.5,3.9501,TV Shows
Challenger: The Final Flight,Documentary,2020-09-16,7.128,3.9591,TV Shows
"Sex, Explained",Documentary,2020-01-02,6.553,3.7643,TV Shows
The Queen's Classroom,Drama,2005-07-02,7.9,4.6329,TV Shows
Legal High,"Comedy, Drama, Mystery",2019-02-08,6.067,3.6878,TV Shows
Everything Will Be Fine,"Comedy, Drama",2021-08-20,6.769,3.7987,TV Shows
Bottersnikes & Gumbles,"Kids, Comedy, Animation, Action & Adventure",2016-07-25,6.0,3.4876,TV Shows
Big Tree City,"Action & Adventure, Comedy, Kids, Animation",2022-08-01,7.9,3.7582,TV Shows
Nodame Cantabile,"Drama, Comedy",2006-10-16,7.696,4.2516,TV Shows
Queenmaker,Drama,2023-04-14,7.316,4.1474,TV Shows
Elite Short Stories: Phillipe Caye Felipe,"Mystery, Comedy",2021-12-15,6.705,3.8153,TV Shows
Teasing Master Takagi-san,Comedy,2024-04-02,7.588,3.956,TV Shows
1983,"Drama, Crime, Mystery",2018-11-30,6.507,3.9391,TV Shows
Saturday Morning All Star Hits!,"Comedy, Animation",2021-12-10,5.8,3.2646,TV Shows
The Fierce Wife,"Drama, Family",2010-11-05,4.545,3.9106,TV Shows
#blackAF,Comedy,2020-04-17,5.94,4.1339,TV Shows
LEGO City,,2011-03-01,5.6,3.5759,TV Shows
Motown Magic,"Animation, Kids",2018-11-20,7.5,3.4841,TV Shows
Self Made: Inspired by the Life of Madam C.J. Walker,Drama,2020-03-20,7.467,4.1156,TV Shows
Subteran,"Crime, Drama",2025-01-08,6.709,3.9089,TV Shows
Summer Heat,Drama,2022-01-21,7.036,3.8894,TV Shows
Buddy Thunderstruck,"Comedy, Animation, Family, Sci-Fi & Fantasy",2017-03-10,7.571,3.6117,TV Shows
Toy Boy,"Drama, Mystery, Crime",2019-09-08,7.6,4.5648,TV Shows
Katla,"Drama, Mystery, Sci-Fi & Fantasy",2021-06-17,6.927,4.3221,TV Shows
On the Verge,"Comedy, Drama",2021-09-06,4.786,4.046,TV Shows
Kohrra,"Crime, Drama",2023-07-15,6.9,3.7387,TV Shows
High Score,Documentary,2020-08-19,7.412,3.986,TV Shows
Fabulous Lives of Bollywood Wives,Reality,2020-11-27,4.5,3.9048,TV Shows
Cupcake & Dino - General Services,"Animation, Comedy, Kids",2018-07-27,7.091,3.9222,TV Shows
Inheritance Detective,"Drama, Mystery",2025-01-25,7.364,3.839,TV Shows
Onmyoji,"Animation, Drama, Sci-Fi & Fantasy, Mystery",2023-11-28,6.444,4.0846,TV Shows
Asura,Drama,2025-01-09,7.917,4.0388,TV Shows
I Will Be Your Bloom,"Drama, Comedy",2022-10-18,7.7,3.6835,TV Shows
IC 814: The Kandahar Hijack,"Drama, War & Politics",2024-08-29,6.321,3.8884,TV Shows
Misty,"Drama, Crime, Mystery",2018-02-02,7.4,3.8906,TV Shows
Kotaro Lives Alone,"Animation, Drama, Comedy",2022-03-10,7.865,3.633,TV Shows
Kian's Bizarre B&B,Reality,2025-04-08,8.0,3.4923,TV Shows
The Chair,"Drama, Comedy",2021-08-20,6.546,3.7655,TV Shows
This Is Pop,Documentary,2021-03-06,5.913,3.7529,TV Shows
Blockbuster,Comedy,2022-11-03,5.44,3.9165,TV Shows
Money Heist: From Tokyo to Berlin,Documentary,2021-09-03,8.2,4.3652,TV Shows
The Neighbor,Comedy,2019-12-31,6.639,4.4323,TV Shows
Let's Get Divorced,"Comedy, Drama",2023-06-22,7.7,3.7375,TV Shows
Frankly Speaking,"Comedy, Drama",2024-05-01,7.0,3.6775,TV Shows
The Letdown,Comedy,2016-05-04,6.929,3.666,TV Shows
Designated Survivor: 60 Days,"Drama, Crime, Mystery, War & Politics",2019-07-01,7.804,3.8696,TV Shows
Simon Superlapin,"Animation, Kids, Family",2022-04-13,7.3,3.5059,TV Shows
Watership Down,"Animation, Drama, Family",2018-12-22,6.9,3.7898,TV Shows
Partner Track,Drama,2022-08-26,7.014,3.8426,TV Shows
Scaredy Cats,"Family, Sci-Fi & Fantasy, Comedy, Kids",2021-10-01,6.6,3.6366,TV Shows
Ashley Garcia: Genius in Love,Comedy,2020-02-17,6.9,4.0383,TV Shows
Omniscient,"Sci-Fi & Fantasy, Drama",2020-01-29,6.4,4.0809,TV Shows
Wave Makers,Drama,2023-04-28,8.4,3.6999,TV Shows
Shards of Her,"Mystery, Drama",2022-10-28,7.8,3.9132,TV Shows
Neymar: The Perfect Chaos,Documentary,2022-01-25,7.333,3.6105,TV Shows
Hot Girls Wanted: Turned On,Documentary,2017-04-21,6.318,4.4166,TV Shows
The I-Land,"Drama, Sci-Fi & Fantasy",2019-09-12,5.43,3.9317,TV Shows
Masha's tales,"Animation, Kids, Family, Comedy",2012-01-01,6.125,3.907,TV Shows
Medal of Honor,Documentary,2018-11-09,6.548,3.5513,TV Shows
Larva Island,"Animation, Kids",2018-10-19,7.118,3.2184,TV Shows
Lady Dynamite,"Comedy, Drama",2016-05-20,6.797,3.3594,TV Shows
Paquita Salas,Comedy,2016-07-06,7.063,4.2871,TV Shows
Malibu Rescue: The Series,"Family, Comedy",2019-06-03,6.9,3.9063,TV Shows
Miraculous Brothers,"Mystery, Drama, Sci-Fi & Fantasy, Comedy",2023-06-28,6.947,4.002,TV Shows
Alba,Drama,2021-03-28,6.955,4.0879,TV Shows
Run On,Drama,2020-12-16,7.456,3.7893,TV Shows
"Go Ahead, Brother","Action & Adventure, Crime, Drama",2024-10-30,7.213,4.648,TV Shows
Live from the Other Side with Tyler Henry,Reality,2024-09-17,7.0,3.4445,TV Shows
Q-Force,"Animation, Comedy, Action & Adventure",2021-09-02,6.6,3.1838,TV Shows
Absolute Beginners,Drama,2023-10-25,6.6,4.1328,TV Shows
Delightfully Deceitful,"Drama, Comedy, Crime",2023-05-29,5.9,4.0782,TV Shows
Autumn's Concerto,"Drama, Family",2009-10-04,6.9,4.0831,TV Shows
All For Love,Drama,2020-01-07,7.569,4.3176,TV Shows
Chihayafuru: Full Circle,Drama,2025-07-09,9.5,3.7909,TV Shows
The Hockey Girls,Drama,2019-04-29,6.618,3.6327,TV Shows
50M²,"Crime, Mystery",2021-01-27,7.4,3.2999,TV Shows
The Search,"Crime, Drama, Comedy",2020-06-12,7.222,4.0737,TV Shows
Project Mc²,"Family, Comedy",2015-08-07,7.377,3.6981,TV Shows
Gentefied,"Comedy, Drama",2020-02-21,6.815,3.4803,TV Shows
Luna Nera,"Sci-Fi & Fantasy, Drama",2020-01-31,7.543,3.5442,TV Shows
Chico Bon Bon: Monkey with a Tool Belt,"Animation, Kids",2020-05-08,7.6,3.4389,TV Shows
Heaven and Hell: Soul Exchange,"Crime, Drama",2021-01-17,7.2,3.881,TV Shows
Light of My Lion,"Drama, Family, Mystery",2024-10-11,7.7,3.6534,TV Shows
Super Subbu,"Comedy, Drama",2026-07-02,7.25,3.8985,TV Shows
Possessed,"Mystery, Crime, Comedy, Drama",2019-03-06,6.167,4.3998,TV Shows
"Money, Explained",Documentary,2021-05-11,7.188,4.28,TV Shows
Mighty Little Bheem,"Animation, Kids, Comedy, Family",2019-04-12,8.1,3.3141,TV Shows
Hit & Run,"Action & Adventure, Drama, Crime",2021-08-06,6.9,4.1291,TV Shows
The Kingdom,"Crime, Drama",2021-08-13,7.4,4.5251,TV Shows
Learning to Love,Drama,2025-07-10,6.6,4.0386,TV Shows
Japan Sinks: 2020,"Sci-Fi & Fantasy, Animation, Action & Adventure, Drama",2020-07-09,7.157,3.9704,TV Shows
The Queen of Lunchtime Cuisine,"Drama, Comedy",2002-07-01,7.4,3.8382,TV Shows
Funny AF with Kevin Hart,"Comedy, Reality",2026-04-20,7.167,3.7023,TV Shows
Iron Reign,"Crime, Drama",2024-03-15,6.6,3.5012,TV Shows
Queen Cleopatra,"Documentary, Drama",2023-05-10,2.665,3.7995,TV Shows
Country Queen,Drama,2022-07-15,7.2,4.003,TV Shows
"A Friend, a Murderer","Documentary, Crime",2026-03-05,7.357,3.6407,TV Shows
The American Experiment,Documentary,2026-06-24,5.1,3.9326,TV Shows
Dragon's Dogma,"Animation, Action & Adventure, Sci-Fi & Fantasy",2020-09-17,6.9,3.6108,TV Shows
Black & White,"Action & Adventure, Drama, Crime",2009-04-11,8.0,3.7045,TV Shows
Elite Short Stories: Patrick,"Mystery, Comedy",2021-12-23,6.7,3.539,TV Shows
My First First Love,Drama,2019-04-18,8.2,3.6721,TV Shows
The Royals,"Drama, Comedy",2025-05-09,6.44,4.0884,TV Shows
Lucas the Spider,"Animation, Comedy, Kids",2017-11-06,6.4,3.8323,TV Shows
Rafa,Documentary,2026-05-29,8.5,4.1908,TV Shows
I Cannot Reach You,Drama,2023-09-27,8.5,3.6335,TV Shows
True and the Rainbow Kingdom,"Animation, Kids, Comedy",2017-08-11,8.5,3.6808,TV Shows
Boca Juniors Confidential,Documentary,2018-09-04,6.0,3.9704,TV Shows
Fragrance of the First Flower,Drama,2021-11-12,7.1,3.8548,TV Shows
Diary of a Prosecutor,Drama,2019-12-16,6.789,3.8486,TV Shows
Gameboys,"Comedy, Drama",2020-05-22,6.6,3.6241,TV Shows
Quartet,Drama,2017-01-17,8.0,3.2375,TV Shows
Almost Happy,Comedy,2020-05-01,7.1,3.689,TV Shows
Beyond Goodbye,Drama,2024-11-14,7.8,3.8294,TV Shows
Diablero,"Sci-Fi & Fantasy, Mystery",2018-12-21,7.333,3.9759,TV Shows
Kayko and Kokosh,"Animation, Family, Sci-Fi & Fantasy, Comedy, Action & Adventure",2021-02-28,6.6,3.494,TV Shows
Get Organized with The Home Edit,Reality,2020-09-09,6.643,3.4111,TV Shows
The Åre Murders,"Drama, Crime, Mystery",2025-02-06,6.669,3.4833,TV Shows
"I'm Mita, Your Housekeeper",Drama,2011-10-12,7.4,3.9418,TV Shows
The Asunta Case,"Crime, Drama",2024-04-26,7.268,3.8045,TV Shows
Public Affairs Office in the Sky,Drama,2013-04-14,8.2,4.5562,TV Shows
Unicorn Academy: Secrets Revealed,"Animation, Kids, Sci-Fi & Fantasy",2026-03-19,8.1,3.7026,TV Shows
W/ Bob & David,Comedy,2015-11-13,6.763,3.1295,TV Shows
The Hooligan,"Drama, Crime",2025-01-29,6.908,3.794,TV Shows
My Korean Boyfriend,Reality,2026-01-01,7.111,3.5692,TV Shows
Hold Tight,"Mystery, Crime, Drama",2022-04-22,6.577,3.5316,TV Shows
Waffles + Mochi,Kids,2021-03-16,6.9,3.6456,TV Shows
Harmony Secret,Drama,2025-07-26,7.789,4.0549,TV Shows
The Lady's Companion,"Drama, Comedy",2025-03-28,7.327,3.5922,TV Shows
Saving My Stupid Youth,"Comedy, Drama",2014-10-12,7.7,3.5992,TV Shows
Toxic Town,Drama,2025-02-27,7.067,3.5376,TV Shows
Prison Cell 211,"Drama, Crime",2025-02-05,7.396,3.3836,TV Shows
SPRIGGAN,"Animation, Action & Adventure, War & Politics, Sci-Fi & Fantasy",2022-06-18,6.736,3.7082,TV Shows
You're Beautiful,"Comedy, Drama",2009-10-07,7.54,3.9023,TV Shows
Young Millionaires,"Comedy, Drama",2025-08-13,6.552,3.7164,TV Shows
Kazoops!,"Kids, Animation",2016-06-20,5.0,3.3632,TV Shows
Lovers Anonymous,"Drama, Comedy",2025-01-16,5.792,3.7837,TV Shows
GAMERA -Rebirth-,"Animation, Sci-Fi & Fantasy, Action & Adventure",2023-09-07,7.833,3.4998,TV Shows
The Life You Wanted,Drama,2024-05-29,6.828,3.208,TV Shows
Quarterback,Documentary,2023-07-12,7.99,3.5304,TV Shows
Hibana: Spark,Drama,2016-06-02,8.2,3.3888,TV Shows
The Stranded,"Drama, Action & Adventure, Mystery",2019-11-14,6.669,3.8609,TV Shows
"Young, Famous & African",Reality,2022-03-18,7.2,3.8823,TV Shows
Inside the World's Toughest Prisons,"Crime, Documentary",2016-04-20,7.0,3.9986,TV Shows
Their Marriage,Drama,2025-07-17,7.5,3.7051,TV Shows
Fatma,"Crime, Drama",2021-04-27,6.915,3.3843,TV Shows
Represent,Comedy,2023-01-20,6.47,3.7092,TV Shows
Rotten Legacy,Drama,2025-05-16,5.9,3.7376,TV Shows
Thermae Romae Novae,"Animation, Comedy, Sci-Fi & Fantasy",2022-03-28,6.392,3.6449,TV Shows
Pretty Smart,"Comedy, Drama",2021-10-08,6.2,3.5633,TV Shows
Hello Bachhon,Drama,2026-03-06,8.417,3.6479,TV Shows
Khakee: The Bengal Chapter,"Drama, Crime",2025-03-20,7.875,3.4688,TV Shows
Reflection of You,Drama,2021-10-13,5.2,4.0816,TV Shows
"Ready, Set, Love",Comedy,2024-02-15,7.8,3.8114,TV Shows
"Hello, Me!","Drama, Sci-Fi & Fantasy, Comedy",2021-02-17,7.4,3.8142,TV Shows
Secrets of Summer,"Kids, Drama, Family, Comedy",2022-02-16,7.5,3.525,TV Shows
VIP,"Mystery, Drama",2019-10-28,6.5,3.4466,TV Shows
The Guardians of Justice,"Animation, Sci-Fi & Fantasy, Action & Adventure, Comedy",2022-03-01,5.444,3.2622,TV Shows
Fake Marriage,"Drama, Comedy",2015-10-07,5.2,3.5956,TV Shows
Gundam: Requiem for Vengeance,"War & Politics, Sci-Fi & Fantasy",2024-10-17,7.058,3.7574,TV Shows
"Newly Rich, Newly Poor","Drama, Family, Comedy",2025-02-10,7.0,3.1288,TV Shows
Tiny Pretty Things,"Drama, Mystery",2020-12-14,7.271,3.2756,TV Shows
"Eden, Descendants of Instinct",Reality,2022-06-14,5.0,3.7876,TV Shows
Police University,"Comedy, Drama, Crime",2021-08-09,7.613,3.6032,TV Shows
Dynasty: The Murdochs,Documentary,2026-03-13,7.857,3.7811,TV Shows
Tear Along the Dotted Line,"Animation, Comedy, Drama",2021-11-17,8.404,3.4843,TV Shows
Floor Is Lava,"Reality, Family, Kids",2020-06-19,6.5,3.285,TV Shows
Night Shift for Cuties,"Comedy, Drama",2026-06-04,6.0,3.6194,TV Shows
Children of the Church Steps,Drama,2024-10-30,6.5,3.3806,TV Shows
Hache,"Drama, Crime",2019-11-01,6.4,4.3888,TV Shows
Hyperdrive,Reality,2019-08-21,7.1,3.6016,TV Shows
The Crew,Comedy,2021-02-15,6.876,3.756,TV Shows
Navarasa,Drama,2021-08-06,5.412,3.4397,TV Shows
Pending Train,"Drama, Sci-Fi & Fantasy, Mystery",2023-04-21,7.0,3.4857,TV Shows
Next in Fashion,Reality,2020-01-29,6.713,3.2722,TV Shows
Take a Hike!,Reality,2026-08-18,10.0,3.3221,TV Shows
AMERICA'S SWEETHEARTS: Dallas Cowboys Cheerleaders,Documentary,2024-06-20,8.219,3.1832,TV Shows
The Breakthrough,"Drama, Crime",2025-01-07,7.028,3.3839,TV Shows
Miss Adrenaline: A Tale of Twins,"Drama, Soap",2023-05-31,7.918,3.3389,TV Shows
Northern Rescue,Drama,2019-03-01,6.179,3.4639,TV Shows
Neo Yokio,"Animation, Action & Adventure, Sci-Fi & Fantasy, Comedy",2017-09-22,5.3,3.5466,TV Shows
Was It Love?,"Comedy, Drama",2020-07-08,6.7,3.2071,TV Shows
The Interest of Love,Drama,2022-12-21,6.106,4.1084,TV Shows
The Big Show Show,"Comedy, Kids, Family",2020-04-06,7.432,3.8085,TV Shows
Beautiful Life,Drama,2000-01-16,8.2,3.3881,TV Shows
The Family,Drama,2007-01-14,7.8,3.3606,TV Shows
The Fabulous,"Drama, Comedy",2022-12-23,7.7,3.5757,TV Shows
The Forest of Love: Deep Cut,"Crime, Drama",2020-04-30,6.607,3.3917,TV Shows
Shinjuku Field Hospital,"Drama, Comedy",2024-07-03,8.0,3.8433,TV Shows
The Five Juanas,"Drama, Mystery, Crime",2021-10-06,7.31,3.7391,TV Shows
Baby Fever,Drama,2022-06-08,5.4,3.7497,TV Shows
Perfect Woman,"Comedy, Drama",2000-10-09,7.3,3.6354,TV Shows
Camarón Revolution,"Documentary, Reality",2018-07-16,3.7,3.6077,TV Shows
Someone Has to Know,"Drama, Crime, Mystery",2026-04-15,6.767,3.2682,TV Shows
Hip Hop Evolution,Documentary,2016-09-05,7.508,3.1427,TV Shows
Sugar Rush,Reality,2018-07-13,6.827,3.2831,TV Shows
Ingress: The Animation,"Animation, Sci-Fi & Fantasy",2018-10-18,6.353,3.8785,TV Shows
Owning Manhattan,Reality,2024-06-28,6.7,3.6691,TV Shows
Alien TV,"Animation, Comedy, Family, Kids",2020-08-21,6.57,3.7186,TV Shows
King of Boys: The Return of the King,Drama,2021-08-27,8.2,3.5328,TV Shows
Woman,"Drama, Family",2013-07-03,7.5,3.3959,TV Shows
Traitors,"War & Politics, Drama",2019-02-17,6.1,3.6709,TV Shows
The Black Swindler,"Drama, Crime, Action & Adventure",2022-10-21,7.2,3.4391,TV Shows
Somos.,Drama,2021-06-30,7.49,4.6998,TV Shows
Queer Eye: Brazil,Reality,2022-08-24,5.4,3.3623,TV Shows
Bad Dinosaurs,"Comedy, Animation, Kids",2024-03-28,7.5,3.6098,TV Shows
ID-0,"Animation, Sci-Fi & Fantasy",2017-04-09,6.1,3.1017,TV Shows
Norway: The Dark Horse,Documentary,2026-06-09,5.6,3.2774,TV Shows
Love Village,Reality,2023-05-02,8.2,3.1426,TV Shows
Selling the OC,Reality,2022-08-24,6.229,4.0815,TV Shows
ONI: Thunder God's Tale,"Animation, Action & Adventure, Sci-Fi & Fantasy",2022-10-21,7.553,3.5653,TV Shows
Being Gordon Ramsay,Documentary,2026-02-18,7.75,3.5402,TV Shows
Ties of Shooting Stars,"Comedy, Family, Mystery",2008-10-17,7.6,3.4082,TV Shows
Spy Kids: Mission Critical,"Animation, Action & Adventure, Kids",2018-04-20,7.2,3.4871,TV Shows
A Model Family,"Drama, Crime",2022-08-12,6.833,3.905,TV Shows
Pasta,"Comedy, Drama",2010-01-04,8.3,3.5978,TV Shows
Chocolate,Drama,2019-11-29,7.845,3.2533,TV Shows
Dogs of Berlin,"Crime, Drama",2018-12-07,7.0,3.5108,TV Shows
Divorce Attorney Shin,Drama,2023-03-04,7.857,3.4491,TV Shows
Mandala Murders,"Crime, Drama, Mystery",2025-07-25,7.241,3.9926,TV Shows
Everyone Is Doing Great,Comedy,2021-01-13,5.692,3.3722,TV Shows
Skip Intro,Talk,2026-01-26,0.0,3.7508,TV Shows
No One Saw Us Leave,Drama,2025-10-15,7.2,3.6369,TV Shows
The War Next-door,Comedy,2021-07-07,7.2,4.0015,TV Shows
Lenox Hill,Documentary,2020-06-10,6.807,3.9576,TV Shows
Informa,"Drama, Mystery, Crime",2023-01-20,7.6,3.1318,TV Shows
Café Minamdang,"Drama, Mystery, Comedy",2022-06-27,7.625,3.4361,TV Shows
Private Banker,Drama,2025-01-09,6.7,3.6596,TV Shows
Affair,Drama,2024-08-30,8.263,3.6868,TV Shows
The Lady in Dignity,"Drama, Family",2017-06-16,6.25,3.1797,TV Shows
Twelve Forever,"Animation, Action & Adventure, Comedy, Family, Kids",2019-07-29,6.72,3.7806,TV Shows
Man to Man,"Action & Adventure, Drama",2017-04-21,7.309,4.3636,TV Shows
Thirty-Nine,Drama,2022-02-16,8.25,3.468,TV Shows
Is It Cake? Holiday,Reality,2024-11-28,7.3,2.9599,TV Shows
Fiasco,Comedy,2024-04-30,6.324,3.4079,TV Shows
Allegedly with Ellison Barber,"Crime, Talk",2026-04-29,0.0,3.2192,TV Shows
Conversations with a Killer: The Jeffrey Dahmer Tapes,"Documentary, Crime",2022-10-07,7.8,3.4243,TV Shows
Norm Macdonald Has a Show,"Talk, Comedy",2018-09-14,8.179,3.0982,TV Shows
Risqué Business: Taiwan,Reality,2023-08-29,7.0,3.8742,TV Shows
Copenhagen Cowboy,"Crime, Drama",2023-01-05,6.816,3.3969,TV Shows
"The Mind, Explained",Documentary,2019-09-12,7.5,3.3026,TV Shows
Chimp Empire,Documentary,2023-04-19,8.0,3.2366,TV Shows
Ray,Drama,2021-06-25,6.313,3.6369,TV Shows
Don't Come Home,"Mystery, Drama, Sci-Fi & Fantasy",2024-10-31,7.903,3.6432,TV Shows
The Royal Family,Drama,2025-10-12,8.7,3.5338,TV Shows
I Hate Christmas,"Comedy, Drama",2022-12-07,6.6,2.9612,TV Shows
Hometown Romance,Comedy,2026-04-03,8.5,3.5738,TV Shows
Trailer Park Boys: Out of the Park: Europe,"Action & Adventure, Comedy",2016-10-28,6.306,3.5053,TV Shows
Resurrected Rides,Reality,2024-07-24,5.0,3.3482,TV Shows
Beckham,Documentary,2023-10-04,8.028,3.2088,TV Shows
Stokes Twins,Reality,2017-01-16,4.0,3.2337,TV Shows
The Lies Within,"Mystery, Drama, Crime",2019-10-12,6.857,3.0693,TV Shows
Antihero,"Drama, Crime, Mystery",2024-04-14,7.867,3.5094,TV Shows
Kitz,"Drama, Mystery",2021-12-30,6.882,3.2866,TV Shows
Heweliusz,"Drama, Mystery",2025-11-05,7.3,3.7736,TV Shows
"The Old Dog, New Tricks?",Drama,2022-06-26,7.667,3.7954,TV Shows
New Heights,Drama,2021-09-26,6.828,3.1547,TV Shows
Love Like a Bike,"Drama, Action & Adventure",2026-03-02,7.143,3.0706,TV Shows
The Keepers,"Documentary, Mystery, Crime",2017-05-19,7.448,3.0172,TV Shows
Outlast,Reality,2023-03-10,6.524,3.0263,TV Shows
Animal,Documentary,2021-11-10,7.9,3.6052,TV Shows
Barracuda Queens,"Drama, Crime",2023-06-05,5.7,3.1546,TV Shows
SHAMAN KING FLOWERS,Animation,2024-01-10,7.828,3.6181,TV Shows
True Story,"Drama, Crime",2021-11-24,7.081,3.231,TV Shows
Calabasas Confidential,Reality,2026-05-29,0.0,3.7222,TV Shows
The Sons of Sam: A Descent into Darkness,"Documentary, Crime",2021-05-05,6.936,3.2474,TV Shows
The One,"Crime, Drama, Sci-Fi & Fantasy",2021-03-12,6.478,3.6692,TV Shows
Dearest,"Drama, Mystery",2021-10-15,7.1,3.5635,TV Shows
City of Ghosts,"Kids, Animation, Sci-Fi & Fantasy",2021-03-05,6.606,3.5508,TV Shows
Attenborough's Life in Colour,Documentary,2021-02-28,7.565,3.4475,TV Shows
Nicky Jam: El Ganador,Drama,2018-11-30,7.309,3.2077,TV Shows
Jeffrey Epstein: Filthy Rich,"Crime, Documentary",2020-05-27,7.053,3.3129,TV Shows
Down to Earth with Zac Efron,Documentary,2020-07-10,7.648,3.1373,TV Shows
A Perfect Story,Comedy,2023-07-28,7.797,3.4757,TV Shows
"Belascoaran, PI","Crime, Drama",2022-10-12,8.0,3.4839,TV Shows
The Circle Brazil,Reality,2020-03-11,6.9,3.7355,TV Shows
American Nightmare,"Crime, Documentary",2024-01-17,7.442,3.2427,TV Shows
High Water,Drama,2022-10-05,6.786,3.377,TV Shows
Freud,"Crime, Drama, Mystery",2020-03-15,7.065,3.4091,TV Shows
Against the Ropes,Drama,2023-01-25,8.6,3.2665,TV Shows
More Than Friends,Drama,2020-09-25,5.5,3.6238,TV Shows
A Nearly Normal Family,"Crime, Drama",2023-11-24,6.893,3.6032,TV Shows
Conversations with a Killer: The Charles Manson Tapes,Documentary,2026-08-12,7.182,3.3639,TV Shows
Reborn,Mystery,2026-04-14,6.7,2.9831,TV Shows
ARASHI's Diary -Voyage-,Documentary,2019-12-31,8.2,3.5675,TV Shows
The Midnight Romance in Hagwon,Drama,2024-05-11,7.1,3.973,TV Shows
Aitana: Metamorphosis,Documentary,2025-02-28,7.1,2.8805,TV Shows
Sexy Beasts,Reality,2021-07-21,5.5,3.0362,TV Shows
Ugly Delicious,Documentary,2018-02-23,6.8,3.4734,TV Shows
Like Flowers in Sand,"Drama, Comedy, Mystery",2023-12-20,7.6,3.4504,TV Shows
Go!,Drama,2025-03-21,7.5,3.3078,TV Shows
Unseen,"Crime, Drama",2023-03-29,6.696,3.8466,TV Shows
Greatest Events of World War II in Colour,"Documentary, War & Politics",2019-07-12,8.042,3.0033,TV Shows
Reality Check: Inside America's Next Top Model,"Reality, Documentary",2026-02-16,6.976,3.1534,TV Shows
The Family,Documentary,2019-08-09,6.689,3.3401,TV Shows
Sicily Express,"Comedy, Family",2025-12-05,7.023,3.3991,TV Shows
Gangnam Project,"Kids, Comedy, Drama, Family",2024-03-08,9.0,3.4873,TV Shows
Public Disorder,"Action & Adventure, Crime, Drama",2025-01-15,6.857,3.6052,TV Shows
Brand New Cherry Flavor,"Drama, Mystery, Sci-Fi & Fantasy",2021-08-13,6.978,3.0226,TV Shows
More than Blue: The Series,Drama,2021-10-22,6.947,2.9897,TV Shows
The Auditors,"Crime, Drama",2024-07-06,7.765,3.702,TV Shows
My Husband Won't Fit,Drama,2019-03-19,6.25,3.2366,TV Shows
Kisarazu Cat's Eye,Drama,2002-01-18,6.9,3.6855,TV Shows
Private Lives,"Action & Adventure, Comedy, Crime, Mystery, Drama",2020-10-07,5.625,3.7854,TV Shows
Nineteen to Twenty,Reality,2023-07-11,7.8,3.3857,TV Shows
Yankee,"Crime, Drama",2019-06-14,6.16,3.2941,TV Shows
The Bletchley Circle: San Francisco,"Crime, Drama",2018-07-25,6.854,3.1268,TV Shows
Followers,Drama,2020-02-27,6.7,3.0748,TV Shows
Love Like a K-Drama,Reality,2023-11-28,8.5,3.5185,TV Shows
Love Is Blind: Poland,Reality,2026-05-06,8.667,3.2254,TV Shows
Too Hot to Handle: Latino,Reality,2021-09-15,7.224,3.0366,TV Shows
Aunty Donna's Big Ol House of Fun,"Comedy, Sci-Fi & Fantasy",2020-11-11,7.342,3.1049,TV Shows
Trillion Game,Drama,2023-07-14,7.6,3.2456,TV Shows
Churchill at War,"Documentary, War & Politics",2024-12-04,7.563,3.2953,TV Shows
Date My Daughter!,Drama,2021-01-13,7.8,2.8492,TV Shows
Merlí. Sapere Aude,"Comedy, Drama",2019-12-05,8.246,3.0661,TV Shows
The Roshans,Documentary,2025-01-17,7.9,3.2328,TV Shows
Merry Happy Whatever,Comedy,2019-11-28,6.438,3.1333,TV Shows
Rhythm + Flow,Reality,2019-10-09,7.054,3.1597,TV Shows
Live to Lead,Documentary,2022-12-31,4.278,3.457,TV Shows
Welcome to Wedding Hell,Drama,2022-05-23,7.0,3.0638,TV Shows
Cooking Up Murder: Uncovering the Story of César Román,Documentary,2024-05-10,6.333,3.7679,TV Shows
Earthstorm,Documentary,2022-10-27,7.132,2.893,TV Shows
Elite Short Stories: Nadia Guzmán,Drama,2021-06-15,7.2,3.3777,TV Shows
Finding Ola,"Comedy, Drama",2022-02-03,7.182,3.7526,TV Shows
Hell for You,Drama,2025-01-14,7.273,3.2823,TV Shows
Little Things,"Drama, Comedy",2016-10-25,7.594,3.1357,TV Shows
Black Butterflies,"Crime, Drama",2022-09-22,6.8,3.1266,TV Shows
Dive Club,Drama,2021-05-29,7.1,3.1261,TV Shows
The Queen of Villains,Drama,2024-09-19,7.4,3.6019,TV Shows
Treehouse Detectives,"Animation, Kids",2018-06-08,7.8,3.2951,TV Shows
Hyena,"Drama, Crime",2020-02-21,7.616,3.53,TV Shows
Too Hot to Handle: Spain,Reality,2025-06-13,7.4,3.2129,TV Shows
Song of the Bandits,"Action & Adventure, Drama",2023-09-22,7.357,3.3051,TV Shows
Desi Bling,Reality,2026-05-20,7.7,3.4851,TV Shows
The Final Table,Reality,2018-11-20,6.667,2.8672,TV Shows
The Exchange,Drama,2023-02-08,7.471,3.6934,TV Shows
What's Next? The Future with Bill Gates,Documentary,2024-09-18,5.389,2.7919,TV Shows
Dr. Seuss's Horton!,"Animation, Kids",2025-10-06,5.0,3.0522,TV Shows
Rhyme Time Town,"Kids, Animation, Family",2020-06-19,7.3,2.7581,TV Shows
Jae-seok's B&B Rules!,"Reality, Comedy",2026-05-26,8.6,3.1305,TV Shows
Tribhuvan Mishra CA Topper,"Drama, Comedy, Crime",2024-07-18,7.1,3.2708,TV Shows
Elite Short Stories: Carla Samuel,Drama,2021-06-17,7.4,3.4654,TV Shows
MAKE MY DAY,"Animation, Sci-Fi & Fantasy, Drama",2023-02-02,6.2,2.8219,TV Shows
Cleaning Up,"Comedy, Crime, Drama",2022-06-04,5.9,3.3609,TV Shows
Wild Abandon,"Drama, Comedy",2022-03-30,6.619,3.277,TV Shows
Drug Lords,Documentary,2018-01-19,7.283,3.1675,TV Shows
Terror Tuesday: Extreme,"Drama, Mystery",2024-08-20,6.258,3.0868,TV Shows
Invisible,"Crime, Drama",2022-04-15,6.222,2.8322,TV Shows
A Girl and an Astronaut,"Sci-Fi & Fantasy, Drama",2023-02-17,5.644,3.1737,TV Shows
D.B. Cooper: Where Are You?!,"Documentary, Crime",2022-07-13,5.877,2.9583,TV Shows
Destiny,"Drama, Mystery",2024-04-09,5.6,3.0088,TV Shows
Delirium,Drama,2025-07-18,6.912,3.0811,TV Shows
Women of the Night,"Drama, Crime",2019-11-10,5.944,3.0959,TV Shows
Everything Now,"Comedy, Drama",2023-10-05,7.0,3.0288,TV Shows
Song Exploder,Documentary,2020-10-02,7.4,3.0709,TV Shows
Ainori Love Wagon: African Journey,Reality,2019-09-05,7.9,3.336,TV Shows
Headspace Guide to Meditation,"Documentary, Animation",2021-01-01,7.854,3.0628,TV Shows
Pop Star Academy: KATSEYE,Documentary,2024-08-21,7.736,3.5217,TV Shows
McGREGOR FOREVER,Documentary,2023-05-17,7.465,3.1357,TV Shows
Turning Point: The Vietnam War,"Documentary, War & Politics",2025-04-30,7.192,2.7941,TV Shows
Framed! A Sicilian Murder Mystery,Comedy,2022-01-01,7.0,2.8483,TV Shows
Man of Virtue,"Action & Adventure, Drama",2026-07-31,0.0,3.533,TV Shows
The Get Down,Drama,2016-08-12,7.337,3.1,TV Shows
Do Do Sol Sol La La Sol,"Comedy, Drama",2020-10-07,6.707,3.2745,TV Shows
COMEDIANS of the world,Comedy,2019-01-01,5.6,2.865,TV Shows
Riding a Unicorn,Drama,2022-07-05,6.6,2.3854,TV Shows
The Trial,"Crime, Drama",2019-11-29,6.974,3.1946,TV Shows
Persona,Drama,2019-04-11,6.596,3.1452,TV Shows
Playing Gracie Darling,"Drama, Mystery",2025-08-14,6.2,3.6663,TV Shows
Don't F**k with Cats: Hunting an Internet Killer,"Crime, Documentary",2019-12-18,7.592,3.3966,TV Shows
Wrestlers,Documentary,2023-09-13,7.1,3.0573,TV Shows
Frankenstein's Love,"Drama, Sci-Fi & Fantasy",2017-04-23,7.0,2.8101,TV Shows
Goedam,"Mystery, Drama",2020-08-20,6.9,3.3103,TV Shows
A-List to Playlist,Reality,2024-08-30,9.3,3.1915,TV Shows
Erin & Aaron,"Comedy, Family, Drama",2023-04-20,7.188,2.8382,TV Shows
Black Warrant,"Drama, Crime",2025-01-10,7.743,3.4378,TV Shows
The Last Czars,"Drama, War & Politics",2019-07-03,7.3,2.9423,TV Shows
The Standups,Comedy,2017-07-04,5.867,2.8761,TV Shows
Till Death,Drama,2021-04-13,6.375,3.488,TV Shows
Nowhere Man,"Crime, Action & Adventure",2019-10-31,5.7,3.3423,TV Shows
Love Deeply!,"Comedy, Drama",2021-04-14,6.8,3.2344,TV Shows
Not Quite Narwhal,"Kids, Animation",2023-06-19,6.7,2.8068,TV Shows
I Am Married...But!,"Comedy, Drama, Family",2025-02-14,7.5,3.0691,TV Shows
Trainwreck: Storm Area 51,Documentary,2025-07-29,6.105,3.2006,TV Shows
Kiss Me First,"Drama, Mystery, Sci-Fi & Fantasy",2018-04-02,6.438,2.9708,TV Shows
The Patients of Dr. García,Drama,2023-04-19,6.7,3.0366,TV Shows
Prince of Peoria,"Comedy, Kids",2018-11-16,5.4,3.1404,TV Shows
The Unlisted,"Family, Sci-Fi & Fantasy",2019-09-15,7.6,3.0694,TV Shows
Meekah,,2022-12-31,6.3,2.9601,TV Shows
Always a Witch,"Sci-Fi & Fantasy, Drama",2019-02-01,7.1,2.9259,TV Shows
Doubt,"Drama, Crime, Mystery",2024-10-11,8.095,3.368,TV Shows
Samantha!,Comedy,2018-07-06,6.2,2.8841,TV Shows
Transformers: War for Cybertron: Earthrise,"Animation, Action & Adventure, Sci-Fi & Fantasy",2020-12-30,7.79,3.2997,TV Shows
The Perfect Match,"Comedy, Drama",2017-03-03,6.7,3.2673,TV Shows
The Lost Pirate Kingdom,Documentary,2021-03-15,7.241,3.1189,TV Shows
Run for the Money,"Reality, Action & Adventure",2022-11-15,6.286,3.1798,TV Shows
Triad Princess,"Comedy, Drama",2019-12-06,6.6,2.9525,TV Shows
Hitler and the Nazis: Evil on Trial,Documentary,2024-06-05,7.486,3.1735,TV Shows
UNDER NINJA,"Animation, Drama, Comedy, Action & Adventure",2023-10-06,7.0,2.9862,TV Shows
Nothing Uncovered,"Crime, Mystery, Drama",2024-03-18,7.1,2.9712,TV Shows
Dig Deeper: The Disappearance of Birgit Meier,"Documentary, Crime",2021-11-26,7.15,3.2863,TV Shows
Blood Sisters,"Crime, Drama",2022-05-05,8.11,3.0754,TV Shows
A Suitable Boy,Drama,2020-07-26,5.955,3.0957,TV Shows
Get Even,"Drama, Crime, Mystery",2020-02-14,7.671,2.9956,TV Shows
History of Swear Words,"Documentary, Comedy",2021-01-05,6.469,3.4128,TV Shows
The School Nurse Files,"Sci-Fi & Fantasy, Drama",2020-09-25,7.28,3.0596,TV Shows
The Light in Your Eyes,"Drama, Comedy",2019-02-11,7.6,3.4377,TV Shows
Paranormal,"Drama, Mystery, Sci-Fi & Fantasy",2020-11-05,7.054,3.5205,TV Shows
Real Men,Comedy,2025-05-21,6.489,3.2011,TV Shows
Intimacy,"Drama, Mystery",2022-06-10,6.7,2.96,TV Shows
The Seven Deadly Sins,"Animation, Action & Adventure, Sci-Fi & Fantasy",2014-10-05,8.411,3.2392,TV Shows
Barbie Dreamhouse Adventures: Go Team Roberts,"Animation, Family, Kids, Comedy",2019-11-01,8.3,2.8229,TV Shows
Room 2806: The Accusation,Documentary,2020-12-07,6.839,3.0851,TV Shows
Jimmy: The True Story of a True Idiot,"Comedy, Drama",2018-07-20,5.3,3.3795,TV Shows
Cinderella Closet,Drama,2025-07-02,7.6,3.208,TV Shows
Yeh Kaali Kaali Ankhein,"Crime, Drama, Mystery",2022-01-14,6.7,3.4049,TV Shows
Born for the Spotlight,Drama,2024-11-07,8.1,3.1436,TV Shows
Fakes,"Crime, Comedy",2022-09-02,6.9,3.6377,TV Shows
Getaway and Go with Jangdobari,"Reality, Comedy",2025-06-28,9.0,3.0395,TV Shows
Killer Sally,"Documentary, Crime",2022-11-02,6.704,3.4054,TV Shows
Someone Has to Die,Drama,2020-10-16,7.004,2.9628,TV Shows
A Perfect Crime,Documentary,2020-09-25,7.011,2.8417,TV Shows
The Playlist,Drama,2022-10-13,7.206,3.0292,TV Shows
Neon,Comedy,2023-10-19,6.5,2.9129,TV Shows
Snakes and Ladders,"Comedy, Drama",2025-05-14,7.5,2.7232,TV Shows
Jewish Matchmaking,Reality,2023-05-03,5.25,3.4213,TV Shows
Time Flies,"Drama, Comedy, Crime",2026-01-01,8.4,2.3688,TV Shows
Bill Russell: Legend,Documentary,2023-02-08,7.204,2.7608,TV Shows
The Toys That Made Us,Documentary,2017-12-22,7.525,2.884,TV Shows
Wild Wild Country,"Documentary, Crime",2018-03-16,7.706,2.9219,TV Shows
So Not Worth It,"Drama, Comedy",2021-06-18,7.701,3.0465,TV Shows
Criminal: Spain,"Crime, Drama",2019-09-20,6.595,2.8971,TV Shows
The Ghost Bride,"Mystery, Drama, Sci-Fi & Fantasy",2020-01-23,6.404,2.9018,TV Shows
Bet Your Life,"Comedy, Sci-Fi & Fantasy",2025-03-20,5.3,3.2093,TV Shows
Haters Back Off,Comedy,2016-10-14,6.173,3.1437,TV Shows
Mighty Express,"Kids, Animation",2020-09-22,7.2,2.9781,TV Shows
Once Upon a Time... Happily Never After,Sci-Fi & Fantasy,2022-03-11,6.6,2.7483,TV Shows
Whale Store xoxo,"Comedy, Drama",2025-06-25,8.476,3.2153,TV Shows
Hitler's Circle of Evil,"Documentary, War & Politics",2018-01-30,7.162,3.0156,TV Shows
"Pepsi, Where's My Jet?",Documentary,2022-11-17,6.824,3.0671,TV Shows
Rilakkuma and Kaoru,"Animation, Comedy, Drama, Kids",2019-04-19,7.4,3.049,TV Shows
Khakee: The Bihar Chapter,"Crime, Drama",2022-11-25,7.826,2.6097,TV Shows
Yoh! Christmas,"Drama, Comedy",2023-12-15,6.1,2.8605,TV Shows
Aniela,"Comedy, Drama",2025-06-11,6.1,3.0627,TV Shows
"Coronavirus, Explained",Documentary,2020-04-26,7.009,2.7979,TV Shows
Age of Samurai: Battle for Japan,"Documentary, War & Politics",2021-02-24,7.107,3.2257,TV Shows
How to Win the Lottery,"Drama, Comedy",2025-11-14,7.8,2.8982,TV Shows
GG Precinct,"Comedy, Mystery, Crime",2024-08-22,7.2,2.6449,TV Shows
Phantom Pups,Family,2022-09-30,7.97,2.9737,TV Shows
Dance & Sing with True,"Animation, Kids",2018-12-08,6.0,2.9808,TV Shows
In Love All Over Again,Drama,2023-02-14,6.083,3.1862,TV Shows
The Adam Ray Show,"Talk, Comedy",2026-06-19,0.0,2.847,TV Shows
He's Expecting,"Drama, Comedy",2022-04-21,4.0,3.3993,TV Shows
Flower Shop Without Rose,"Drama, Family",2008-01-14,7.0,2.9481,TV Shows
Replacing Chef Chico,Drama,2023-11-24,7.0,2.8167,TV Shows
A Clean Sweep,Reality,2022-06-06,5.0,3.223,TV Shows
Mighty Morphin' Power Rangers Re-Ignition,"Family, Action & Adventure",2023-10-01,0.0,2.9433,TV Shows
The Science Club,Drama,2024-10-08,9.0,2.4304,TV Shows
Crashing Eid,Comedy,2023-11-15,7.0,3.1581,TV Shows
YOLANTHE,Reality,2025-06-18,6.0,4.3582,TV Shows
Golden Boy,Comedy,2019-07-16,7.6,2.9464,TV Shows
Carizzma,Comedy,2026-05-20,8.545,2.6542,TV Shows
A Queen Is Born,Reality,2020-11-11,6.8,3.2654,TV Shows
"Juan Gabriel: I Must, I Can, I Will",Documentary,2025-10-30,8.564,3.1149,TV Shows
Predators,Documentary,2022-12-11,8.242,2.9161,TV Shows
Elite Short Stories: Guzmán Caye Rebe,"Drama, Crime",2021-06-14,7.9,3.2205,TV Shows
Rotten,"Documentary, Crime",2018-01-05,7.22,2.7533,TV Shows
Tribes of Europa,"Sci-Fi & Fantasy, Drama",2021-02-19,6.935,3.2333,TV Shows
1992,"Drama, Mystery",2024-12-13,6.451,2.8917,TV Shows
Pact of Silence,"Drama, Mystery",2023-10-11,7.395,2.5579,TV Shows
Comedy Revenge,"Reality, Comedy",2024-10-15,8.0,3.3189,TV Shows
"Sex, Love & Goop","Reality, Talk, Documentary",2021-10-21,6.657,2.5292,TV Shows
Un bandido honrado,"Comedy, Drama, Family, Crime",2019-06-10,7.2,2.7332,TV Shows
Untold: The Girlfriend Who Didn't Exist,Documentary,2022-08-16,7.47,2.6364,TV Shows
The Day I Met El Chapo: The Kate del Castillo Story,Documentary,2017-10-20,5.76,3.3379,TV Shows
The Fix,"Talk, Comedy",2018-12-14,6.37,2.679,TV Shows
Die Lotto-Show,Reality,1998-08-29,5.0,2.8887,TV Shows
Samurai Gourmet,Comedy,2017-03-17,7.7,3.1704,TV Shows
Pretend It's a City,"Documentary, Comedy",2021-01-08,7.4,3.6725,TV Shows
F1: The Academy,Documentary,2025-05-28,6.5,2.8802,TV Shows
God's Favorite Idiot,Comedy,2022-06-15,6.18,2.8312,TV Shows
Forget You Not,"Comedy, Drama",2025-05-23,9.0,3.1961,TV Shows
The Andy Warhol Diaries,Documentary,2022-03-09,6.7,2.9628,TV Shows
Action Pack,"Animation, Family, Kids, Action & Adventure",2022-01-04,7.6,2.8156,TV Shows
Love After Music,Drama,2023-04-26,7.986,2.8895,TV Shows
Receiver,Documentary,2024-07-10,7.583,2.6576,TV Shows
Green Frontier,"Crime, Mystery, Drama, Sci-Fi & Fantasy",2019-08-16,6.688,2.9627,TV Shows
Social Distance,Drama,2020-10-15,6.238,2.7204,TV Shows
MaveriX,"Action & Adventure, Comedy, Family",2022-04-01,7.1,3.1213,TV Shows
Catalog,"Drama, Comedy",2025-07-17,6.6,2.8941,TV Shows
Sneakerheads,Comedy,2020-09-25,7.284,3.083,TV Shows
Dogs,Documentary,2018-11-16,7.4,2.8239,TV Shows
Bad Surgeon: Love Under the Knife,"Crime, Documentary",2023-11-29,7.523,2.8529,TV Shows
Immigration Nation,Documentary,2020-08-03,6.862,2.364,TV Shows
"Whose Vote Counts, Explained",Documentary,2020-09-28,6.676,2.5035,TV Shows
Marked,"Crime, Drama",2025-07-31,6.825,3.0059,TV Shows
Hype House,Reality,2022-01-07,4.5,3.1233,TV Shows
Elite Short Stories: Samuel Omar,"Mystery, Comedy",2021-12-20,6.5,2.979,TV Shows
Everything Calls for Salvation,Drama,2022-10-14,7.442,2.8126,TV Shows
Abstract: The Art of Design,Documentary,2017-02-10,7.843,3.0173,TV Shows
This Love Doesn't Have Long Beans,Drama,2024-07-05,7.7,2.921,TV Shows
Barbie: A Touch of Magic,"Animation, Sci-Fi & Fantasy, Kids, Comedy, Family",2023-07-27,6.4,3.2729,TV Shows
How to Become a Mob Boss,Documentary,2023-11-14,7.422,2.7618,TV Shows
Made with Love,"Drama, Comedy",2026-04-15,8.1,3.179,TV Shows
Super Rich in Korea,Reality,2024-05-07,4.8,2.4767,TV Shows
Jodoh Wasiat Bapak Reborn,,2026-08-31,0.0,3.2775,TV Shows
Tokyo Tarareba Girls,Drama,2017-01-18,7.9,3.0072,TV Shows
Alkhallat+: The Series,Comedy,2026-04-02,8.5,2.8029,TV Shows
American Murder: Gabby Petito,"Documentary, Crime",2025-02-17,7.188,2.6915,TV Shows
Tuiskoms,Drama,2025-02-28,6.0,2.7999,TV Shows
The Chosen One,Drama,2019-06-28,6.8,2.7712,TV Shows
Love Is Blind: Germany,Reality,2025-01-03,5.5,3.076,TV Shows
Dog Man,Drama,2026-06-20,8.0,2.8108,TV Shows
Clark,"Crime, Drama",2022-05-05,6.9,2.6882,TV Shows
Barbie: It Takes Two,"Family, Kids, Animation, Comedy",2022-04-08,7.9,2.7721,TV Shows
Ponysitters Club,"Kids, Family",2018-08-10,7.3,2.6223,TV Shows
Kaala Paani,Drama,2023-10-18,7.265,2.9852,TV Shows
No Side Game,Drama,2019-07-07,7.1,3.4758,TV Shows
Infamy,Drama,2023-09-06,6.889,2.7181,TV Shows
Critical: Between Life and Death,Documentary,2025-07-23,6.909,2.752,TV Shows
Too Hot to Handle: Germany,Reality,2023-02-28,6.482,2.6694,TV Shows
The Principles of Pleasure,Documentary,2022-03-22,6.4,2.5298,TV Shows
Detention,"Drama, Mystery",2020-12-05,7.5,3.0969,TV Shows
Delete,"Mystery, Drama",2023-06-26,7.173,3.3554,TV Shows
Heirs to the Land,Drama,2022-04-15,6.8,2.9692,TV Shows
Leila,"War & Politics, Sci-Fi & Fantasy, Drama",2019-06-14,6.426,2.9363,TV Shows
Cigarette Girl,Drama,2023-11-02,8.067,2.9956,TV Shows
Invisible Us,"Crime, Drama",2024-09-16,6.5,3.1636,TV Shows
Maradona in Mexico,Documentary,2019-11-13,6.575,3.2057,TV Shows
Love Is Blind: Argentina,Reality,2024-11-06,6.9,2.6783,TV Shows
Mortel,"Sci-Fi & Fantasy, Crime, Drama",2019-11-21,7.3,2.6349,TV Shows
Too Hot to Handle: Italy,Reality,2025-07-18,7.208,2.8503,TV Shows
Orange Days,Drama,2004-04-11,7.923,2.5447,TV Shows
Tiny Creatures,Documentary,2020-08-07,6.8,2.7971,TV Shows
Rikuoh,Drama,2017-10-15,7.583,3.0343,TV Shows
Mark Rober's CrunchLabs,"Family, Documentary",2025-11-19,8.25,2.8621,TV Shows
Age of Attraction,Reality,2026-03-11,6.313,2.912,TV Shows
My Love: Six Stories of True Love,"Documentary, Reality",2021-04-13,4.5,3.0333,TV Shows
Smiley,Comedy,2022-12-07,8.166,2.9061,TV Shows
Chastity High,Drama,2024-08-29,7.514,2.9175,TV Shows
Mystery Lab,"Documentary, Comedy, Family",2020-08-04,7.1,2.58,TV Shows
Gangs of Oslo,"Crime, Drama",2023-01-19,7.0,2.6407,TV Shows
We Are the Wave,Drama,2019-11-01,6.023,2.7783,TV Shows
Yakamoz S-245,"Sci-Fi & Fantasy, Drama",2022-04-20,6.688,2.9307,TV Shows
My Golden Life,"Drama, Family",2017-09-02,6.13,2.8582,TV Shows
The Prosecutor,"Documentary, Crime",2026-03-26,9.0,3.1332,TV Shows
Hell Teacher Nube,"Action & Adventure, Sci-Fi & Fantasy, Comedy",2014-10-11,8.2,2.6481,TV Shows
Dance Monsters,Reality,2022-12-16,5.5,2.754,TV Shows
School Tales the Series,Mystery,2022-08-10,7.353,2.9619,TV Shows
The Devil Next Door,"Documentary, Crime",2019-11-04,7.159,2.7312,TV Shows
Six Nations: Full Contact,"Documentary, Reality",2024-01-24,7.208,2.9291,TV Shows
Switched,"Drama, Sci-Fi & Fantasy",2018-08-01,7.429,2.9464,TV Shows
Siempre Reinas,Reality,2022-10-02,6.8,2.6172,TV Shows
Luna Petunia,"Kids, Animation",2016-12-09,6.5,3.0434,TV Shows
Life,Drama,2018-07-23,7.1,2.7792,TV Shows
Talentless TAKANO,"Drama, Comedy",2024-10-11,7.0,2.6459,TV Shows
Devil's Diner,Mystery,2025-01-26,8.0,2.8414,TV Shows
Ultramarine Magmell,"Animation, Action & Adventure",2019-04-07,6.886,2.7902,TV Shows
Wormwood,"Documentary, Crime, Drama",2017-12-15,6.061,2.4349,TV Shows
Love Is a Poison,"Drama, Mystery",2024-09-10,8.444,2.687,TV Shows
Last Chance U,Documentary,2016-07-29,7.22,2.7893,TV Shows
On Children,"Drama, Sci-Fi & Fantasy",2018-07-07,7.6,2.7492,TV Shows
Captains of the World,Documentary,2023-12-30,8.423,3.1992,TV Shows
If Only,"Sci-Fi & Fantasy, Drama, Comedy",2022-10-28,6.813,2.6464,TV Shows
Toon,"Comedy, Drama",2016-04-22,7.25,2.4751,TV Shows
Edha,Drama,2018-03-16,6.227,2.3423,TV Shows
Into the Fire: The Lost Daughter,"Mystery, Crime, Documentary",2024-09-12,7.746,2.5939,TV Shows
Ares,Mystery,2020-01-17,6.384,3.0363,TV Shows
Tatsuki: Too Kind for School,Drama,2026-04-11,8.5,2.7643,TV Shows
Our Living World,Documentary,2024-04-17,8.06,2.6978,TV Shows
A Taiwanese Tale of Two Cities,Drama,2018-09-01,7.4,2.9713,TV Shows
Man on Pause,"Family, Comedy, Drama",2022-10-07,6.5,2.7555,TV Shows
World War II: From the Frontlines,"Documentary, War & Politics",2023-12-07,7.981,2.9072,TV Shows
Closet Battle,Reality,2025-08-04,10.0,2.6122,TV Shows
Tomorrow and I,"Drama, Sci-Fi & Fantasy",2024-12-04,6.7,3.0859,TV Shows
Our Oceans,Documentary,2024-11-20,7.5,2.6751,TV Shows
Encounters,Documentary,2023-09-27,6.824,2.7765,TV Shows
Wanderlust,"Drama, Comedy",2018-09-04,6.074,2.4064,TV Shows
Prison Princesses,"Drama, Comedy",2017-10-17,6.4,2.6369,TV Shows
Spectros,Sci-Fi & Fantasy,2020-02-20,6.184,3.3527,TV Shows
The Ultimatum: Queer Love,Reality,2023-05-24,5.0,2.8586,TV Shows
Chambers,"Mystery, Drama",2019-04-26,6.596,2.3621,TV Shows
Paranoid,"Mystery, Crime",2016-09-22,6.328,2.8017,TV Shows
Making Fun,"Reality, Family",2022-03-04,6.2,2.7992,TV Shows
The 43,"Documentary, War & Politics",2019-02-15,6.741,3.2579,TV Shows
Eye Love You,"Drama, Sci-Fi & Fantasy, Comedy",2024-01-23,7.3,2.5417,TV Shows
Superwog,Comedy,2018-10-09,5.9,3.0526,TV Shows
Reality Z,Sci-Fi & Fantasy,2020-06-10,6.562,2.6184,TV Shows
Girls from Ipanema,Drama,2019-03-22,6.7,2.6859,TV Shows
Zero,Sci-Fi & Fantasy,2021-04-21,7.182,2.6267,TV Shows
The Trust,Reality,2024-01-10,6.229,2.6802,TV Shows
Santo,"Crime, Drama",2022-09-16,5.6,2.8596,TV Shows
Dad Stop Embarrassing Me!,Comedy,2021-04-14,6.4,2.6568,TV Shows
Wyatt Earp and the Cowboy War,Drama,2024-08-21,7.1,2.4094,TV Shows
The Endless Night,Drama,2023-01-25,7.563,2.652,TV Shows
Yanxi Palace: Princess Adventures,Drama,2019-12-31,7.9,2.9165,TV Shows
Fugitiva,"Drama, Crime",2018-04-05,6.174,2.7561,TV Shows
The Wind Blows,Drama,2019-05-27,6.2,2.6162,TV Shows
LEGO Elves: Secrets of Elvendale,"Animation, Kids, Sci-Fi & Fantasy, Family",2017-09-01,7.4,2.7003,TV Shows
Two Graves,"Mystery, Crime, Drama",2025-08-29,6.547,2.8519,TV Shows
Super PupZ,"Comedy, Family, Kids",2022-03-31,8.5,2.7653,TV Shows
H2O: Mermaid Adventures,"Animation, Family, Kids, Comedy",2015-06-01,7.0,2.6179,TV Shows
Netflix Presents: The Characters,Comedy,2016-03-11,4.957,2.644,TV Shows
Curon,"Drama, Mystery, Sci-Fi & Fantasy",2020-06-10,6.572,2.5493,TV Shows
Coach Snoop,Documentary,2016-05-19,5.857,3.2395,TV Shows
The Black Swindler,"Drama, Crime",2006-04-14,7.5,2.7003,TV Shows
Cold Case: Who Killed JonBenét Ramsey,"Documentary, Mystery, Crime",2024-11-25,7.278,2.7371,TV Shows
Dance Brothers,Drama,2023-05-10,6.3,2.7317,TV Shows
Dancing for the Devil: The 7M TikTok Cult,Documentary,2024-05-29,6.637,2.778,TV Shows
Evil Genius,"Documentary, Crime, Mystery",2018-05-11,7.291,2.7795,TV Shows
This World Can't Tear Me Down,"Animation, Comedy, Drama",2023-06-09,8.088,2.8927,TV Shows
Ratu Ratu Queens: The Series,"Drama, Comedy",2025-09-12,8.071,2.8956,TV Shows
The Letter for the King,"Action & Adventure, Sci-Fi & Fantasy, Family",2020-03-20,6.742,2.9785,TV Shows
The English Game,Drama,2020-03-20,7.385,2.5497,TV Shows
Who Were We Running From?,"Crime, Mystery, Drama",2023-03-24,6.683,2.9633,TV Shows
Buddi,"Kids, Animation",2020-03-20,6.0,2.6253,TV Shows
Pop the Balloon LIVE,Reality,2025-04-10,10.0,2.6141,TV Shows
Hataraki Man,Drama,2007-10-10,6.2,2.6941,TV Shows
Alien Worlds,Documentary,2020-12-02,6.852,3.3236,TV Shows
Glitter,Drama,2022-12-14,4.909,2.636,TV Shows
Extreme Engagement,"Documentary, Reality",2019-07-12,6.0,2.8645,TV Shows
Paava Kadhaigal,Drama,2020-12-18,7.646,2.9792,TV Shows
"Love Is Blind, Habibi",Reality,2024-10-10,5.269,3.1933,TV Shows
Off the Hook,Comedy,2022-09-01,6.443,2.7584,TV Shows
The Innocent Man,"Documentary, Crime",2018-12-14,6.891,2.4544,TV Shows
Dated and Related,Reality,2022-09-02,6.0,2.3626,TV Shows
A Kidnapping Scandal: The Florence Cassez Affair,"Documentary, Crime",2022-08-25,7.333,2.4411,TV Shows
Tidying Up with Marie Kondo,Reality,2019-01-01,6.596,2.5113,TV Shows
Love Deadline,Reality,2024-01-23,7.6,2.4849,TV Shows
This is Not a Business Expense!,"Comedy, Drama",2019-07-26,8.0,2.6907,TV Shows
The Last Bus,"Sci-Fi & Fantasy, Family",2022-04-01,6.482,2.7711,TV Shows
Echoes of the Past,"Mystery, Crime, Drama",2024-12-06,6.944,2.7751,TV Shows
Conversations with a Killer: The John Wayne Gacy Tapes,Documentary,2022-04-20,7.4,2.4797,TV Shows
Revelations: The Masters of the Universe: Revelation Aftershow,Talk,2021-07-23,3.917,2.251,TV Shows
Suburræterna,"Crime, Drama",2023-11-14,6.62,2.5835,TV Shows
Feedback,"Drama, Mystery",2023-11-15,6.759,2.9037,TV Shows
Gone for Good,"Crime, Drama, Mystery",2021-08-13,5.699,2.815,TV Shows
Transformers: War for Cybertron: Kingdom,"Animation, Action & Adventure, Sci-Fi & Fantasy",2021-07-29,7.736,2.9919,TV Shows
The Society,"Drama, Reality",2025-07-21,0.0,2.187,TV Shows
Project UFO,"Comedy, Drama, Sci-Fi & Fantasy",2025-04-16,6.586,2.5432,TV Shows
Class,Drama,2023-02-03,6.419,2.6123,TV Shows
Reign Supreme,Drama,2022-10-20,7.28,2.7905,TV Shows
The Last Word,"Comedy, Drama",2020-09-17,6.2,2.3799,TV Shows
Bard of Blood,"Action & Adventure, Drama",2019-09-27,7.1,2.6763,TV Shows
Raël: The Alien Prophet,Documentary,2024-02-07,6.197,2.6016,TV Shows
Cannon Busters,"Animation, Sci-Fi & Fantasy, Action & Adventure",2019-08-14,5.929,2.6197,TV Shows
Guardian: The Lonely and Great God 10th Anniversary,Reality,2026-07-04,6.9,2.6503,TV Shows
Remember You,"Drama, Action & Adventure, Crime",2021-08-16,5.9,2.931,TV Shows
Reporting for Duty,Comedy,2023-09-06,7.7,2.6851,TV Shows
Island of the Sea Wolves,Documentary,2022-10-11,8.424,2.5415,TV Shows
One More Time,"Drama, Sci-Fi & Fantasy",2016-10-26,6.944,2.8582,TV Shows
Depp V Heard,"Reality, Documentary",2023-05-21,5.952,2.6847,TV Shows
Guns & Gulaabs,"Comedy, Drama",2023-08-18,7.4,2.62,TV Shows
Okura: Cold Case Investigation,"Drama, Mystery, Crime",2024-10-08,6.0,2.6364,TV Shows
"I Didn't Love You Because I Was a Family, But I Loved You as a Family","Drama, Comedy",2023-05-14,7.8,2.9113,TV Shows
Sneaky Links: Dating After Dark,Reality,2025-05-21,7.0,2.8993,TV Shows
Absurd Planet,Documentary,2020-04-22,5.033,2.3929,TV Shows
The Lørenskog Disappearance,"Crime, Drama",2022-09-14,5.211,3.0785,TV Shows
American Manhunt: O.J. Simpson,"Documentary, Crime",2025-01-29,7.24,2.8596,TV Shows
At Home with the Furys,"Reality, Family, Documentary",2023-08-16,8.094,2.6196,TV Shows
How to Become a Cult Leader,"Documentary, Crime",2023-07-28,6.849,2.368,TV Shows
Glamorous,"Drama, Comedy",2023-06-22,5.772,2.6642,TV Shows
Surviving Black Hawk Down,"Documentary, War & Politics",2025-02-10,7.4,3.093,TV Shows
Best.Worst.Weekend.Ever.,Comedy,2018-10-19,6.733,2.4585,TV Shows
Night on Earth,Documentary,2020-01-29,7.4,2.5462,TV Shows
Dating Game,"Drama, Comedy",2025-07-14,6.2,2.8143,TV Shows
Files of the Unexplained,"Documentary, Crime, Mystery",2024-04-03,6.605,2.6453,TV Shows
Love Me to Death,"Crime, Family",2025-03-27,5.0,2.2528,TV Shows
Asaf,"Drama, Crime",2024-11-28,5.84,2.8169,TV Shows
Heist,"Documentary, Crime",2021-07-14,6.798,2.7799,TV Shows
In the Name of God: A Holy Betrayal,"Documentary, Crime",2023-03-03,7.7,2.6495,TV Shows
Notre-Dame,Drama,2022-10-19,5.764,2.683,TV Shows
We're Back! With Brian Williams,Talk,2026-06-18,0.0,2.312,TV Shows
Betaal,"Action & Adventure, Drama",2020-05-24,6.5,2.5537,TV Shows
Ainori Love Wagon: Asian Journey,Reality,2017-10-26,7.5,2.7097,TV Shows
A Nation of Kimchi,Documentary,2023-09-10,10.0,3.0017,TV Shows
42 Days of Darkness,"Drama, Mystery",2022-05-11,6.464,2.2257,TV Shows
Surviving Paradise,Reality,2023-10-20,5.9,2.8276,TV Shows
Adventures of the Super Monkey -Journey to the West-,"Drama, Comedy",2006-01-09,6.2,2.9018,TV Shows
Kulipari: An Army of Frogs,"Action & Adventure, Animation",2016-09-02,6.3,2.0843,TV Shows
Making a Murderer,"Documentary, Crime",2015-12-18,7.845,2.4105,TV Shows
Be Nice to People,Drama,2002-01-07,6.3,2.7889,TV Shows
Superstar,"Drama, Comedy",2025-07-18,6.063,2.4749,TV Shows
Choona,"Comedy, Crime, Drama",2023-09-29,7.0,2.7627,TV Shows
Trial by Media,"Documentary, Crime",2020-05-11,7.163,2.0358,TV Shows
Escaping Twin Flames,Documentary,2023-11-08,6.324,2.7263,TV Shows
Crime Scene: The Texas Killing Fields,"Documentary, Crime",2022-11-29,6.489,2.549,TV Shows
Till Murder Do Us Part: Soering vs. Haysom,Documentary,2023-11-01,6.833,2.5246,TV Shows
Flint Town,"Documentary, Crime, Action & Adventure",2018-03-02,7.0,2.2973,TV Shows
An Astrological Guide for Broken Hearts,Comedy,2021-10-27,6.4,2.4268,TV Shows
"Blood, Sex & Royalty",Drama,2022-11-23,7.045,2.5932,TV Shows
Madoff: The Monster of Wall Street,"Documentary, Crime",2023-01-04,7.076,2.247,TV Shows
My Perfect Landing,Family,2020-01-08,7.725,2.4045,TV Shows
Takki,Drama,2012-09-20,7.4,2.8828,TV Shows
Blue Ribbon Baking Championship,Reality,2024-08-09,7.5,2.0991,TV Shows
Whispers,"Mystery, Drama",2020-06-11,7.1,2.9829,TV Shows
The Duchess,"Comedy, Drama",2020-09-11,6.478,2.7044,TV Shows
The Minions of Midas,"Mystery, Drama, Crime",2020-11-13,6.772,2.6086,TV Shows
Diary of a Ditched Girl,Comedy,2025-09-11,6.0,2.5787,TV Shows
I'm the Most Beautiful Count,"Comedy, Drama",2025-08-01,8.5,2.8688,TV Shows
GHOUL,"Mystery, Sci-Fi & Fantasy, Drama",2018-08-24,6.8,2.6131,TV Shows
Trainwreck: Woodstock '99,Documentary,2022-08-03,7.28,3.0964,TV Shows
Typewriter,"Drama, Mystery",2019-07-19,6.2,3.4241,TV Shows
Samuel,"Animation, Comedy, Drama",2024-03-11,9.3,2.2698,TV Shows
Kitti Katz,"Animation, Action & Adventure",2023-05-18,7.8,2.4752,TV Shows
Top Secret UFO Projects Declassified,Documentary,2021-01-19,7.265,2.7368,TV Shows
The Journalist,"Drama, Crime",2022-01-13,7.466,2.8501,TV Shows
The Romantics,Documentary,2023-02-14,6.375,2.4853,TV Shows
Unlocked: A Jail Experiment,Reality,2024-04-10,6.771,2.6599,TV Shows
Mermaze Mermaidz,"Animation, Drama, Comedy",2022-05-08,6.5,2.5576,TV Shows
The Golden Egg,Drama,2025-10-08,6.7,2.7473,TV Shows
Kissing Game,"Drama, Mystery",2020-07-17,6.973,2.118,TV Shows
My Runway,"Comedy, Drama",2016-12-30,7.337,2.541,TV Shows
A Life: A Love,Drama,2017-01-15,7.0,2.6939,TV Shows
The Longest Night,Crime,2022-07-08,6.833,2.4921,TV Shows
Saare Jahan Se Accha: The Silent Guardians,Drama,2025-08-13,6.0,2.3703,TV Shows
Story of My Family!!!,"Comedy, Drama",2021-01-22,7.9,2.7738,TV Shows
A Thousand Goodnights,"Family, Drama",2019-03-29,4.7,2.5798,TV Shows
Rivers of Fate,"Action & Adventure, Drama, Crime",2025-08-20,6.603,2.5651,TV Shows
Beecham House,Drama,2019-06-23,7.0,2.5009,TV Shows
Welcome to the Family,"Comedy, Drama",2025-03-12,6.909,2.7357,TV Shows
Ai's Kitchen,Reality,2024-10-05,7.0,2.5902,TV Shows
Connected,Documentary,2020-08-02,6.419,2.7381,TV Shows
Night Stalker: The Hunt for a Serial Killer,"Documentary, Crime, Mystery",2021-01-13,7.467,2.5575,TV Shows
Ripe for the Picking,Drama,2024-01-23,7.6,2.4575,TV Shows
Why Didn't I Tell You a Million Times?,"Drama, Mystery, Sci-Fi & Fantasy",2023-01-13,6.9,3.1395,TV Shows
Aranyak,"Crime, Drama, Mystery",2021-12-10,7.048,2.8919,TV Shows
Dollar,"Drama, Action & Adventure",2019-08-08,5.8,2.4722,TV Shows
The Comedy Lineup,Comedy,2018-07-03,5.278,2.2491,TV Shows
Unnatural Selection,Documentary,2019-10-18,7.218,2.3047,TV Shows
King of Stonks,"Drama, Comedy, Crime",2022-07-06,6.594,2.4541,TV Shows
Zero Chill,"Drama, Comedy, Family",2021-03-15,7.257,2.4537,TV Shows
Osmosis,"Sci-Fi & Fantasy, Drama",2019-03-29,5.539,2.7997,TV Shows
Elite Short Stories: Omar Ander Alexis,Drama,2021-06-16,7.3,2.7912,TV Shows
씰룩,"Animation, Kids",2022-12-01,8.0,2.6824,TV Shows
Roosters,Comedy,2025-02-28,5.7,2.7453,TV Shows
Stay Here,Reality,2018-08-17,5.364,2.3078,TV Shows
Jinn,"Drama, Sci-Fi & Fantasy",2019-06-13,5.455,2.5357,TV Shows
True: Magical Friends,"Animation, Comedy",2018-06-15,8.4,2.4793,TV Shows
Dark Tourist,"Action & Adventure, Documentary",2018-07-20,6.695,2.6959,TV Shows
Building the Band,Reality,2025-07-09,7.4,2.6215,TV Shows
Smother-in-Law,Comedy,2022-04-13,5.8,2.4862,TV Shows
Savage Rhythm,Drama,2022-03-02,7.1,2.5559,TV Shows
Tunnel,"Mystery, Drama, Crime",2019-09-09,6.6,2.581,TV Shows
Brigands: The Quest for Gold,Drama,2024-04-23,6.7,2.9405,TV Shows
Prank Encounters,"Reality, Comedy",2019-10-25,7.1,2.3121,TV Shows
Julie's Greenroom,"Family, Kids",2017-03-17,6.6,2.4932,TV Shows
Surviving Death,Documentary,2021-01-06,6.6,2.6182,TV Shows
Pitta Kathalu,Drama,2021-02-19,4.6,2.4667,TV Shows
Bangkok Breaking,Crime,2021-09-23,6.754,2.6986,TV Shows
The Business of Drugs,"Documentary, Crime",2020-07-14,6.948,2.5931,TV Shows
Team Zenko Go,"Animation, Action & Adventure, Kids",2022-03-15,8.1,2.2272,TV Shows
Headspace Guide to Sleep,"Documentary, Animation",2021-04-28,7.206,2.1689,TV Shows
anone,Drama,2018-01-10,7.688,2.2712,TV Shows
Vampires,"Sci-Fi & Fantasy, Drama",2020-03-20,7.382,2.5684,TV Shows
CAT,"Crime, Drama",2022-12-09,7.4,2.7081,TV Shows
Freeridge,"Comedy, Drama, Mystery",2023-02-02,6.6,2.6286,TV Shows
James.,Documentary,2026-05-21,7.826,2.7416,TV Shows
Killer Soup,"Comedy, Crime, Drama",2024-01-11,6.558,2.4054,TV Shows
Street Food: Asia,Documentary,2019-04-26,7.614,2.7636,TV Shows
We Were Kings,"Drama, Crime",2024-09-25,6.5,2.3129,TV Shows
MH370: The Plane That Disappeared,Documentary,2023-03-08,6.562,2.4805,TV Shows
Jimmy Savile: A British Horror Story,"Documentary, Crime",2022-04-06,6.766,2.3296,TV Shows
Adoration,"Drama, Mystery",2024-11-20,6.1,2.3041,TV Shows
Tokyo Trial,"Drama, War & Politics",2016-12-12,6.7,2.3094,TV Shows
House of Secrets: The Burari Deaths,"Documentary, Crime",2021-10-08,7.056,2.5451,TV Shows
JAPAN SINKS: People of Hope,"Sci-Fi & Fantasy, Drama, War & Politics",2021-10-10,6.5,2.3396,TV Shows
Move,Documentary,2020-10-23,6.936,2.6214,TV Shows
The Big Nailed It Baking Challenge,Reality,2023-08-04,7.8,2.4055,TV Shows
Emergency: NYC,Documentary,2023-03-29,6.85,2.456,TV Shows
America's Team: The Gambler and His Cowboys,Documentary,2025-08-19,7.0,2.1958,TV Shows
Sins of Our Mother,"Crime, Documentary",2022-09-14,7.035,2.0882,TV Shows
Get Gotti,"Documentary, Crime",2023-10-24,7.235,2.4602,TV Shows
Hitmakers,Reality,2025-07-24,8.0,2.4528,TV Shows
Spirit Riding Free: Riding Academy,"Kids, Animation, Family, Action & Adventure",2020-03-20,7.857,2.3511,TV Shows
The Degenerates,"Comedy, Talk",2018-10-30,4.895,2.4168,TV Shows
The Unlikely Murderer,Drama,2021-11-05,6.619,2.6661,TV Shows
The Idhun Chronicles,"Sci-Fi & Fantasy, Animation, Action & Adventure",2020-09-10,6.789,2.3927,TV Shows
My Only Love Song,Drama,2017-07-01,8.1,2.4018,TV Shows
Queen,Drama,2022-06-23,5.386,2.4251,TV Shows
I Love You Just a Little Bit,Drama,2017-04-18,6.0,2.3121,TV Shows
WWE Raw Top 10,Action & Adventure,2025-01-01,8.333,2.5301,TV Shows
Nailed It! Mexico,Reality,2019-02-08,6.9,2.3436,TV Shows
SanPa: Sins of the Savior,Documentary,2020-12-30,7.381,2.3748,TV Shows
Worn Stories,"Documentary, Animation",2021-04-01,6.818,2.6205,TV Shows
The Ripper,"Documentary, Crime",2020-12-16,6.552,2.2731,TV Shows
Wellmania,"Comedy, Drama",2023-03-29,6.37,2.2888,TV Shows
Zona Rosa,Comedy,2019-11-26,5.7,2.526,TV Shows
Koinaka,Drama,2015-07-20,6.6,2.2793,TV Shows
Shafted,Comedy,2025-01-24,5.6,2.3769,TV Shows
Turn Up Charlie,"Comedy, Drama",2019-03-15,6.55,2.3257,TV Shows
Simone Biles Rising,Documentary,2024-07-17,6.803,2.2677,TV Shows
"The Program: Cons, Cults, and Kidnapping",Documentary,2024-03-05,7.479,2.3648,TV Shows
Endless Night,"Drama, Mystery",2022-08-03,3.9,2.7598,TV Shows
Sunderland 'Til I Die,Documentary,2018-12-14,7.579,2.3029,TV Shows
Turn to Me Mukai-kun,"Comedy, Drama",2023-07-12,6.6,2.4954,TV Shows
The Playbook,Documentary,2020-09-22,6.404,2.562,TV Shows
Selection Day,Drama,2018-12-28,7.3,2.2098,TV Shows
Gone Girls: The Long Island Serial Killer,"Documentary, Crime",2025-03-31,7.272,2.2875,TV Shows
Murder Mountain,"Documentary, Crime",2018-09-23,6.716,2.3971,TV Shows
Is She the Wolf?,Reality,2023-06-11,5.0,2.3269,TV Shows
Selling the City,Reality,2025-01-03,7.3,1.9873,TV Shows
The Future Of,Documentary,2022-06-21,5.217,2.088,TV Shows
Bros,Comedy,2024-04-18,7.0,2.3884,TV Shows
Love Is Blind: Italy,Reality,2025-12-01,7.5,2.5379,TV Shows
Time: The Kalief Browder Story,Documentary,2017-03-01,7.194,2.4251,TV Shows
YooHoo to the Rescue,"Animation, Kids",2019-03-15,6.6,2.2019,TV Shows
The Cabin with Bert Kreischer,"Reality, Comedy",2020-10-13,6.447,1.9501,TV Shows
Family Secrets,"Comedy, Drama",2022-08-31,5.929,2.5524,TV Shows
Dirty Lines,Drama,2022-04-08,6.182,2.0635,TV Shows
Bake Squad,"Family, Reality",2021-08-11,7.053,2.4007,TV Shows
You Are What You Eat: A Twin Experiment,Documentary,2024-01-01,6.606,2.1914,TV Shows
Deliver Me,"Drama, Mystery",2024-04-24,6.156,2.3576,TV Shows
Iron Chef: Quest for an Iron Legend,Reality,2022-06-15,7.294,2.168,TV Shows
Franklin,"Drama, Crime",2025-05-15,5.7,2.4392,TV Shows
Together: Treble Winners,Documentary,2024-04-02,6.6,2.5572,TV Shows
Nailed It! Spain,"Family, Reality",2019-10-25,6.9,2.2626,TV Shows
Green Door,"Drama, Crime",2019-02-16,6.8,2.3079,TV Shows
AMO,"Crime, Drama",2018-04-10,4.8,2.5624,TV Shows
If I Hadn't Met You,"Drama, Sci-Fi & Fantasy, Mystery",2018-10-15,7.035,2.6241,TV Shows
The Later Daters,Reality,2024-11-29,5.5,2.097,TV Shows
Catching Killers,"Documentary, Crime",2021-11-04,6.746,2.2481,TV Shows
Victoria Beckham,Documentary,2025-10-09,6.7,2.5043,TV Shows
Ya Boy Kongming!,"Drama, Comedy",2023-09-27,7.083,2.2139,TV Shows
Light the Wild,Reality,2023-04-16,9.0,2.1907,TV Shows
Fortune Seller: A TV Scam,Documentary,2022-09-21,6.363,2.2937,TV Shows
African Queens: Njinga,Documentary,2023-02-15,5.9,2.2264,TV Shows
Captive,"Documentary, Crime",2016-12-09,6.353,2.5593,TV Shows
Bad Influence: The Dark Side of Kidfluencing,Documentary,2025-04-09,6.709,2.5287,TV Shows
Jack Whitehall: Travels with My Father,"Comedy, Reality",2017-09-22,6.919,2.1725,TV Shows
Amy Bradley Is Missing,"Documentary, Crime, Mystery",2025-07-16,6.935,2.2119,TV Shows
Dream Home Makeover,Reality,2020-10-16,6.824,2.0028,TV Shows
Dave Chappelle,Comedy,2017-03-21,7.284,2.7009,TV Shows
Three Days of Christmas,Drama,2019-12-06,6.808,2.1376,TV Shows
Love Alarm Clap! Clap! Clap!,Reality,2022-12-09,6.8,2.2583,TV Shows
Raw Weekly Recap,"Action & Adventure, Reality",2026-01-05,9.0,2.2227,TV Shows
The Disappearance of Madeleine McCann,"Crime, Documentary",2019-03-15,6.408,2.184,TV Shows
Generation 56k,"Comedy, Drama",2021-07-01,7.129,2.2844,TV Shows
Pop Culture Jeopardy!,Reality,2026-05-11,4.5,1.9852,TV Shows
Baking Impossible,Reality,2021-10-06,7.071,2.1846,TV Shows
Til Death Do Us Part,"Sci-Fi & Fantasy, Drama",2019-08-15,7.0,2.4975,TV Shows
Call My Agent Bollywood,"Comedy, Drama",2021-10-29,5.667,1.9179,TV Shows
World's Most Wanted,"Documentary, Crime",2020-08-05,6.705,2.2594,TV Shows
Decoupled,"Drama, Comedy",2021-12-17,7.182,2.2109,TV Shows
Conversations with a Killer: The Ted Bundy Tapes,"Documentary, Crime",2019-01-24,7.468,2.2905,TV Shows
The Indrani Mukerjea Story: Buried Truth,"Documentary, Crime",2024-02-29,5.8,1.9583,TV Shows
Lunatics,Comedy,2019-04-19,5.259,2.1839,TV Shows
Elves,"Drama, Mystery, Sci-Fi & Fantasy",2021-11-28,6.9,2.8757,TV Shows
Over Christmas,Comedy,2020-11-27,5.934,2.2486,TV Shows
Hasmukh,"Crime, Drama, Comedy",2020-04-17,5.0,2.3031,TV Shows
End of the Line,Comedy,2024-01-17,7.0,2.3398,TV Shows
How to Ruin Love,Comedy,2024-05-31,6.833,2.2493,TV Shows
Inside West Coast Customs,Reality,2011-02-20,6.8,2.0789,TV Shows
Babies,Documentary,2020-02-21,7.333,2.0994,TV Shows
Baby Farm,Drama,2025-03-21,10.0,2.3556,TV Shows
"Mom, Don't Do That!",Comedy,2022-07-15,8.296,1.9617,TV Shows
Sing On! Spain,"Reality, Family",2020-07-24,6.8,2.4158,TV Shows
Kulipari: Dream Walker,"Animation, Kids",2018-11-20,7.2,1.9907,TV Shows
Off Road,"Reality, Documentary",2025-07-10,7.0,2.1532,TV Shows
Taco Chronicles,Documentary,2019-07-11,7.692,2.2435,TV Shows
There is a Reason for Undressed Love,Drama,2021-04-20,8.083,1.7974,TV Shows
Skylines,"Drama, Crime",2019-09-27,6.613,2.2091,TV Shows
Big Timber,Reality,2020-10-08,6.357,2.3515,TV Shows
Keep Sweet: Pray and Obey,"Documentary, Crime",2022-06-08,7.453,1.9881,TV Shows
Indian Predator: Murder in a Courtroom,"Crime, Documentary",2022-10-28,6.4,2.4634,TV Shows
Fred and Rose West: A British Horror Story,"Documentary, Crime",2025-05-14,6.91,2.1784,TV Shows
Take 1,Documentary,2022-10-14,6.1,1.9896,TV Shows
Love on the Spectrum,Documentary,2019-11-19,7.457,2.3192,TV Shows
Members Only: Palm Beach,Reality,2025-12-29,4.5,2.0023,TV Shows
GAME ON: A Comedy Crossover Event,"Comedy, Family",2020-08-10,6.9,2.0669,TV Shows
Champion,Drama,2023-07-01,6.8,1.9222,TV Shows
Try? Choo-ry!,Talk,2025-02-26,10.0,2.2305,TV Shows
Dino Girl Gauko,"Animation, Family, Kids, Comedy",2019-11-22,7.2,2.1697,TV Shows
Secret World of Sound,Documentary,2024-02-15,8.136,2.7254,TV Shows
This Is the Zodiac Speaking,"Documentary, Crime",2024-10-23,7.325,2.3763,TV Shows
Life After Death with Tyler Henry,Reality,2022-03-11,5.7,1.7926,TV Shows
American Conspiracy: The Octopus Murders,"Documentary, Crime",2024-02-28,6.909,2.145,TV Shows
Crime Scene: The Vanishing at the Cecil Hotel,"Documentary, Crime, Mystery",2021-02-10,6.9,2.5947,TV Shows
Love Is Blind: France,Reality,2025-09-10,6.8,2.2844,TV Shows
MARINES,Documentary,2025-11-10,6.2,2.1188,TV Shows
"Jerry Springer: Fights, Camera, Action",Documentary,2025-01-07,6.671,2.4975,TV Shows
Fear City: New York vs The Mafia,"Documentary, Crime",2020-07-22,6.766,2.1729,TV Shows
Comedy Royale,"Reality, Comedy",2023-11-28,6.0,2.0528,TV Shows
Best Leftovers Ever!,Reality,2020-12-30,6.2,2.2585,TV Shows
Fanático,Drama,2022-07-29,5.0,2.2912,TV Shows
Devil's Advocate,"Drama, Crime",2023-07-13,8.7,2.4954,TV Shows
The Hungry and the Hairy,Reality,2021-12-11,6.6,2.0111,TV Shows
We Are the Champions,Documentary,2020-11-17,6.024,2.2334,TV Shows
Crime Scene Berlin: Nightlife Killer,"Crime, Documentary",2024-04-03,6.568,2.3415,TV Shows
Rhythm + Flow: Brazil,Reality,2024-11-12,6.0,2.1618,TV Shows
SCAMS,"Action & Adventure, Crime, Drama",2019-07-01,5.8,1.8124,TV Shows
LIGHTHOUSE,"Talk, Reality",2023-08-22,8.2,2.2746,TV Shows
Living Undocumented,Documentary,2019-10-02,6.8,2.1198,TV Shows
Street Food: Latin America,Documentary,2020-07-21,7.128,2.1836,TV Shows
American Murder: Laci Peterson,"Crime, Documentary",2024-08-14,7.1,2.1386,TV Shows
Three Idiots in Kenya,Reality,2025-11-25,8.2,2.5924,TV Shows
The Fastest,Reality,2021-11-23,5.2,2.4169,TV Shows
Penguin Town,Documentary,2021-06-16,7.455,2.0551,TV Shows
Simon Cowell: The Next Act,Reality,2025-12-10,7.5,2.4671,TV Shows
Siren: Survive the Island,Reality,2023-05-30,7.5,1.9628,TV Shows
Fit for TV: The Reality of the Biggest Loser,Documentary,2025-08-15,5.931,2.352,TV Shows
I Am Ilary,"Reality, Documentary",2025-01-09,6.0,2.3679,TV Shows
Voice,"Crime, Drama",2019-11-04,8.3,2.1901,TV Shows
Stranded with My Mother-in-Law,Reality,2023-10-09,7.4,2.1241,TV Shows
Suspended,Drama,2022-04-02,2.0,2.2792,TV Shows
BREAK IT ALL: The History of Rock in Latin America,Documentary,2020-12-16,7.579,1.8289,TV Shows
The Blank Menu for You,Reality,2025-02-22,10.0,2.2648,TV Shows
Anxious People,"Comedy, Drama, Mystery",2021-12-29,6.153,1.9933,TV Shows
A Round of Applause,"Drama, Comedy",2024-02-29,6.773,2.411,TV Shows
Glória,Drama,2021-11-05,6.536,2.5187,TV Shows
Trailer Park Boys: The Animated Series,"Animation, Comedy",2019-03-31,6.976,2.1176,TV Shows
How to Change Your Mind,"Documentary, Mystery",2022-07-12,7.755,2.1901,TV Shows
Inside Bill's Brain: Decoding Bill Gates,Documentary,2019-09-20,7.299,2.2195,TV Shows
Ms. Rachel,Kids,2025-01-27,7.3,2.5644,TV Shows
Last Chance U: Basketball,Documentary,2021-03-10,7.416,2.4455,TV Shows
School of Chocolate,Reality,2021-11-26,7.208,2.0903,TV Shows
Happy Jail,Documentary,2019-08-14,5.75,2.162,TV Shows
No Regrets In Life,Drama,2022-06-18,5.0,2.174,TV Shows
The Innocence Files,Documentary,2020-04-15,7.41,2.2213,TV Shows
The Pharmacist,"Documentary, Crime",2020-02-05,7.369,2.363,TV Shows
White Rabbit Project,Reality,2016-12-09,6.375,2.0995,TV Shows
Deep Fake Love,Reality,2023-07-06,5.8,2.1683,TV Shows
Indian Predator: The Butcher of Delhi,"Documentary, Crime",2022-07-20,5.844,2.2608,TV Shows
American Manhunt: The Boston Marathon Bombing,"Documentary, Crime",2023-04-12,7.487,2.1606,TV Shows
Eternally Confused and Eager for Love,Comedy,2022-03-18,6.8,2.0662,TV Shows
The TikTok Killer,"Documentary, Crime",2026-03-06,5.9,2.2639,TV Shows
Gunther's Millions,Documentary,2023-02-01,5.5,2.2028,TV Shows
The Diamond Heist,"Documentary, Crime",2025-04-16,6.75,2.175,TV Shows
Mob War: Philadelphia vs. the Mafia,"Documentary, Crime",2025-10-22,6.6,2.0641,TV Shows
Izzy's Koala World,"Family, Documentary",2020-09-15,9.0,1.8849,TV Shows
Sing On!,Reality,2020-09-16,7.6,2.1588,TV Shows
Bobby Kennedy for President,"Documentary, Drama",2018-04-27,7.789,1.999,TV Shows
Tore,Drama,2023-10-27,5.8,2.2155,TV Shows
CoComelon JJ's Animal Time,"Animation, Kids, Family",2022-09-28,0.0,2.043,TV Shows
Queer Eye: We're in Japan!,"Comedy, Reality",2019-11-01,7.338,1.9987,TV Shows
The Houseboat,Documentary,2021-03-09,6.696,2.1673,TV Shows
"Cocaine Air: Smugglers at 30,000 Ft.","Documentary, Crime",2025-06-11,7.5,1.8355,TV Shows
Ladies First: A Story of Women in Hip-Hop,Documentary,2023-08-09,7.8,7.2992,TV Shows
Maldivas,"Comedy, Drama",2022-06-15,6.7,2.0317,TV Shows
Middleditch & Schwartz,Comedy,2020-04-21,7.912,2.0026,TV Shows
Cat People,Documentary,2021-07-07,5.25,2.1022,TV Shows
King of Collectibles: The Goldin Touch,Reality,2023-04-28,6.265,2.1061,TV Shows
The Circle France,Reality,2020-04-09,6.906,2.2652,TV Shows
Killer Ratings,Documentary,2019-05-31,7.375,2.1446,TV Shows
The Fight for Justice: Paolo Guerrero,Drama,2022-10-05,7.3,1.9695,TV Shows
The Good Cop,"Comedy, Drama",2015-08-15,6.3,2.3644,TV Shows
Vortex,"Crime, Sci-Fi & Fantasy, Drama",2023-01-02,6.825,2.4029,TV Shows
Nailed It! Holiday!,Reality,2018-12-07,7.089,2.1345,TV Shows
The Liberator,"War & Politics, Drama, Animation",2020-11-11,7.103,2.516,TV Shows
Reverse 4 You,"Sci-Fi & Fantasy, Drama",2024-09-03,7.45,2.5768,TV Shows
The Influencer,Reality,2024-08-06,6.559,2.0602,TV Shows
Dead End,"Comedy, Drama",2022-12-01,6.2,2.1741,TV Shows
Is It Cake? Halloween,Reality,2025-10-08,7.0,2.2662,TV Shows
Spirit Riding Free: Pony Tales,"Animation, Action & Adventure, Kids",2019-08-09,7.457,2.0262,TV Shows
ReBoot: The Guardian Code,"Family, Sci-Fi & Fantasy, Action & Adventure, Comedy, Drama",2018-06-04,5.926,2.0491,TV Shows
Carlos Alcaraz: My Way,Documentary,2025-04-23,6.2,1.9234,TV Shows
What the Love! with Karan Johar,"Reality, Talk",2020-01-30,5.0,2.1714,TV Shows
Cheat: Unfinished Business,Reality,2025-04-30,7.4,2.0626,TV Shows
Katrina: Come Hell and High Water,Documentary,2025-08-27,6.325,2.3876,TV Shows
"Breakfast, Lunch & Dinner",Documentary,2019-10-23,6.286,2.2345,TV Shows
Fightworld,Documentary,2018-10-12,6.368,1.8989,TV Shows
Cindy la Regia: The High School Years,"Comedy, Drama",2023-12-20,6.333,1.975,TV Shows
You Cannot Hide,"Crime, Action & Adventure",2019-09-30,7.1,2.1466,TV Shows
LALIGA: All Access,Documentary,2024-07-15,7.4,1.9459,TV Shows
Is Love Sustainable?,"Comedy, Family",2022-04-19,6.286,2.354,TV Shows
Wild Babies,Documentary,2022-05-05,7.611,1.8128,TV Shows
"Love, Life & Everything in Between","Drama, Comedy",2022-03-10,3.3,2.2022,TV Shows
Love Song,Drama,2016-04-11,8.0,1.8508,TV Shows
"Nevenka, Breaking the Silence",Documentary,2021-03-05,6.654,2.233,TV Shows
Murder Among the Mormons,"Documentary, Crime",2021-03-03,6.951,1.9849,TV Shows
Murdaugh Murders: A Southern Scandal,"Documentary, Crime",2023-02-22,6.776,2.2618,TV Shows
Standing Up,"Comedy, Drama",2022-03-18,6.8,2.3852,TV Shows
The Who Was? Show,"Kids, Comedy, Family",2018-05-11,7.3,2.0027,TV Shows
Ángel Di María: Breaking Down the Wall,Documentary,2024-09-12,7.731,1.9379,TV Shows
Lies and Deceit,Mystery,2020-04-19,4.871,1.9462,TV Shows
We Married as a Job: New Year's Special,Drama,2020-05-19,9.0,2.1783,TV Shows
Glitter & Gold: Ice Dancing,"Documentary, Reality",2026-02-01,7.5,1.9281,TV Shows
Bookmarks: Celebrating Black Voices,"Kids, Family",2020-09-01,5.4,1.7841,TV Shows
Monique Olivier: Accessory to Evil,"Documentary, Crime",2023-03-02,7.3,1.8855,TV Shows
Trump: An American Dream,Documentary,2017-11-09,6.627,1.9087,TV Shows
The Trials of Gabriel Fernandez,"Documentary, Crime",2020-02-26,7.4,2.1019,TV Shows
Chasing Cameron,"Documentary, Reality",2016-12-27,4.6,2.2734,TV Shows
Instant Dream Home,Reality,2022-08-10,6.667,2.0491,TV Shows
100 Humans: Life's Questions. Answered.,"Documentary, Reality",2020-03-13,5.902,2.3217,TV Shows
The Kevin Langue Show,"Comedy, Reality",2026-09-05,0.0,2.3325,TV Shows
From Rock Star to Killer,"Documentary, Crime",2025-03-27,7.671,2.1602,TV Shows
This Is a Robbery: The World's Biggest Art Heist,"Documentary, Crime",2021-04-07,6.606,2.265,TV Shows
Emily's Wonder Lab,"Family, Kids",2020-08-25,5.9,1.8721,TV Shows
Missing: Dead or Alive?,"Crime, Documentary",2023-05-10,6.686,2.046,TV Shows
Hack My Home,Reality,2023-07-07,4.433,1.8003,TV Shows
Drug Squad: Costa del Sol,"Action & Adventure, Drama, Crime",2019-05-06,6.475,2.352,TV Shows
Becoming Champions,Documentary,2018-08-01,5.8,2.1455,TV Shows
Waco: American Apocalypse,"Documentary, Crime",2023-03-22,7.044,1.9118,TV Shows
Crazy Delicious,Reality,2020-01-21,6.533,2.0124,TV Shows
New World,"Reality, Comedy",2021-11-20,6.429,2.2353,TV Shows
You're Nothing Special,"Comedy, Sci-Fi & Fantasy, Drama",2022-09-02,5.58,1.9225,TV Shows
Garnachas: Glorious Street Food!,Documentary,2025-04-02,7.0,2.1669,TV Shows
Pandemic: How to Prevent an Outbreak,Documentary,2020-01-22,6.878,1.7391,TV Shows
Nobody's Looking,Comedy,2019-11-22,6.808,1.9692,TV Shows
Our Great National Parks,Documentary,2022-04-13,7.561,2.0423,TV Shows
The Future Diary,"Reality, Drama",2021-12-14,5.6,1.9678,TV Shows
If I Were Luísa Sonza,Documentary,2023-12-13,7.2,1.9643,TV Shows
Social Currency,Reality,2023-06-22,2.0,2.3032,TV Shows
Tales by Light,Documentary,2015-05-24,7.438,1.8153,TV Shows
Part-Time Idol,Drama,2017-11-27,6.167,1.968,TV Shows
Brainchild,"Documentary, Kids",2018-11-02,7.0,1.9945,TV Shows
Jaguar,"Drama, War & Politics",2021-09-22,7.1,2.2141,TV Shows
The Puzzle Room with David Kwong,Talk,2026-05-11,0.0,1.9533,TV Shows
Abla Fahita: Drama Queen,"Comedy, Drama",2021-03-15,6.9,1.6859,TV Shows
Cobra Kai: Inside the Dojo,Talk,2024-07-18,8.863,1.9614,TV Shows
The Most Beautiful Flower,Comedy,2022-12-07,8.296,1.9986,TV Shows
Bad Guys,Drama,2022-09-02,6.3,2.2922,TV Shows
The Ingenuity of the Househusband,Comedy,2021-08-29,6.676,2.1059,TV Shows
Broken,Documentary,2019-11-27,6.24,2.0782,TV Shows
Sexy Central,Comedy,2019-07-19,7.4,1.8662,TV Shows
Don't Hate the Player,Reality,2024-04-17,7.2,1.7785,TV Shows
Muscles & Mayhem: An Unauthorized Story of American Gladiators,Documentary,2023-06-28,7.122,1.9101,TV Shows
Puerta 7,"Drama, Crime",2020-02-21,7.0,1.8545,TV Shows
Crazyhead,Comedy,2016-10-19,6.549,1.8194,TV Shows
The World's Most Amazing Vacation Rentals,"Reality, Documentary",2021-06-18,7.639,1.85,TV Shows
All About the Washingtons,Comedy,2018-08-10,5.364,1.9148,TV Shows
High on the Hog: How African American Cuisine Transformed America,Documentary,2021-05-26,7.0,1.8328,TV Shows
Medianoche en Asia: Comer · Bailar · Soñar,Documentary,2022-01-20,5.4,1.948,TV Shows
Little Angel,"Animation, Kids",2022-10-01,0.0,1.9151,TV Shows
Baby Einstein Classics,"Family, Kids",2010-11-24,6.0,1.6146,TV Shows
Naomi Osaka,Documentary,2021-07-16,6.577,2.0358,TV Shows
Mai: A Mother's Rage,"Crime, Drama, Mystery",2022-04-15,7.304,2.1795,TV Shows
Far from Home,Drama,2022-12-16,8.1,1.9451,TV Shows
WWE Legend Profiles,Documentary,2025-01-01,8.333,2.293,TV Shows
Gymnastics Academy: A Second Chance,Drama,2022-09-16,8.2,2.0583,TV Shows
I Am a Stalker,"Documentary, Crime",2022-10-18,6.275,1.7849,TV Shows
Love Con Revenge,"Crime, Documentary",2025-09-05,7.2,1.7632,TV Shows
Hard Cell,Comedy,2022-04-12,5.28,1.8911,TV Shows
Losers,Documentary,2019-03-01,7.19,1.9247,TV Shows
The Unremarkable Juanquini,Comedy,2020-05-15,6.9,1.9833,TV Shows
Haunted: Latin America,Reality,2021-03-31,7.315,1.9069,TV Shows
The Manhattan Alien Abduction,Documentary,2024-10-30,6.525,1.5748,TV Shows
The Echoes of Survivors: Inside Korea's Tragedies,"Documentary, War & Politics",2025-08-15,8.2,2.2058,TV Shows
An Encouragement of Love,"Drama, Comedy",2023-11-22,4.5,1.9789,TV Shows
BINI Docuseries,Documentary,2024-09-26,0.0,2.0366,TV Shows
Tiger King: The Doc Antle Story,"Documentary, Crime",2021-12-10,6.276,2.1398,TV Shows
The Clubhouse: A Year with the Red Sox,"Documentary, Reality",2025-04-08,7.7,1.7659,TV Shows
50 Seconds: The Fernando Báez Sosa Case,"Documentary, Crime",2025-11-13,7.975,2.1654,TV Shows
Battle Camp,Reality,2025-04-23,6.474,1.9573,TV Shows
Girls Incarcerated,"Reality, Documentary",2018-03-01,7.094,2.0534,TV Shows
Crime Diaries: The Candidate,"Drama, Crime, Mystery, War & Politics",2019-03-22,7.366,1.9146,TV Shows
Countdown: Inspiration4 Mission to Space,Documentary,2021-09-06,6.961,1.6674,TV Shows
Hyena,"Mystery, Comedy",2023-10-20,2.0,1.6223,TV Shows
Only for Love,Drama,2022-09-21,5.8,1.9697,TV Shows
Street Food: USA,Documentary,2022-07-26,6.9,1.8767,TV Shows
Shot in the Dark,"Reality, Documentary",2017-11-17,7.129,1.6467,TV Shows
Soil,"Drama, Comedy",2021-10-26,6.176,1.7481,TV Shows
"Salcedo, Leather, and Boogaloo",Drama,2026-07-08,7.0,1.9733,TV Shows
Напарники,"Crime, Comedy, Mystery",2023-09-18,0.0,2.049,TV Shows
Voir,Documentary,2021-12-06,6.543,1.7472,TV Shows
The G Word with Adam Conover,"Documentary, Comedy",2022-05-19,6.357,1.9518,TV Shows
Shanty Town,"Crime, Drama",2023-01-20,8.4,1.9606,TV Shows
The Healing Powers of Dude,"Kids, Comedy, Drama",2020-01-13,7.112,1.8412,TV Shows
Meltdown: Three Mile Island,Documentary,2022-05-04,6.854,1.8411,TV Shows
Faussaires,Mystery,,0.0,1.7433,TV Shows
Killer Inside: The Mind of Aaron Hernandez,"Documentary, Crime",2020-01-15,7.201,1.8349,TV Shows
Fastest Car,"Reality, Action & Adventure",2018-04-06,6.3,2.106,TV Shows
Trial by Fire,"Drama, Crime",2023-01-13,7.786,1.7927,TV Shows
LEGO Bionicle: The Journey to One,"Animation, Kids",2016-03-04,7.34,1.8933,TV Shows
Korean Pork Belly Rhapsody,Documentary,2020-12-20,7.3,1.9453,TV Shows
Bad Boy Billionaires: India,"Crime, Documentary",2020-10-05,7.9,1.8794,TV Shows
Club América vs. Club América,Documentary,2022-08-31,8.7,1.7359,TV Shows
Scoop,"Drama, Crime",2023-06-02,6.28,2.2502,TV Shows
ONE PIECE: Into the Grand Line: Official Podcast,Talk,2026-03-13,10.0,1.8137,TV Shows
"Crime Patrol: 26 Jurm, 26 Cases","Crime, Drama",2025-04-12,0.0,1.697,TV Shows
Aníkúlápó: Rise of the Spectre,Drama,2024-03-01,7.0,1.9267,TV Shows
13 Reasons Why: Beyond the Reasons,Talk,2017-03-31,7.049,1.7221,TV Shows
Star Search,Reality,2026-01-20,4.8,1.7588,TV Shows
SPRINT,Documentary,2024-07-02,7.357,1.7195,TV Shows
The Most Hated Man on the Internet,Documentary,2022-07-27,6.702,1.885,TV Shows
The Least Expected Day: Inside the Movistar Team 2019,Documentary,2020-03-29,6.7,1.7362,TV Shows
Futmalls.com,"Mystery, Sci-Fi & Fantasy",2020-12-03,6.4,1.8838,TV Shows
Enigma Black Stage,Mystery,2025-07-26,9.0,1.6805,TV Shows
Bombay Begums,Drama,2021-03-08,5.8,1.9638,TV Shows
Taj Mahal 1989,Drama,2020-02-14,6.4,1.6901,TV Shows
REA(L)OVE,Reality,2018-04-27,5.0,1.8595,TV Shows
One Night Only: GFW Amped Anthology,,2017-08-11,0.0,1.8028,TV Shows
I Wanna Be Sup'Tar,Comedy,2026-02-06,6.6,1.9412,TV Shows
We the People,"Animation, Kids",2021-07-04,7.9,1.4901,TV Shows
What's in the Box?,Reality,2025-12-17,5.4,1.8645,TV Shows
Spy Ops,"Documentary, Crime",2023-09-08,6.771,1.8254,TV Shows
Power Moves with Shaquille O'Neal,Documentary,2025-06-04,5.143,2.0205,TV Shows
Tooth Pari: When Love Bites,"Comedy, Mystery",2023-04-20,6.357,1.9536,TV Shows
Masaba Masaba,"Comedy, Drama",2020-08-28,6.5,2.016,TV Shows
How To Build a Sex Room,Reality,2022-07-08,7.276,1.721,TV Shows
Standup and Away! with Brian Regan,Comedy,2018-12-24,5.625,1.6789,TV Shows
Singapore Social,Reality,2019-11-22,4.8,1.8541,TV Shows
Hurts Like Hell,"Drama, Documentary",2022-07-13,7.7,1.9186,TV Shows
Persona: Sulli,"Drama, Documentary",2023-11-13,6.286,2.1683,TV Shows
Word Party Presents: Math!,"Kids, Animation",2021-12-28,3.5,1.5963,TV Shows
Justice Served,Action & Adventure,2022-07-29,6.677,1.6544,TV Shows
Sing Again,Drama,2022-07-01,6.8,2.0699,TV Shows
The Comeback: 2004 Boston Red Sox,Documentary,2024-10-23,7.65,1.8448,TV Shows
800 Meters,Documentary,2022-03-25,6.545,1.7222,TV Shows
The Alcàsser Murders,"Documentary, Crime",2019-06-14,7.125,1.8988,TV Shows
Chad and JT Go Deep,Comedy,2022-08-23,7.6,1.6388,TV Shows
Rebel Cheer Squad: A Get Even Series,"Family, Drama, Mystery",2022-02-14,6.817,1.7065,TV Shows
Part-Time Wife,Drama,2026-04-26,9.0,1.8803,TV Shows
Love Is Blind: Mexico,Reality,2024-08-01,5.2,1.6326,TV Shows
Misfit: The Series,Comedy,2021-10-16,7.0,1.4782,TV Shows
True Tunes,"Kids, Animation",2019-07-12,8.0,1.8287,TV Shows
The Many Deaths of Nora Dalmasso,"Documentary, Crime",2025-06-19,7.053,1.6568,TV Shows
WWE Road to WrestleMania,Action & Adventure,2025-01-01,8.4,1.6384,TV Shows
Ex-Addicts Club,"Comedy, Drama",2023-04-20,3.3,1.7172,TV Shows
Chef's Table: BBQ,Documentary,2020-09-02,7.38,1.7135,TV Shows
Carmel: Who Killed Maria Marta?,"Documentary, Crime",2020-11-05,7.455,1.802,TV Shows
Bad Vegan: Fame. Fraud. Fugitives.,"Documentary, Crime",2022-03-16,6.158,1.9224,TV Shows
Lady Tamara,"Documentary, Reality",2022-08-04,5.5,1.4575,TV Shows
Saudi Pro League: Kickoff,Documentary,2024-11-21,7.1,1.7849,TV Shows
Jjajangmyeon Rhapsody,"Reality, Documentary",2024-02-08,8.0,1.9069,TV Shows
Final Draft,Reality,2025-08-12,7.354,1.8931,TV Shows
My Encounter with Evil,"Documentary, Reality",2022-10-28,6.5,1.9313,TV Shows
FIFA Uncovered,"Documentary, Crime",2022-11-09,7.1,1.6154,TV Shows
The Girls at the Back,"Drama, Comedy",2022-09-23,7.625,1.6755,TV Shows
Tattoo Redo,Reality,2021-07-28,5.7,2.3936,TV Shows
Scarlet Hill,"Mystery, Crime, Action & Adventure, Drama",2022-11-04,5.5,1.6859,TV Shows
Tex Mex Motors,Reality,2023-06-09,6.833,1.5853,TV Shows
Ultimate Beastmaster Brasil,Reality,2017-02-24,7.0,1.4635,TV Shows
Cooked,Documentary,2016-02-19,7.22,1.9474,TV Shows
Cheat,Reality,2023-03-01,6.333,1.7648,TV Shows
Home Game,Documentary,2020-06-26,6.125,1.4187,TV Shows
To Kill a Monkey,"Crime, Drama",2025-07-18,8.154,1.8819,TV Shows
Huge in France,Comedy,2019-04-12,5.719,1.5711,TV Shows
Until Dawn,"Comedy, Reality",2020-01-10,2.9,1.7255,TV Shows
KL2,Reality,2026-09-05,0.0,1.5901,TV Shows
Elize Matsunaga: Once Upon a Crime,"Documentary, Crime",2021-07-08,6.5,1.7347,TV Shows
Anitta: Made in Honório,Documentary,2020-12-16,4.6,1.7691,TV Shows
Flinch,"Reality, Comedy",2019-05-03,5.1,1.7796,TV Shows
Paik's Spirit,Talk,2021-10-01,6.5,2.0533,TV Shows
I Changed My Mind with Dan Souza,Talk,2026-03-26,0.0,1.7626,TV Shows
Gold & Greed: The Hunt for Fenn's Treasure,"Documentary, Action & Adventure",2025-03-27,6.375,1.5728,TV Shows
Chef's Table: Noodles,Documentary,2024-10-02,8.0,1.7381,TV Shows
The Ultimatum: France,Reality,2022-12-30,5.1,1.4501,TV Shows
Paparazzi King,Documentary,2026-01-09,6.421,1.4342,TV Shows
Affection,,2002-08-28,0.0,1.7467,TV Shows
Ready or Not: Texas,Reality,2026-03-24,7.8,1.8057,TV Shows
Down for Love,Reality,2022-05-09,8.0,1.7553,TV Shows
Korea No.1,"Reality, Comedy",2022-11-25,6.529,1.7511,TV Shows
Working: What We Do All Day,Documentary,2023-05-17,7.0,1.711,TV Shows
Monsters Inside: The 24 Faces of Billy Milligan,"Documentary, Crime",2021-09-22,6.938,1.5671,TV Shows
Holiday Secrets,Drama,2019-11-20,6.3,1.7463,TV Shows
Mighty Raju,"Action & Adventure, Animation",2015-02-18,2.0,1.7532,TV Shows
Adventure Beast,"Comedy, Animation",2021-10-22,4.99,1.6949,TV Shows
Queen Sono,"Action & Adventure, Drama, Crime",2020-02-28,6.553,1.605,TV Shows
What She Put on the Table,,2017-07-14,4.3,1.7348,TV Shows
The Root of the Game,Documentary,2026-06-20,10.0,1.7611,TV Shows
Time Hustler,"Comedy, Drama",2022-12-25,7.5,1.9412,TV Shows
How to Ruin Christmas,"Comedy, Drama",2020-12-16,8.389,1.8176,TV Shows
A Little Help with Carol Burnett,"Comedy, Talk",2018-05-04,5.818,1.4629,TV Shows
Feels Like Ishq,"Comedy, Drama",2021-07-23,5.6,1.7647,TV Shows
Afflicted,"Documentary, Mystery, Reality, Talk",2018-08-10,5.077,1.631,TV Shows
Next Gen Chef,Reality,2025-09-17,7.286,1.7048,TV Shows
The Secret Life of Our Pets,Documentary,2022-01-11,7.481,1.5467,TV Shows
Keluarga Yang Tak Dirindukan,"Drama, Family, Soap",2026-02-13,8.0,1.7174,TV Shows
Insiders,Reality,2021-10-21,6.4,1.619,TV Shows
Human: The World Within,Documentary,2021-05-05,6.742,1.6211,TV Shows
ONE PIECE BONUS CONTENT,Documentary,2026-03-17,9.737,2.0221,TV Shows
The Apprentice: ONE Championship Edition,Reality,2021-03-18,7.0,1.846,TV Shows
Robbie Williams,Documentary,2023-11-08,7.537,1.7523,TV Shows
The Man with 1000 Kids,Documentary,2024-07-03,6.597,2.0553,TV Shows
Love Never Lies: South Africa,Reality,2024-11-29,10.0,2.2929,TV Shows
Exhibit A,"Crime, Documentary, Mystery",2019-06-28,7.05,1.6053,TV Shows
Itxaso,Drama,2023-09-27,5.0,1.4938,TV Shows
The Fame Game,"Drama, Crime",2022-02-25,5.769,1.843,TV Shows
Who Killed Jill Dando?,"Documentary, Crime",2023-09-26,6.707,1.6891,TV Shows
1994,Documentary,2019-05-17,7.682,1.92,TV Shows
The Indian Detective,"Crime, Comedy, Drama",2017-11-23,6.5,1.7385,TV Shows
"下一站,幸福",,2009-10-04,0.0,1.6855,TV Shows
Mad Crazy Colombian Comedians,Comedy,2021-06-10,1.333,1.8722,TV Shows
You Don't Know Me,Drama,2021-12-05,6.353,1.5112,TV Shows
Piñata Masters!,Reality,2022-12-23,8.5,1.6489,TV Shows
Cooking with Paris,Reality,2021-08-04,6.391,1.791,TV Shows
First Team: Juventus,"Documentary, Reality",2018-02-16,6.66,1.5704,TV Shows
迷你特工队之超威能量,"Animation, Kids",2023-07-17,0.0,1.7072,TV Shows
"Krish, Trish and Baltiboy: Bharat Hain Hum","Animation, Kids",2023-08-15,0.0,1.6905,TV Shows
Take That,Documentary,2026-01-27,7.091,1.3885,TV Shows
WWII in Color: Road to Victory,"Documentary, War & Politics",2021-12-22,7.532,1.7674,TV Shows
Why Are You Like This?,Comedy,2021-02-16,6.545,1.5276,TV Shows
My Unorthodox Life,Reality,2021-07-14,6.412,1.755,TV Shows
Buying Beverly Hills,Reality,2022-11-04,5.8,1.6899,TV Shows
SEC Football: Any Given Saturday,Documentary,2025-08-05,8.2,1.5689,TV Shows
Inside the Criminal Mind,"Crime, Documentary",2018-08-24,6.2,1.7008,TV Shows
Miseducation,"Comedy, Drama",2023-09-15,6.8,1.7206,TV Shows
The Confession Tapes,Documentary,2017-09-08,7.038,1.6078,TV Shows
ARA San Juan: The Submarine that Disappeared,Documentary,2024-03-07,7.611,1.8393,TV Shows
Polo,Documentary,2024-12-10,4.889,1.5126,TV Shows
Dope,"Documentary, Crime, War & Politics",2017-12-22,6.679,1.4877,TV Shows
Mysteries of the Faith,Documentary,2023-11-01,5.909,1.6962,TV Shows
The Law of the Jungle,Reality,2023-03-15,5.4,1.7668,TV Shows
72 Dangerous Animals: Latin America,Documentary,2017-12-05,6.8,1.672,TV Shows
Jack Whitehall: Fatherhood with My Father,"Reality, Comedy, Documentary",2024-09-10,6.667,1.8114,TV Shows
Creator's File: GOLD,Reality,2021-06-03,6.5,1.4977,TV Shows
Dealer,"Action & Adventure, Crime, Drama",2021-03-10,6.634,1.5316,TV Shows
Son of a Donkey,Comedy,2025-10-30,4.8,1.6189,TV Shows
Under Pressure: The U.S. Women's World Cup Team,Documentary,2023-12-12,7.222,1.5015,TV Shows
The Rotten Files with Stephanie Soo,"Crime, Talk",2026-08-14,0.0,1.4667,TV Shows
The Big Flower Fight,Reality,2020-05-18,6.152,1.3836,TV Shows
Eat the Rich: The GameStop Saga,Documentary,2022-09-28,5.981,1.5741,TV Shows
Rapture,Documentary,2018-03-30,5.6,1.6098,TV Shows
Fearless,Documentary,2016-08-19,7.8,1.6336,TV Shows
Queer Eye Germany,Reality,2022-03-09,5.1,1.5961,TV Shows
Perfect Match · Friendship Sharing,Reality,2025-01-29,10.0,1.7571,TV Shows
Super Drags,"Animation, Comedy",2018-11-09,5.671,1.5132,TV Shows
Love Never Lies,Reality,2021-11-11,5.9,1.805,TV Shows
Johnny Hallyday: Beyond Rock,Documentary,2022-03-29,6.167,1.8029,TV Shows
Teeny Tiny Creatures,Kids,2021-02-15,4.5,1.3231,TV Shows
Where Is Marta?,"Documentary, Crime, Mystery",2021-11-05,7.4,1.4114,TV Shows
Aaron Rodgers: Enigma,Documentary,2024-12-17,7.167,1.4607,TV Shows
Postcards,Drama,2024-05-03,6.0,1.4486,TV Shows
Who Killed Malcolm X?,Documentary,2019-09-30,7.16,1.4831,TV Shows
Rugged Rugby: Conquer or Die,Reality,2024-12-10,8.667,1.6203,TV Shows
Schulz Saves America,Comedy,2020-12-17,6.2,1.744,TV Shows
Ludik,"Crime, Drama",2022-08-26,7.3,1.582,TV Shows
November 13: Attack on Paris,Documentary,2018-06-01,7.88,1.5878,TV Shows
The Witcher: A Look Inside the Episodes,Documentary,2020-08-26,5.963,1.5509,TV Shows
That’s My Time with David Letterman,"Talk, Comedy",2022-06-07,6.2,1.5624,TV Shows
Trial 4,"Documentary, Crime, Reality",2020-11-11,6.981,1.8475,TV Shows
The Kings of Tupelo: A Southern Crime Saga,"Documentary, Crime",2024-12-11,6.067,1.5178,TV Shows
Getting Curious with Jonathan Van Ness,"Talk, Comedy",2022-01-28,6.75,1.5436,TV Shows
Cook at all Costs,Reality,2022-12-16,6.222,1.7472,TV Shows
The Motive,"Documentary, Crime",2020-12-27,5.474,1.474,TV Shows
Crime Scene: The Times Square Killer,"Documentary, Crime, Mystery",2021-12-29,6.699,1.6528,TV Shows
Pirate Gold of Adak Island,"Reality, Documentary",2022-06-29,6.0,1.5646,TV Shows
Newbie in the Club,"Reality, Talk",2025-02-24,0.0,1.5346,TV Shows
Bad Boy,Drama,2024-11-21,6.8,1.7947,TV Shows
Amazing Interiors,"Talk, Documentary, Reality",2018-07-20,5.85,1.6018,TV Shows
Lava Ka Dhaava,Reality,2021-05-05,2.0,1.4403,TV Shows
Five Star Kitchen: Britain's Next Great Chef,Reality,2023-06-08,6.1,1.4941,TV Shows
Wild Heroes,"Drama, Comedy",2015-04-19,0.0,1.492,TV Shows
La Línea: Shadow of Narco,"Documentary, Crime",2020-09-09,6.616,1.5028,TV Shows
Fight for Paradise: Who Can You Trust?,Reality,2024-04-23,5.0,1.5684,TV Shows
Big Vape: The Rise and Fall of Juul,Documentary,2023-10-11,6.762,1.6174,TV Shows
Aftershock: Everest and the Nepal Earthquake,Documentary,2022-09-14,7.4,1.5636,TV Shows
Jiva!,Drama,2021-06-24,7.2,1.6489,TV Shows
The Raincoat Killer: Chasing a Predator in Korea,Documentary,2021-10-22,6.622,1.6297,TV Shows
Follow This,Documentary,2018-08-23,4.917,1.4423,TV Shows
Sea of Love,"Comedy, Kids, Animation",2022-05-23,4.7,1.5585,TV Shows
Bullsh*t The Gameshow,Reality,2022-04-27,6.633,1.5774,TV Shows
Losmen Bu Broto: The Series,Drama,2025-05-29,7.0,1.5057,TV Shows
Hei$t: The Great Robbery of Brazil's Central Bank,Documentary,2022-03-16,6.5,1.4988,TV Shows
A Sinister Sect: Colonia Dignidad,Documentary,2021-10-01,6.571,1.6025,TV Shows
Sugar Rush Christmas,Reality,2019-11-29,6.5,1.5113,TV Shows
金枝玉叶,,2011-08-22,0.0,1.5515,TV Shows
True: Terrific Tales,"Kids, Animation",2020-05-12,8.5,1.4362,TV Shows
The Greatest Rivalry: India vs Pakistan,Documentary,2025-02-07,7.0,1.5273,TV Shows
How to Fix a Drug Scandal,"Documentary, Crime",2020-04-01,6.974,1.3809,TV Shows
Love Will Still Last Forever,,2020-01-14,6.0,1.3653,TV Shows
Magenta Coal,Drama,2023-10-27,0.0,1.4628,TV Shows
Khawater,Documentary,2005-10-04,8.9,1.5353,TV Shows
Comedy Premium League,Comedy,2021-08-20,5.6,1.4407,TV Shows
The Game: You Never Play Alone,"Crime, Mystery",2025-10-02,6.0,1.6251,TV Shows
All the Sharks,Documentary,2025-07-04,7.808,1.5552,TV Shows
Vatican Girl: The Disappearance of Emanuela Orlandi,Documentary,2022-10-20,7.434,1.3456,TV Shows
We Are: The Brooklyn Saints,Documentary,2021-01-29,7.5,1.5514,TV Shows
MerPeople,Documentary,2023-05-23,6.1,1.3381,TV Shows
UniverXO Dabiz,Documentary,2024-12-20,5.7,1.3095,TV Shows
Countdown: Canelo vs. Crawford,Documentary,2025-09-04,7.2,1.8662,TV Shows
Who Killed Little Gregory?,"Documentary, Crime",2019-11-20,7.477,1.5413,TV Shows
28 Days Haunted,Reality,2022-10-21,6.57,1.5977,TV Shows
Untold: Swamp Kings,Documentary,2023-08-22,7.026,1.5176,TV Shows
Larry Charles' Dangerous World of Comedy,"Documentary, Comedy",2019-02-15,6.0,1.6537,TV Shows
I Just Killed My Dad,Documentary,2022-08-09,7.114,1.5204,TV Shows
James Acaster: Repertoire,"Comedy, Talk",2018-03-27,8.043,1.6036,TV Shows
"Fresh, Fried & Crispy",Documentary,2021-06-09,6.688,1.4713,TV Shows
"Vendetta: Truth, Lies and the Mafia",Documentary,2021-09-24,6.941,1.3926,TV Shows
Stay Tuned!,Comedy,2019-03-18,7.464,1.4668,TV Shows
Salt Fat Acid Heat,Documentary,2018-10-11,7.889,1.4472,TV Shows
Let me tell your fortune,Reality,2020-01-04,0.0,1.6171,TV Shows
Toughest Forces on Earth,Documentary,2024-05-22,5.2,1.7127,TV Shows
Кукольный домик,"Mystery, Crime",2021-03-07,2.0,1.4738,TV Shows
(Un)Well,Documentary,2020-08-12,6.255,1.1798,TV Shows
Dancing Queen,Reality,2018-10-05,5.846,1.5314,TV Shows
Simon Superlapin,,2023-04-13,0.0,1.3552,TV Shows
Larva in Mars,"Animation, Comedy, Kids",2024-01-13,7.0,1.2268,TV Shows
Christmas Flow,Comedy,2021-11-17,6.4,1.7417,TV Shows
Unabomber: In His Own Words,"Documentary, Crime",2020-02-22,7.22,1.5038,TV Shows
I'm with the Band: Nasty Cherry,"Documentary, Reality",2019-11-15,7.0,1.1463,TV Shows
Terim,Documentary,2022-09-15,6.688,1.6914,TV Shows
Oh My Captain!,Drama,2018-07-20,5.0,1.6184,TV Shows
The Curious Creations of Christine McConnell,"Comedy, Talk, Reality",2018-10-12,7.0,1.4883,TV Shows
Coming Out Colton,Reality,2021-12-03,6.971,1.5678,TV Shows
Tahir's House,Comedy,2023-09-06,6.0,1.3189,TV Shows
Bling Empire: New York,Reality,2023-01-20,6.1,1.4766,TV Shows
The Iliza Shlesinger Sketch Show,Comedy,2020-04-01,5.3,1.6002,TV Shows
Running for my Truth: Alex Schwazer,"Crime, Documentary",2023-04-13,7.7,1.4019,TV Shows
Battlefish,"Documentary, Reality",2018-09-21,6.0,1.6099,TV Shows
Glow Up - Deutschlands nächster Make-up-Star,Reality,2022-09-22,5.0,1.3288,TV Shows
The Goop Lab,"Documentary, Talk",2020-01-24,2.9,1.5743,TV Shows
Country Ever After,Reality,2020-11-06,7.75,1.3038,TV Shows
Dirty Pop: The Boy Band Scam,"Documentary, Crime",2024-07-24,6.55,1.4183,TV Shows
Nailed It! France,Reality,2019-10-25,6.0,1.3538,TV Shows
The Confession Killer,"Documentary, Crime",2019-12-06,7.142,1.4998,TV Shows
Easy-Bake Battle: The Home Cooking Competition,Reality,2022-10-12,5.818,1.5508,TV Shows
Fire Chasers,Documentary,2017-09-08,5.7,1.3453,TV Shows
Matchroom: The Greatest Showmen,Documentary,2025-09-17,6.0,1.3838,TV Shows
The Yara Gambirasio Case: Beyond Reasonable Doubt,Documentary,2024-07-16,7.296,1.3348,TV Shows
THE MAGIC PRANK SHOW with Justin Willman,"Reality, Comedy",2024-04-01,6.9,1.3689,TV Shows
Tiffany Haddish Presents: They Ready,"Comedy, Reality",2019-08-14,5.818,1.3907,TV Shows
Hanwoo Rhapsody,Documentary,2021-12-09,8.0,1.2728,TV Shows
"Angi: Fake Life, True Crime",Documentary,2025-07-25,6.167,1.4553,TV Shows
Chef's Table: Legends,Documentary,2025-04-28,7.8,1.4113,TV Shows
From Dreams to Tragedy: The Fire that Shook Brazilian Football,Documentary,2024-03-14,8.083,1.5113,TV Shows
Les affaires reprennent...,"Comedy, Family",2026-07-04,0.0,1.4814,TV Shows
Not a Robot,Sci-Fi & Fantasy,2019-05-29,6.2,1.1667,TV Shows
Terrorism Close Calls,Documentary,2018-10-26,6.9,1.2392,TV Shows
"The Billionaire, the Butler, and the Boyfriend","Documentary, Crime",2023-11-08,6.84,1.4213,TV Shows
Home Run Derby,Reality,1960-01-10,8.5,1.4868,TV Shows
Ariyoshi Assists,"Comedy, Reality",2023-03-14,7.8,1.3142,TV Shows
Physical: Welcome to Mongolia,Reality,2025-12-24,10.0,1.2861,TV Shows
Secrets of Great British Castles,Documentary,2015-04-03,6.9,1.383,TV Shows
Who Likes My Follower?,Reality,2022-09-08,6.3,1.3959,TV Shows
Verified Stand-Up,Comedy,2023-11-28,4.667,1.3902,TV Shows
Chelsea Does,Documentary,2016-01-23,5.417,1.5246,TV Shows
Mighty Bheem's Playtime,"Animation, Kids",2024-01-29,5.5,1.3549,TV Shows
"Ça va bien se passer, Dadju",Documentary,2023-09-13,0.0,1.4624,TV Shows
Vasco Rossi: Living It,Documentary,2023-09-27,7.3,1.3203,TV Shows
Single's Inferno Reunion,Reality,2026-02-14,7.6,1.4808,TV Shows
Saitama Host Club,"Comedy, Drama",2023-07-26,5.0,1.5528,TV Shows
The Hunt for Veerappan,"Documentary, Crime",2023-08-04,8.143,1.3653,TV Shows
Pervert: Hunting the Strip Search Caller,"Documentary, Crime",2022-10-25,6.781,1.2115,TV Shows
STASSI with Tay,Talk,2026-01-26,0.0,1.1784,TV Shows
O Processo,Comedy,2021-08-02,0.0,1.4593,TV Shows
BORDELESS – Aぇ! group documentary,Documentary,2024-05-14,0.0,1.4959,TV Shows
Fame After Fame,"Comedy, Reality",2023-11-10,5.9,1.5149,TV Shows
Bling Ring: Hollywood Heist,"Documentary, Crime",2022-04-25,5.2,1.2643,TV Shows
Caught in the Web: The Murders Behind Zona Divas,"Documentary, Crime",2024-09-05,8.5,1.443,TV Shows
Deaf U,Documentary,2020-10-09,5.8,1.3559,TV Shows
First and Last,Documentary,2018-09-07,6.8,1.2495,TV Shows
Cocaine Cowboys: The Kings of Miami,Documentary,2021-08-04,6.694,1.4827,TV Shows
W.A.G.s to Riches,Reality,2025-01-22,6.8,1.2588,TV Shows
The Surgeon's Cut,Documentary,2020-12-09,7.574,1.3556,TV Shows
KPop Demon Hunters Lyric Videos,Animation,2025-10-08,9.155,1.155,TV Shows
The Ultimatum: South Africa,Reality,2024-05-10,4.0,1.2477,TV Shows
Countdown: Paul vs. Tyson,Documentary,2024-11-07,7.0,1.3904,TV Shows
The Rhythm of Revenge,"Action & Adventure, Drama",2026-05-04,0.0,1.4385,TV Shows
Heartstopper: The Official Podcast,Talk,2024-09-02,0.0,1.1804,TV Shows
Chef's Table: France,Documentary,2016-09-02,8.462,1.2804,TV Shows
Trailer Park Boys: Out of the Park: USA,Comedy,2017-11-24,7.3,1.3669,TV Shows
Hot Ones: Extra Heat,Talk,2026-07-13,5.5,1.8079,TV Shows
The Deep State,"Crime, Drama, Mystery",2023-09-14,9.0,1.1254,TV Shows
Die Caterina-Valente-Show,Reality,1966-09-01,1.5,1.1273,TV Shows
Race for the Crown,Documentary,2025-04-22,8.0,1.2309,TV Shows
The Break with Michelle Wolf,Comedy,2018-05-27,5.038,1.2964,TV Shows
The Playing Card Killer,"Crime, Drama, Documentary",2023-06-09,5.4,1.4854,TV Shows
New Key,"Comedy, Reality",2021-04-23,8.0,1.3836,TV Shows
Titletown High,Reality,2021-08-27,6.091,1.4887,TV Shows
Drink Masters,Reality,2022-10-28,6.794,1.3202,TV Shows
Por siempre o jamás,Reality,2022-06-06,5.75,1.4241,TV Shows
Matt Wright's Wild Territory,Reality,2022-04-26,7.0,1.3055,TV Shows
John of God: The Crimes of a Spiritual Healer,"Documentary, Crime",2021-08-25,6.375,1.5657,TV Shows
Buried by the Bernards,Reality,2021-02-12,6.778,1.0467,TV Shows
Metal Shop Masters,Reality,2021-09-10,5.917,1.1748,TV Shows
Daniel Sloss: Live Shows,Comedy,2018-09-11,8.035,1.4229,TV Shows
Iron Chef Brazil,Reality,2022-08-10,7.8,1.2412,TV Shows
Snack vs Chef,Reality,2022-11-30,5.455,1.2802,TV Shows
Can I Tell You a Secret?,Documentary,2024-02-21,4.375,1.3276,TV Shows
Indian Predator: The Diary of a Serial Killer,"Documentary, Crime",2022-09-07,6.333,1.2495,TV Shows
Òlòtūré: The Journey,"Drama, Crime",2024-06-28,6.2,1.148,TV Shows
DeMarcus Family Rules,Reality,2020-08-19,4.3,1.0854,TV Shows
Love Never Lies: Destination Sardinia,Reality,2022-11-10,7.324,1.165,TV Shows
Chef's Table: Pizza,Documentary,2022-09-07,6.9,1.2514,TV Shows
Historical Roasts,Comedy,2019-05-27,4.765,1.1711,TV Shows
Voices of Fire,Reality,2020-11-20,6.556,1.2119,TV Shows
Clickbait,,2023-07-15,0.0,1.2731,TV Shows
Dog Days Out,"Kids, Animation",2025-02-13,7.0,1.1627,TV Shows
A Killer Uncaged,Documentary,2020-06-28,6.41,1.3397,TV Shows
7 Days Out,Documentary,2018-12-21,5.6,1.1574,TV Shows
Time,"Mystery, Sci-Fi & Fantasy",2024-10-25,0.0,1.3977,TV Shows
How to Get Rich,Documentary,2023-04-18,6.35,1.1954,TV Shows
Sophie: A Murder in West Cork,"Documentary, Crime, Mystery",2021-06-30,6.39,1.2924,TV Shows
Land of Spirits: The Young Shaman,Comedy,2022-10-28,7.0,1.2685,TV Shows
Awake: The Million Dollar Game,Reality,2019-06-14,5.0,1.2432,TV Shows
Sing On! Germany,Reality,2020-08-07,6.8,1.2508,TV Shows
Mighty Little Bheem: Kite Festival,"Animation, Comedy, Kids",2021-01-08,6.0,1.198,TV Shows
Titipo Titipo,"Kids, Animation, Sci-Fi & Fantasy",2018-01-01,7.0,1.5232,TV Shows
The Secret of the Greco Family,Drama,2022-11-04,7.68,1.2612,TV Shows
Summer Job,Reality,2022-12-16,5.467,1.0223,TV Shows
Un cuento imperfecto,Talk,2023-10-23,0.0,1.0941,TV Shows
Race: Bubba Wallace,Documentary,2022-02-22,5.3,1.1937,TV Shows
C'est du gâteau !,Family,2024-10-15,10.0,1.1518,TV Shows
Kevin Hart: Don't F**k This Up,Documentary,2019-12-27,6.036,1.3271,TV Shows
Marriage or Mortgage,Reality,2021-03-10,5.0,1.1514,TV Shows
Rhythm + Flow: Poland,Reality,2025-05-14,8.0,1.2955,TV Shows
The White House with Michael Irvin,Talk,2026-01-19,0.0,1.1936,TV Shows
The Big Day,Reality,2021-02-14,4.75,1.2013,TV Shows
Reasonable Doubt: A Tale of Two Kidnappings,"Crime, Documentary",2021-11-23,7.2,1.2821,TV Shows
High: Confessions of an Ibiza Drug Mule,Documentary,2021-07-05,5.308,1.1683,TV Shows
The Big Shot Game Show,Reality,2022-02-09,6.0,1.1974,TV Shows
Basketball or Nothing,Documentary,2019-08-02,7.4,1.1145,TV Shows
Death by Magic,Reality,2018-11-30,5.9,1.1258,TV Shows
Heart of Invictus,Documentary,2023-08-30,6.667,1.2451,TV Shows
A Nation of Banchan,Documentary,2023-10-08,8.8,1.1861,TV Shows
Iron Chef: Mexico,Reality,2022-09-21,7.5,0.9361,TV Shows
Mind Your Manners,Reality,2022-11-16,5.2,1.0704,TV Shows
The Wedding Coach,"Reality, Comedy",2021-04-07,6.25,1.1303,TV Shows
Examination of Conscience,Documentary,2019-01-25,7.5,1.2138,TV Shows
Trigger Warning with Killer Mike,Documentary,2019-01-18,6.409,1.0185,TV Shows
Love between the lines,,2023-08-20,10.0,1.0912,TV Shows
Glitch!,,2018-01-01,0.0,1.1885,TV Shows
A Tragedy Foretold: Flight 3054,Documentary,2025-04-23,7.5,1.1669,TV Shows
Making It in Marbella,Reality,2024-10-01,5.3,1.0822,TV Shows
Win the Wilderness: Alaska,Reality,2020-04-22,5.5,1.0875,TV Shows
Luna Petunia: Return to Amazia,"Kids, Animation, Sci-Fi & Fantasy",2018-02-02,4.0,1.0173,TV Shows
Made in Mexico,Reality,2018-09-28,5.1,1.2718,TV Shows
Human Playground,Documentary,2022-09-30,6.9,1.0418,TV Shows
Crime Stories: India Detectives,"Crime, Documentary, Mystery",2021-09-22,6.625,1.5661,TV Shows
Pressure Cooker,Reality,2023-01-06,7.313,1.2412,TV Shows
Life's a Glitch with Julien Bam,Comedy,2021-10-21,5.556,1.2496,TV Shows
Canine Intervention,Documentary,2021-02-24,6.963,1.3429,TV Shows
Diagnosis,Documentary,2019-08-16,6.474,1.1911,TV Shows
In the Test Kitchen,Talk,2026-02-26,0.0,0.9742,TV Shows
Westside,Reality,2018-11-09,3.5,1.0811,TV Shows
1 in 7641,Documentary,2025-08-27,10.0,1.1097,TV Shows
Talking Tom and Friends Pets!,"Family, Kids, Animation",2023-04-10,0.0,0.9478,TV Shows
Korean Fried Chicken Rhapsody,Documentary,2024-05-30,0.0,1.3493,TV Shows
Volume,Drama,2023-12-20,9.0,1.3398,TV Shows
Better Late Than Single: After Service,Reality,2026-08-01,8.3,1.0866,TV Shows
900 Days Without Anabel,Documentary,2024-11-22,7.609,1.1986,TV Shows
Gupi,Animation,,0.0,1.3725,TV Shows
Hard Broken,"Drama, Crime, Mystery",2023-09-20,0.0,1.174,TV Shows
You're My Destiny,,2021-08-29,2.0,1.0036,TV Shows
The Search for Instagram's Worst Con Artist,Documentary,2023-11-02,7.0,1.3223,TV Shows
Ladies Up,"Reality, Comedy",2020-03-27,6.2,1.1974,TV Shows
Baby Einstein Ocean Explorers,"Kids, Animation",2023-01-07,0.0,1.0161,TV Shows
Sparking Joy with Marie Kondo,"Reality, Documentary",2021-08-31,6.875,1.3269,TV Shows
Magic for Humans by Mago Pop,,2021-03-26,2.0,0.9016,TV Shows
Pet Stars,Reality,2021-04-30,5.857,0.9909,TV Shows
Jailbirds,Reality,2019-05-10,6.6,1.0269,TV Shows
Skin Decision: Before and After,Reality,2020-07-15,6.0,1.054,TV Shows
Snowflake Mountain,Reality,2022-06-22,4.875,0.9999,TV Shows
Gameboys 2,"Comedy, Drama",2022-05-22,7.0,0.9434,TV Shows
The Outreau Case: A French Nightmare,"Documentary, Crime",2024-03-15,7.2,1.098,TV Shows
我的大叔,,2024-05-24,0.0,1.0506,TV Shows
The Cage,Drama,2022-09-23,6.2,1.0606,TV Shows
Magic for Humans Spain,"Comedy, Reality",2021-03-26,3.8,0.9963,TV Shows
Monster,Drama,2014-03-30,4.0,0.9669,TV Shows
Answer for Heaven,"Comedy, Crime, Drama",2019-04-18,6.7,1.3775,TV Shows
The Honeymoon Stand Up Special,Comedy,2018-04-17,6.143,1.0263,TV Shows
Myth & Mogul: John DeLorean,Documentary,2021-07-30,6.4,1.0704,TV Shows
Swap Shop,Reality,2021-11-09,7.0,0.9806,TV Shows
Designing Miami,Reality,2022-09-21,5.714,0.9762,TV Shows
Olóládé,"Drama, Comedy",2023-11-24,8.0,1.0423,TV Shows
Blown Away: Christmas,Reality,2021-11-19,6.25,0.9919,TV Shows
Super Monsters Monster Pets,"Animation, Kids",2019-06-07,6.8,0.9535,TV Shows
시그널,,2017-11-03,2.0,0.9,TV Shows
Drive Hard: The Maloof Way,Reality,2022-08-26,8.0,0.9162,TV Shows
Motel Makeover,Reality,2021-08-25,4.875,0.8994,TV Shows
Alessandro Cattelan: One Simple Question,"Documentary, Comedy",2022-03-18,6.1,0.9966,TV Shows
Buying London,Reality,2024-05-22,5.4,1.1621,TV Shows
Captains of America,Documentary,2022-11-21,6.0,0.9273,TV Shows
Buy My House,Reality,2022-09-02,7.1,1.0266,TV Shows
Ultimate Beastmaster France,Reality,2017-12-31,6.3,0.9944,TV Shows
Styling Hollywood,Reality,2019-08-30,5.1,0.9934,TV Shows
Bhaag Beanie Bhaag,"Comedy, Drama",2020-12-04,6.3,1.5411,TV Shows
Beauty and the Bester,"Documentary, Crime",2025-09-12,7.3,0.8963,TV Shows
Dance 100,Reality,2023-03-17,6.0,0.9264,TV Shows
The Family That Sings Together: The Camargos,Reality,2021-12-09,6.3,1.0483,TV Shows
Bumping Mics with Jeff Ross & Dave Attell,"Comedy, Talk",2018-11-27,7.0,1.0082,TV Shows
Your Life is a Joke,"Comedy, Documentary",2021-11-09,3.3,1.2856,TV Shows
Ultimate Beastmaster China,Reality,2017-12-15,2.0,0.9063,TV Shows
Narcoworld: Dope Stories,"Documentary, Crime",2019-11-22,8.0,0.8738,TV Shows
We Speak Dance,Documentary,2018-01-01,6.8,0.9891,TV Shows
最强战士之迷你特工队,"Animation, Kids",2014-09-03,0.0,0.9196,TV Shows
Rhyme Time Town Singalongs,"Comedy, Animation",2020-12-22,6.0,0.9259,TV Shows
Soju Rhapsody,Documentary,2025-01-23,0.0,1.0445,TV Shows
Only Jokes Allowed,Comedy,2022-02-09,6.0,1.0849,TV Shows
Korean Cold Noodle Rhapsody,Documentary,2021-08-20,4.7,0.8823,TV Shows
Cooked With Cannabis,Reality,2020-04-20,6.071,0.8356,TV Shows
Alma Matters: Inside the IIT Dream,"Documentary, Drama",2021-05-14,6.571,0.8468,TV Shows
Romanovs. The Last Word,Documentary,2023-11-04,0.0,1.0001,TV Shows
Word Party Songs,"Kids, Animation",2020-08-07,4.8,0.8042,TV Shows
Lugar de Mulher,Comedy,2019-11-28,5.7,0.9044,TV Shows
סיפור על אהבה ולחם,Reality,2020-11-19,0.0,0.7566,TV Shows
Million Dollar Beach House,Documentary,2020-08-26,4.875,0.9529,TV Shows
Talk Queens,"Reality, Talk",2020-11-18,0.0,0.9741,TV Shows
다시 만난 세계 : 쩌미문,"Drama, Sci-Fi & Fantasy",2022-07-29,2.0,0.9015,TV Shows
Mr. Good: Cop or Crook?,Documentary,2022-06-03,5.417,0.8415,TV Shows
War: Wrath and Revenge,Drama,2023-12-28,6.4,1.0014,TV Shows
Russell Howard: Lubricant,Comedy,2021-12-14,6.0,0.9659,TV Shows
Astronomy Club: The Sketch Show,Comedy,2019-12-06,6.1,0.9053,TV Shows
Little Nicholas: Life of a Scoundrel,Documentary,2024-02-15,6.636,0.8269,TV Shows
Mighty Little Bheem: Festival of Colors,"Comedy, Animation, Kids",2020-03-07,7.3,0.9146,TV Shows
Ari Shaffir: Double Negative,Comedy,2017-07-18,5.9,0.9327,TV Shows
Datsuryoku News Network,"Reality, Talk",2017-10-06,0.0,0.8912,TV Shows
Daughters of Destiny,Documentary,2017-07-28,6.9,0.7895,TV Shows
Reach You,Reality,2024-12-12,0.0,0.7518,TV Shows
Sue Perkins: Perfectly Legal,Documentary,2022-10-13,4.357,0.8323,TV Shows
Holiday Home Makeover with Mr. Christmas,Reality,2020-11-18,6.6,0.8195,TV Shows
Byron Baes,Reality,2022-03-09,4.2,0.7872,TV Shows
Baby Animal Cam,Documentary,2023-10-12,7.5,0.7721,TV Shows
Baby Gorilla Cam,"Family, Documentary",2023-09-07,10.0,0.8275,TV Shows
Felipe Esparza: Bad Decisions,Comedy,2020-09-01,6.8,0.8815,TV Shows
KPop Demon Hunters Bonus Content,Comedy,2026-03-06,10.0,0.8107,TV Shows
Inside,Reality,,0.0,0.6456,TV Shows
Selling Tampa,Reality,2021-12-15,5.3,1.0124,TV Shows
Rock Bottom,,2008-10-07,0.0,0.9021,TV Shows
"Start Up, Fall Down: From Billionaire to Convict","Documentary, Crime",2025-11-05,6.8,0.9672,TV Shows
Twentysomethings: Austin,Reality,2021-12-10,5.3,0.8115,TV Shows
StoryBots Super Songs,,2016-10-07,5.5,0.9449,TV Shows
Thomas the Tank Engine and Friends,"Kids, Action & Adventure, Animation",2022-02-27,0.0,0.7698,TV Shows
Fary: Hexagone,Comedy,2020-03-12,6.8,0.8342,TV Shows
Southern Survival,Reality,2020-07-03,5.571,0.8867,TV Shows
Last Podcast on the Left,Talk,,0.0,0.8351,TV Shows
Jailbirds New Orleans,"Documentary, Reality",2021-09-24,5.714,0.9132,TV Shows
I Love Filipino,Documentary,2025-06-12,1.0,0.8392,TV Shows
A Lion in the House,Documentary,2006-06-21,7.5,0.7857,TV Shows
Romesh Ranganathan: The Cynic,Comedy,2022-11-29,5.286,0.8114,TV Shows
The Breakfast Club,Talk,2023-04-17,0.0,0.7774,TV Shows
The Vampire Diaries: A Darker Truth,"Sci-Fi & Fantasy, Drama",2009-08-29,5.0,0.7808,TV Shows
el piso es lava,,2020-06-19,0.0,0.6733,TV Shows
Heroji Vukovara,,,0.0,0.6588,TV Shows
最强战士迷你特工队之英雄的诞生,,2021-05-02,0.0,0.8221,TV Shows
How to Be a Cowboy,Reality,2021-09-01,6.0,1.1483,TV Shows
Senzo: Murder of a Soccer Star,"Documentary, Crime",2022-04-07,6.25,0.7805,TV Shows
The Last Hours of Mario Biondo,"Documentary, Crime",2023-08-03,5.75,0.7122,TV Shows
Nailed It! Germany,Reality,2020-01-17,7.3,0.6779,TV Shows
Chhota Bheem Rangda,Kids,2023-04-02,0.0,0.639,TV Shows
Bridgerton: The Official Podcast,Talk,2026-01-29,1.0,0.7826,TV Shows
Pinkfong Little Dino School,"Animation, Kids",2024-07-04,0.0,0.7287,TV Shows
命中注定我爱你,,2021-08-18,0.0,0.8414,TV Shows
Glitch!,,2018-01-01,0.0,0.6535,TV Shows
Say I Do,Reality,2020-07-01,5.2,1.0427,TV Shows
Beast of Bangalore: Indian Predator,"Documentary, Crime",2022-12-16,5.2,1.0344,TV Shows
Catch! Teenieping,"Animation, Kids",2022-06-01,2.0,0.6984,TV Shows
Bid Coin Chef,Reality,2022-07-03,0.0,0.6941,TV Shows
"Wer kann, der kann!",Reality,2020-01-17,0.0,0.6393,TV Shows
Morphle,,2023-07-15,8.2,0.6513,TV Shows
东京审判,,,0.0,0.6617,TV Shows
Blippi's Ultimate Bounce House Challenges,,2024-10-28,0.0,0.6745,TV Shows
湯けむりバスツアー 桜庭さやかの事件簿,,2009-04-27,0.0,0.5955,TV Shows
JDM Legends,Reality,2018-04-17,0.0,0.8059,TV Shows
啦咘啦哆警长大战羚羚羊,Kids,2025-07-22,9.0,0.629,TV Shows
"Storybots Laugh, Learn, Sing","Animation, Kids",2021-11-16,2.0,0.6349,TV Shows
Chhota Bheem aur Gadadhari Bheem,"Animation, Kids",2024-03-07,0.0,0.6238,TV Shows
True: Wonderful Wishes,Animation,2018-06-15,5.5,0.6535,TV Shows
Chhota Bheem: Magic Block Buster,"Kids, Animation",2024-03-07,7.3,0.6203,TV Shows
베이비 주,,2020-01-17,2.0,0.5637,TV Shows
Rabid,Mystery,2021-11-12,0.0,0.5451,TV Shows
Chi era… - Lo show,,2018-07-11,0.0,0.6052,TV Shows
One Night Only,,,0.0,0.5174,TV Shows
Assaf,Animation,2026-02-18,0.0,0.6095,TV Shows
잔망루피,"Animation, Kids",2025-11-01,9.5,0.6096,TV Shows
To My Beautiful Woo Ri,,2019-05-16,2.5,0.5771,TV Shows
World Series Film,Documentary,2020-06-14,0.0,0.6613,TV Shows
乐高城市大冒险,,2022-11-01,0.0,0.5775,TV Shows
Wishbone Kitchen,Talk,2026-08-26,0.0,0.9036,TV Shows
大剑,,2024-08-27,10.0,0.6006,TV Shows
How To Get Rich,Documentary,2023-04-05,0.0,0.508,TV Shows
Crónica de la restauración de un reino,,2021-07-30,0.0,0.5411,TV Shows
Mighty Little Bheem: Diwali,"Comedy, Animation, Kids",2019-10-18,8.4,0.7265,TV Shows
Ellen DeGeneres: Relatable,,2018-12-18,5.667,0.5242,TV Shows
Buried Bones,Talk,2026-02-20,0.0,1.1517,TV Shows
Cien Años de Soledad,,,0.0,0.5581,TV Shows
Chhota Bheem Kirmada,Kids,2023-08-13,0.0,0.5131,TV Shows
Pinkfong Super Rescue Team,"Animation, Kids",2022-11-30,0.0,0.5988,TV Shows
핑크퐁과 체조해요,"Animation, Kids",2016-01-01,0.0,0.5321,TV Shows
Người Hùng Yếu Đuối 2 Full HD Vietsub 2025,,,0.0,0.4751,TV Shows
NASA+ Live on Netflix,,2025-07-31,5.0,0.5551,TV Shows
Dave Chappelle: Equanimity & The Bird Revelation,Comedy,2017-12-31,6.857,0.5357,TV Shows
10-FEET「コリンズ」SPECIAL,,2023-01-10,2.0,0.5235,TV Shows
Pororo & Fairy Tales,"Animation, Kids",2020-08-24,1.0,0.5331,TV Shows
Karma's World Music Videos,"Animation, Kids",2022-02-24,2.5,0.6925,TV Shows
Baby Shark Hospital Play,,2022-11-04,0.0,0.4822,TV Shows
Surviving Death,Documentary,2010-03-04,2.0,0.6567,TV Shows
Highland: Thailand's Marijuana Awakening,Documentary,2017-05-19,5.0,0.5418,TV Shows
Cooked,,2016-02-19,2.0,0.4648,TV Shows
Be;Twin,,2021-11-26,3.0,0.471,TV Shows
Parasyte : Los grises,,2024-04-05,0.0,0.5104,TV Shows
타요의 씽씽극장,"Animation, Kids",2013-08-30,0.0,0.4843,TV Shows
Tale of the Nine Tailed Season 2,,,0.0,0.4648,TV Shows
Spiritual House,,2017-12-29,0.0,0.4621,TV Shows
金枝玉葉,,2001-06-26,2.0,0.8171,TV Shows
东京审判,,2015-09-01,0.0,0.4614,TV Shows
Over the Limit,,,0.0,0.5089,TV Shows
Baby Shark Best Sing-Along Songs,"Animation, Kids",2023-09-23,0.0,0.4519,TV Shows
Five Came Back - The Reference Films,,2021-09-21,0.0,0.4649,TV Shows
Tiny House Nation: Unpacked,,2016-08-06,0.0,0.4554,TV Shows
Bebefinn Dance Time,"Animation, Kids",2024-11-03,0.0,0.4984,TV Shows
The Melon Patch,Kids,,0.0,0.4489,TV Shows
Yankee,,2023-09-05,0.0,0.4195,TV Shows
Pororo Super Super Show,"Animation, Kids",2024-04-01,0.0,0.4413,TV Shows
Tiny House Nation: Back to the Build,,2022-08-01,0.0,0.4242,TV Shows
חיים אחרים,Drama,2010-10-14,0.0,0.4222,TV Shows
下一站幸福,,2024-04-22,0.0,0.4538,TV Shows
Pinkfong Baby Shark  Brooklyn,"Animation, Kids",2020-01-01,10.0,0.6675,TV Shows
Babies 24/7: The Maternity Ward,,2022-11-22,2.0,0.4227,TV Shows
Bebefinn Playtime,"Animation, Kids",2024-03-18,0.0,0.4359,TV Shows
Pinkfong! Baby Shark Sing Along,,2017-01-01,0.0,0.426,TV Shows
WWE Armageddon,,1999-01-01,0.0,0.4375,TV Shows
名侦探柯南主线剧情,,1996-01-08,0.0,0.4514,TV Shows
The Many Deaths of Nora Dalmasso,"Documentary, Crime",2025-06-21,7.5,0.4316,TV Shows
Chi è Jack lo Squartatore,,2020-03-10,0.0,0.4083,TV Shows
再次十八岁,,2024-02-04,0.0,0.4115,TV Shows
Pinkfong Car Mechanic,,2024-01-01,0.0,0.4041,TV Shows
함부로 배우하게,Reality,2016-06-14,0.0,0.426,TV Shows
뮤지컬 레스큐 타요,"Animation, Kids",2023-06-01,0.0,0.4025,TV Shows
